stage,task,seed,repeat,result,success,n_confirmed_success,n_confirmed_failure,n_uncertain,false_positive_caught,n_observe_directives,n_observe_obeyed,obey_rate,n_reason_escalations,n_redundant_obs,resolved_success,resolved_failure,resolved_reason,overtaken,unresolved,commit_events,recovery_events,commit_latency_mean,recovery_latency_mean,same_tool_repeated,finish_claim,false_success_episode,n_picks,wall_s,metrics_source,dir
dev2,0,1,1,success,1,9,1,2,0,3,1,0.333,0,0,0,0,0,2,0,9,1,2.56,1.0,0,success,0,3,1380.9,structured_metrics,/workspace/yjx/workspace/RPent/logs/ovpm_exp/20260915-05:49:24_glm-5.3-flash_armB2_libero_spatial_task_t0_s1_r1
dev2,0,2,2,success,1,5,1,1,0,2,2,1.0,1,0,0,0,1,0,0,5,1,4.6,1.0,0,success,0,1,1591.6,structured_metrics,/workspace/yjx/workspace/RPent/logs/ovpm_exp/20260915-05:55:24_glm-5.3-flash_armB2_libero_spatial_task_t0_s2_r2
dev2,0,3,1,success,1,7,0,1,0,2,2,1.0,1,0,0,0,1,0,0,7,0,3.0,,0,success,0,1,2192.8,structured_metrics,/workspace/yjx/workspace/RPent/logs/ovpm_exp/20260915-05:58:24_glm-5.3-flash_armB2_libero_spatial_task_t0_s3_r1
dev2,0,3,2,success,1,6,0,1,0,2,1,0.5,0,0,0,0,0,1,0,6,0,2.17,,0,success,0,1,2458.4,structured_metrics,/workspace/yjx/workspace/RPent/logs/ovpm_exp/20260915-05:59:54_glm-5.3-flash_armB2_libero_spatial_task_t0_s3_r2
dev2,0,1,3,success,1,5,1,1,0,2,1,0.5,0,0,0,0,0,1,0,5,1,3.0,2.0,0,success,0,1,3025.5,structured_metrics,/workspace/yjx/workspace/RPent/logs/ovpm_exp/20260915-05:52:24_glm-5.3-flash_armB2_libero_spatial_task_t0_s1_r3
dev2,0,2,3,success,1,8,0,2,0,3,1,0.333,0,0,0,0,0,2,0,8,0,3.38,,0,success,0,2,3042.6,structured_metrics,/workspace/yjx/workspace/RPent/logs/ovpm_exp/20260915-05:56:54_glm-5.3-flash_armB2_libero_spatial_task_t0_s2_r3
dev2,0,2,1,success,1,10,0,3,0,4,2,0.5,1,0,0,0,1,2,0,10,0,3.6,,0,success,0,2,3358.4,structured_metrics,/workspace/yjx/workspace/RPent/logs/ovpm_exp/20260915-05:53:54_glm-5.3-flash_armB2_libero_spatial_task_t0_s2_r1
dev2,0,1,2,policy_fail,0,8,5,0,0,0,0,,0,0,0,0,0,0,0,8,5,3.5,1.8,0,,0,1,3587.8,structured_metrics,/workspace/yjx/workspace/RPent/logs/ovpm_exp/20260915-05:50:54_glm-5.3-flash_armB2_libero_spatial_task_t0_s1_r2
dev2,0,4,1,success,1,4,1,2,0,2,0,0.0,0,0,0,0,0,2,0,4,1,2.25,4.0,0,success,0,2,2473.0,structured_metrics,/workspace/yjx/workspace/RPent/logs/ovpm_exp/20260915-06:21:55_glm-5.3-flash_armB2_libero_spatial_task_t0_s4_r1
dev2,0,6,1,success,1,4,0,2,0,3,1,0.333,0,0,0,0,0,2,0,4,0,1.75,,0,success,0,2,1415.5,structured_metrics,/workspace/yjx/workspace/RPent/logs/ovpm_exp/20260915-06:50:42_glm-5.3-flash_armB2_libero_spatial_task_t0_s6_r1
dev2,0,4,2,success,1,7,1,2,0,3,2,0.667,1,0,0,0,1,1,0,7,1,1.67,1.0,0,,0,3,2785.6,structured_metrics,/workspace/yjx/workspace/RPent/logs/ovpm_exp/20260915-06:34:56_glm-5.3-flash_armB2_libero_spatial_task_t0_s4_r2
dev2,0,5,1,success,1,9,0,1,0,1,1,1.0,0,0,1,0,0,0,0,9,0,3.33,,0,success,0,1,2982.6,structured_metrics,/workspace/yjx/workspace/RPent/logs/ovpm_exp/20260915-06:42:49_glm-5.3-flash_armB2_libero_spatial_task_t0_s5_r1
dev2,0,5,2,success,1,9,0,2,0,3,2,0.667,1,0,0,0,1,1,0,9,0,2.33,,0,success,0,1,2859.6,structured_metrics,/workspace/yjx/workspace/RPent/logs/ovpm_exp/20260915-06:47:36_glm-5.3-flash_armB2_libero_spatial_task_t0_s5_r2
dev2,0,6,2,success,1,6,1,1,0,2,1,0.5,0,0,0,0,0,1,0,6,1,1.83,11.0,0,success,0,1,2114.9,structured_metrics,/workspace/yjx/workspace/RPent/logs/ovpm_exp/20260915-07:03:08_glm-5.3-flash_armB2_libero_spatial_task_t0_s6_r2
dev2,0,4,3,success,1,0,0,0,0,0,0,,0,0,0,0,0,0,0,0,0,,,0,,0,0,3688.8,transcript_replay,/workspace/yjx/workspace/RPent/logs/ovpm_exp/20260915-06:40:52_glm-5.3-flash_armB2_libero_spatial_task_t0_s4_r3
dev2,0,6,3,success,1,7,1,2,0,3,1,0.333,0,0,0,0,0,2,0,7,1,3.0,1.0,0,success,0,2,2003.2,structured_metrics,/workspace/yjx/workspace/RPent/logs/ovpm_exp/20260915-07:13:54_glm-5.3-flash_armB2_libero_spatial_task_t0_s6_r3
dev2,0,7,2,success,1,5,0,1,0,2,1,0.5,0,0,0,0,0,1,0,5,0,2.4,,0,success,0,1,1827.9,structured_metrics,/workspace/yjx/workspace/RPent/logs/ovpm_exp/20260915-07:21:22_glm-5.3-flash_armB2_libero_spatial_task_t0_s7_r2
dev2,0,7,1,success,1,9,1,2,0,2,0,0.0,0,0,0,0,0,2,0,9,1,3.11,2.0,0,success,0,1,2530.7,structured_metrics,/workspace/yjx/workspace/RPent/logs/ovpm_exp/20260915-07:14:17_glm-5.3-flash_armB2_libero_spatial_task_t0_s7_r1
dev2,0,7,3,success,1,7,0,1,0,2,1,0.5,0,0,0,0,0,1,0,7,0,2.71,,0,success,0,1,2087.3,structured_metrics,/workspace/yjx/workspace/RPent/logs/ovpm_exp/20260915-07:32:32_glm-5.3-flash_armB2_libero_spatial_task_t0_s7_r3
dev2,0,8,2,success,1,5,0,1,0,2,2,1.0,1,0,0,0,1,0,0,5,0,2.2,,0,success,0,1,1822.1,structured_metrics,/workspace/yjx/workspace/RPent/logs/ovpm_exp/20260915-07:38:23_glm-5.3-flash_armB2_libero_spatial_task_t0_s8_r2
dev2,0,10,1,success,1,3,0,1,0,1,0,0.0,0,0,0,0,0,1,0,3,0,1.67,,0,success,0,2,838.7,structured_metrics,/workspace/yjx/workspace/RPent/logs/ovpm_exp/20260915-07:56:28_glm-5.3-flash_armB2_libero_spatial_task_t0_s10_r1
dev2,0,9,3,success,1,4,0,1,0,1,0,0.0,0,0,0,0,0,1,0,4,0,3.0,,0,success,0,2,1637.1,structured_metrics,/workspace/yjx/workspace/RPent/logs/ovpm_exp/20260915-07:51:50_glm-5.3-flash_armB2_libero_spatial_task_t0_s9_r3
dev2,0,9,2,success,1,6,0,1,0,2,1,0.5,0,0,0,0,0,1,0,6,0,2.83,,0,success,0,1,1985.7,structured_metrics,/workspace/yjx/workspace/RPent/logs/ovpm_exp/20260915-07:51:29_glm-5.3-flash_armB2_libero_spatial_task_t0_s9_r2
dev2,0,8,3,success,1,7,0,2,0,3,1,0.333,0,0,0,0,0,2,0,7,0,3.8,,0,,0,2,3007.9,structured_metrics,/workspace/yjx/workspace/RPent/logs/ovpm_exp/20260915-07:42:21_glm-5.3-flash_armB2_libero_spatial_task_t0_s8_r3
dev2,0,8,1,success,1,8,0,2,0,3,1,0.333,0,0,0,0,0,2,0,8,0,3.12,,0,success,0,2,3503.9,structured_metrics,/workspace/yjx/workspace/RPent/logs/ovpm_exp/20260915-07:35:16_glm-5.3-flash_armB2_libero_spatial_task_t0_s8_r1
dev2,0,10,3,success,1,6,0,1,0,2,1,0.5,0,0,0,0,0,1,0,6,0,2.17,,0,success,0,1,1521.3,structured_metrics,/workspace/yjx/workspace/RPent/logs/ovpm_exp/20260915-08:08:45_glm-5.3-flash_armB2_libero_spatial_task_t0_s10_r3
dev2,7,1,3,success,1,6,0,1,0,1,0,0.0,0,0,0,0,0,1,0,6,0,3.5,,0,success,0,1,2546.8,structured_metrics,/workspace/yjx/workspace/RPent/logs/ovpm_exp/20260915-08:24:35_glm-5.3-flash_armB2_libero_spatial_task_t7_s1_r3
dev2,0,10,2,success,1,0,0,0,0,0,0,,0,0,0,0,0,0,0,0,0,,,0,,0,0,3727.3,transcript_replay,/workspace/yjx/workspace/RPent/logs/ovpm_exp/20260915-08:07:19_glm-5.3-flash_armB2_libero_spatial_task_t0_s10_r2
dev2,7,2,2,policy_fail,0,10,0,2,0,3,2,0.667,1,0,0,0,1,1,0,10,0,3.0,,0,,0,1,2736.1,structured_metrics,/workspace/yjx/workspace/RPent/logs/ovpm_exp/20260915-08:33:40_glm-5.3-flash_armB2_libero_spatial_task_t7_s2_r2
dev2,7,1,2,success,1,0,0,0,0,0,0,,0,0,0,0,0,0,0,0,0,,,0,,0,0,3694.4,transcript_replay,/workspace/yjx/workspace/RPent/logs/ovpm_exp/20260915-08:19:07_glm-5.3-flash_armB2_libero_spatial_task_t7_s1_r2
dev2,7,2,3,success,1,7,1,2,0,4,3,0.75,1,0,0,0,1,1,0,7,1,3.86,1.0,0,success,0,2,3340.3,structured_metrics,/workspace/yjx/workspace/RPent/logs/ovpm_exp/20260915-08:34:07_glm-5.3-flash_armB2_libero_spatial_task_t7_s2_r3
dev2,7,3,2,success,1,6,0,1,0,2,1,0.5,0,0,0,0,0,1,0,6,0,3.33,,0,success,0,1,2399.0,structured_metrics,/workspace/yjx/workspace/RPent/logs/ovpm_exp/20260915-09:07:01_glm-5.3-flash_armB2_libero_spatial_task_t7_s3_r2
dev2,7,4,3,success,1,7,0,1,0,2,2,1.0,1,0,0,0,1,0,0,7,0,2.71,,0,success,0,1,2571.7,structured_metrics,/workspace/yjx/workspace/RPent/logs/ovpm_exp/20260915-09:20:42_glm-5.3-flash_armB2_libero_spatial_task_t7_s4_r3
dev2,7,4,2,success,1,5,1,1,0,2,1,0.5,0,0,0,0,0,1,0,5,1,2.4,5.0,0,success,0,1,2740.7,structured_metrics,/workspace/yjx/workspace/RPent/logs/ovpm_exp/20260915-09:19:16_glm-5.3-flash_armB2_libero_spatial_task_t7_s4_r2
dev2,7,4,1,success,1,7,0,1,0,2,2,1.0,1,0,0,0,1,0,0,7,0,3.57,,0,success,0,1,3190.6,structured_metrics,/workspace/yjx/workspace/RPent/logs/ovpm_exp/20260915-09:11:58_glm-5.3-flash_armB2_libero_spatial_task_t7_s4_r1
dev2,7,5,3,success,1,4,1,2,0,3,2,0.667,1,0,0,0,1,1,0,4,1,3.0,2.0,0,success,0,2,1826.4,structured_metrics,/workspace/yjx/workspace/RPent/logs/ovpm_exp/20260915-09:47:00_glm-5.3-flash_armB2_libero_spatial_task_t7_s5_r3
dev2,7,7,1,success,1,4,0,1,0,1,0,0.0,0,0,0,0,0,1,0,4,0,3.25,,0,success,0,1,1111.2,structured_metrics,/workspace/yjx/workspace/RPent/logs/ovpm_exp/20260915-10:05:09_glm-5.3-flash_armB2_libero_spatial_task_t7_s7_r1
dev2,7,5,1,success,1,7,1,1,0,2,2,1.0,1,0,0,0,1,0,0,7,1,3.71,8.0,0,success,0,1,3437.0,structured_metrics,/workspace/yjx/workspace/RPent/logs/ovpm_exp/20260915-09:29:47_glm-5.3-flash_armB2_libero_spatial_task_t7_s5_r1
dev2,7,5,2,success,1,7,2,1,0,2,1,0.5,0,0,0,0,0,1,0,7,2,2.43,2.0,0,success,0,1,3322.7,structured_metrics,/workspace/yjx/workspace/RPent/logs/ovpm_exp/20260915-09:33:59_glm-5.3-flash_armB2_libero_spatial_task_t7_s5_r2
dev2,7,6,2,success,1,8,0,1,0,2,1,0.5,0,0,0,0,0,1,0,8,0,4.12,,0,success,0,1,1916.6,structured_metrics,/workspace/yjx/workspace/RPent/logs/ovpm_exp/20260915-10:03:33_glm-5.3-flash_armB2_libero_spatial_task_t7_s6_r2
dev2,7,6,1,success,1,6,1,1,0,2,2,1.0,1,0,0,0,1,0,0,6,1,2.17,1.0,0,success,0,1,2758.6,structured_metrics,/workspace/yjx/workspace/RPent/logs/ovpm_exp/20260915-09:50:41_glm-5.3-flash_armB2_libero_spatial_task_t7_s6_r1
dev2,7,7,3,success,1,4,0,1,0,2,2,1.0,1,0,0,0,1,0,0,4,0,1.5,,0,success,0,1,1479.5,structured_metrics,/workspace/yjx/workspace/RPent/logs/ovpm_exp/20260915-10:17:27_glm-5.3-flash_armB2_libero_spatial_task_t7_s7_r3
dev2,7,6,3,success,1,8,0,2,0,2,0,0.0,0,0,0,0,0,2,0,8,0,3.25,,0,success,0,2,2508.4,structured_metrics,/workspace/yjx/workspace/RPent/logs/ovpm_exp/20260915-10:04:57_glm-5.3-flash_armB2_libero_spatial_task_t7_s6_r3
dev2,7,8,1,success,1,5,0,2,0,2,0,0.0,0,0,0,0,0,1,1,5,0,3.6,,0,success,0,2,2007.4,structured_metrics,/workspace/yjx/workspace/RPent/logs/ovpm_exp/20260915-10:23:40_glm-5.3-flash_armB2_libero_spatial_task_t7_s8_r1
dev2,7,9,2,success,1,6,0,1,0,1,0,0.0,0,0,0,0,0,1,0,6,0,2.83,,0,success,0,1,1418.2,structured_metrics,/workspace/yjx/workspace/RPent/logs/ovpm_exp/20260915-10:36:40_glm-5.3-flash_armB2_libero_spatial_task_t7_s9_r2
dev2,7,8,3,success,1,7,0,1,0,2,1,0.5,0,0,0,0,0,1,0,7,0,3.43,,0,success,0,1,2546.9,structured_metrics,/workspace/yjx/workspace/RPent/logs/ovpm_exp/20260915-10:29:21_glm-5.3-flash_armB2_libero_spatial_task_t7_s8_r3
dev2,7,10,1,success,1,7,0,1,0,1,0,0.0,0,0,0,0,0,1,0,7,0,3.0,,0,success,0,1,1902.3,structured_metrics,/workspace/yjx/workspace/RPent/logs/ovpm_exp/20260915-10:46:45_glm-5.3-flash_armB2_libero_spatial_task_t7_s10_r1
dev2,7,10,2,success,1,4,0,0,0,0,0,,0,0,0,0,0,0,0,4,0,2.5,,0,success,0,1,1358.2,structured_metrics,/workspace/yjx/workspace/RPent/logs/ovpm_exp/20260915-10:57:08_glm-5.3-flash_armB2_libero_spatial_task_t7_s10_r2
dev2,7,9,1,success,1,7,0,2,0,3,2,0.667,1,0,0,0,1,1,0,7,0,3.57,,0,success,0,2,2680.4,structured_metrics,/workspace/yjx/workspace/RPent/logs/ovpm_exp/20260915-10:35:30_glm-5.3-flash_armB2_libero_spatial_task_t7_s9_r1
dev2,7,8,2,success,1,7,2,1,0,2,2,1.0,1,0,0,0,1,0,0,7,2,3.43,1.0,0,success,0,1,3651.0,structured_metrics,/workspace/yjx/workspace/RPent/logs/ovpm_exp/20260915-10:27:04_glm-5.3-flash_armB2_libero_spatial_task_t7_s8_r2
dev2,9,1,1,success,1,6,0,1,0,2,1,0.5,0,0,0,0,0,1,0,6,0,3.33,,0,success,0,1,2771.5,structured_metrics,/workspace/yjx/workspace/RPent/logs/ovpm_exp/20260915-11:11:48_glm-5.3-flash_armB2_libero_spatial_task_t9_s1_r1
dev2,7,10,3,success,1,8,0,1,0,1,0,0.0,0,0,0,0,0,1,0,8,0,3.75,,0,success,0,1,3507.2,structured_metrics,/workspace/yjx/workspace/RPent/logs/ovpm_exp/20260915-11:00:18_glm-5.3-flash_armB2_libero_spatial_task_t7_s10_r3
dev2,9,2,2,policy_fail,0,7,0,2,0,3,2,0.667,1,0,0,0,1,1,0,7,0,2.83,,0,,0,1,2517.3,structured_metrics,/workspace/yjx/workspace/RPent/logs/ovpm_exp/20260915-11:20:10_glm-5.3-flash_armB2_libero_spatial_task_t9_s2_r2
dev2,9,2,1,success,1,6,0,1,0,2,2,1.0,1,0,0,0,1,0,0,6,0,2.83,,0,success,0,1,2720.8,structured_metrics,/workspace/yjx/workspace/RPent/logs/ovpm_exp/20260915-11:19:46_glm-5.3-flash_armB2_libero_spatial_task_t9_s2_r1
dev2,9,1,2,success,1,9,0,2,0,3,2,0.667,1,0,0,0,1,1,0,9,0,3.44,,0,success,0,2,3533.7,structured_metrics,/workspace/yjx/workspace/RPent/logs/ovpm_exp/20260915-11:12:33_glm-5.3-flash_armB2_libero_spatial_task_t9_s1_r2
dev2,9,1,3,policy_fail,0,8,0,2,0,2,0,0.0,0,0,0,0,0,2,0,8,0,1.0,,0,,0,2,3231.7,structured_metrics,/workspace/yjx/workspace/RPent/logs/ovpm_exp/20260915-11:18:27_glm-5.3-flash_armB2_libero_spatial_task_t9_s1_r3
dev2,9,2,3,policy_fail,0,8,1,2,0,3,1,0.333,0,0,0,0,0,2,0,8,1,2.88,,0,,0,2,2723.8,structured_metrics,/workspace/yjx/workspace/RPent/logs/ovpm_exp/20260915-11:27:55_glm-5.3-flash_armB2_libero_spatial_task_t9_s2_r3
dev2,9,3,1,success,1,6,0,1,0,2,2,1.0,1,0,0,0,1,0,0,6,0,2.5,,0,success,0,1,1987.4,structured_metrics,/workspace/yjx/workspace/RPent/logs/ovpm_exp/20260915-11:44:15_glm-5.3-flash_armB2_libero_spatial_task_t9_s3_r1
dev2,9,3,3,success,1,8,1,2,0,2,0,0.0,0,0,0,0,0,2,0,8,1,3.25,2.0,0,success,0,3,2610.7,structured_metrics,/workspace/yjx/workspace/RPent/logs/ovpm_exp/20260915-11:58:45_glm-5.3-flash_armB2_libero_spatial_task_t9_s3_r3
dev2,9,5,1,success,1,8,0,1,0,2,1,0.5,0,0,0,0,0,1,0,8,0,2.62,,0,success,0,1,1962.3,structured_metrics,/workspace/yjx/workspace/RPent/logs/ovpm_exp/20260915-12:12:19_glm-5.3-flash_armB2_libero_spatial_task_t9_s5_r1
dev2,9,4,3,success,1,6,0,1,0,2,2,1.0,1,0,0,0,1,0,0,6,0,2.67,,0,success,0,1,2334.3,structured_metrics,/workspace/yjx/workspace/RPent/logs/ovpm_exp/20260915-12:11:26_glm-5.3-flash_armB2_libero_spatial_task_t9_s4_r3
dev2,9,5,3,success,1,8,0,1,0,2,1,0.5,0,0,0,0,0,1,0,8,0,3.0,,0,success,0,1,2013.0,structured_metrics,/workspace/yjx/workspace/RPent/logs/ovpm_exp/20260915-12:17:22_glm-5.3-flash_armB2_libero_spatial_task_t9_s5_r3
dev2,9,3,2,policy_fail,0,11,0,4,0,4,0,0.0,0,0,0,0,0,4,0,11,0,5.3,,0,,0,2,3626.3,structured_metrics,/workspace/yjx/workspace/RPent/logs/ovpm_exp/20260915-11:58:00_glm-5.3-flash_armB2_libero_spatial_task_t9_s3_r2
dev2,9,4,1,policy_fail,0,9,1,2,0,2,1,0.5,0,0,1,0,0,1,0,9,1,2.88,1.0,0,,0,2,3508.7,structured_metrics,/workspace/yjx/workspace/RPent/logs/ovpm_exp/20260915-12:02:08_glm-5.3-flash_armB2_libero_spatial_task_t9_s4_r1
dev2,9,5,2,success,1,9,0,1,0,2,2,1.0,1,0,0,0,1,0,0,9,0,3.11,,0,success,0,1,2896.5,structured_metrics,/workspace/yjx/workspace/RPent/logs/ovpm_exp/20260915-12:13:19_glm-5.3-flash_armB2_libero_spatial_task_t9_s5_r2
dev2,9,4,2,success,1,0,0,0,0,0,0,,0,0,0,0,0,0,0,0,0,,,0,,0,0,3687.8,transcript_replay,/workspace/yjx/workspace/RPent/logs/ovpm_exp/20260915-12:05:07_glm-5.3-flash_armB2_libero_spatial_task_t9_s4_r2
dev2,9,6,2,policy_fail,0,6,1,2,0,2,0,0.0,0,0,0,0,0,2,0,6,1,3.17,,0,,0,2,3052.1,structured_metrics,/workspace/yjx/workspace/RPent/logs/ovpm_exp/20260915-12:45:01_glm-5.3-flash_armB2_libero_spatial_task_t9_s6_r2
dev2,9,6,1,policy_fail,0,8,1,4,0,5,1,0.2,0,0,0,0,0,4,0,8,1,1.0,2.0,0,,0,4,3306.6,structured_metrics,/workspace/yjx/workspace/RPent/logs/ovpm_exp/20260915-12:42:16_glm-5.3-flash_armB2_libero_spatial_task_t9_s6_r1
dev2,9,7,1,policy_fail,0,6,0,2,0,2,0,0.0,0,0,0,0,0,2,0,6,0,2.0,,0,,0,2,2844.9,structured_metrics,/workspace/yjx/workspace/RPent/logs/ovpm_exp/20260915-12:50:55_glm-5.3-flash_armB2_libero_spatial_task_t9_s7_r1
dev2,9,8,1,success,1,6,0,1,0,2,2,1.0,1,0,0,0,1,0,0,6,0,2.83,,0,success,0,1,2217.8,structured_metrics,/workspace/yjx/workspace/RPent/logs/ovpm_exp/20260915-13:01:35_glm-5.3-flash_armB2_libero_spatial_task_t9_s8_r1
dev2,9,6,3,success,1,9,1,2,0,3,2,0.667,1,0,0,0,1,1,0,9,1,3.22,1.0,0,success,0,3,3160.5,structured_metrics,/workspace/yjx/workspace/RPent/logs/ovpm_exp/20260915-12:50:21_glm-5.3-flash_armB2_libero_spatial_task_t9_s6_r3
dev2,9,7,3,success,1,6,0,1,0,1,0,0.0,0,0,0,0,0,1,0,6,0,3.67,,0,success,0,1,2715.1,structured_metrics,/workspace/yjx/workspace/RPent/logs/ovpm_exp/20260915-13:00:36_glm-5.3-flash_armB2_libero_spatial_task_t9_s7_r3
dev2,9,8,2,success,1,8,0,1,0,2,1,0.5,0,0,0,0,0,1,0,8,0,4.12,,0,success,0,1,2728.2,structured_metrics,/workspace/yjx/workspace/RPent/logs/ovpm_exp/20260915-13:06:34_glm-5.3-flash_armB2_libero_spatial_task_t9_s8_r2
dev2,9,9,3,success,1,8,0,2,0,3,2,0.667,1,0,0,0,1,1,0,8,0,2.5,,0,success,0,2,2431.2,structured_metrics,/workspace/yjx/workspace/RPent/logs/ovpm_exp/20260915-13:38:33_glm-5.3-flash_armB2_libero_spatial_task_t9_s9_r3
dev2,9,9,2,policy_fail,0,7,2,2,0,3,2,0.667,1,0,0,0,1,1,0,7,2,2.14,1.5,0,failure,0,3,2815.5,structured_metrics,/workspace/yjx/workspace/RPent/logs/ovpm_exp/20260915-13:38:20_glm-5.3-flash_armB2_libero_spatial_task_t9_s9_r2
dev2,9,8,3,policy_fail,0,11,0,3,0,4,1,0.25,0,0,0,0,0,3,0,11,0,2.0,,0,,0,3,3364.1,structured_metrics,/workspace/yjx/workspace/RPent/logs/ovpm_exp/20260915-13:35:54_glm-5.3-flash_armB2_libero_spatial_task_t9_s8_r3
dev2,9,10,2,success,1,8,1,2,0,3,1,0.333,0,0,0,0,0,2,0,8,1,5.71,1.0,0,,0,3,3222.4,structured_metrics,/workspace/yjx/workspace/RPent/logs/ovpm_exp/20260915-13:45:52_glm-5.3-flash_armB2_libero_spatial_task_t9_s10_r2
dev2,0,5,3,policy_fail,0,4,0,1,0,2,1,0.5,0,0,0,0,0,1,0,4,0,3.0,,0,,0,1,1734.5,structured_metrics,/workspace/yjx/workspace/RPent/logs/ovpm_exp/20260915-14:19:04_glm-5.3-flash_armB2_libero_spatial_task_t0_s5_r3
dev2,0,9,1,success,1,8,0,2,0,2,0,0.0,0,0,0,0,0,2,0,8,0,3.5,,0,success,0,2,2547.9,structured_metrics,/workspace/yjx/workspace/RPent/logs/ovpm_exp/20260915-14:25:16_glm-5.3-flash_armB2_libero_spatial_task_t0_s9_r1
dev2,7,3,1,success,1,7,0,1,0,2,2,1.0,1,0,0,0,1,0,0,7,0,2.29,,0,success,0,1,2448.4,structured_metrics,/workspace/yjx/workspace/RPent/logs/ovpm_exp/20260915-14:39:34_glm-5.3-flash_armB2_libero_spatial_task_t7_s3_r1
dev2,7,9,3,policy_fail,0,11,0,4,0,4,0,0.0,0,0,0,0,0,4,0,11,0,3.9,,0,,0,2,2949.5,structured_metrics,/workspace/yjx/workspace/RPent/logs/ovpm_exp/20260915-14:53:36_glm-5.3-flash_armB2_libero_spatial_task_t7_s9_r3
dev2,7,7,2,success,1,9,0,1,0,2,2,1.0,1,0,0,0,1,0,0,9,0,4.11,,0,success,0,1,3573.1,structured_metrics,/workspace/yjx/workspace/RPent/logs/ovpm_exp/20260915-14:47:59_glm-5.3-flash_armB2_libero_spatial_task_t7_s7_r2
dev2,9,7,2,success,1,8,0,3,0,4,2,0.5,1,0,0,0,1,2,0,8,0,3.38,,0,success,0,3,2963.3,structured_metrics,/workspace/yjx/workspace/RPent/logs/ovpm_exp/20260915-15:01:23_glm-5.3-flash_armB2_libero_spatial_task_t9_s7_r2
dev2,9,9,1,success,1,8,0,1,0,2,1,0.5,0,0,0,0,0,1,0,8,0,2.75,,0,success,0,1,2608.3,structured_metrics,/workspace/yjx/workspace/RPent/logs/ovpm_exp/20260915-15:07:44_glm-5.3-flash_armB2_libero_spatial_task_t9_s9_r1
dev2,9,10,1,success,1,8,0,1,0,2,2,1.0,1,0,0,0,1,0,0,8,0,2.62,,0,success,0,1,2555.4,structured_metrics,/workspace/yjx/workspace/RPent/logs/ovpm_exp/20260915-15:20:22_glm-5.3-flash_armB2_libero_spatial_task_t9_s10_r1
dev2,0,3,3,success,1,8,0,1,0,2,1,0.5,0,0,0,0,0,1,0,8,0,2.75,,0,success,0,1,2154.8,structured_metrics,/workspace/yjx/workspace/RPent/logs/ovpm_exp/20260915-15:40:25_glm-5.3-flash_armB2_libero_spatial_task_t0_s3_r3
dev2,9,10,3,success,1,7,0,2,0,3,1,0.333,0,0,0,0,0,2,0,7,0,3.29,,0,success,0,1,2697.5,structured_metrics,/workspace/yjx/workspace/RPent/logs/ovpm_exp/20260915-15:33:25_glm-5.3-flash_armB2_libero_spatial_task_t9_s10_r3
dev2,7,1,1,policy_fail,0,13,0,3,0,4,1,0.25,0,0,0,0,0,3,0,13,0,2.33,,0,,0,1,2364.0,structured_metrics,/workspace/yjx/workspace/RPent/logs/ovpm_exp/20260915-15:42:45_glm-5.3-flash_armB2_libero_spatial_task_t7_s1_r1
dev2,7,3,3,success,1,9,0,2,0,3,1,0.333,0,0,0,0,0,2,0,9,0,3.33,,0,success,0,2,2190.5,structured_metrics,/workspace/yjx/workspace/RPent/logs/ovpm_exp/20260915-15:47:32_glm-5.3-flash_armB2_libero_spatial_task_t7_s3_r3
dev2,7,2,1,policy_fail,0,10,2,3,0,5,3,0.6,0,0,0,1,0,2,0,10,2,3.2,1.5,0,failure,0,2,2407.9,structured_metrics,/workspace/yjx/workspace/RPent/logs/ovpm_exp/20260915-15:46:02_glm-5.3-flash_armB2_libero_spatial_task_t7_s2_r1
