src,cond,task,seed,repeat,result,run_id,n_turns,n_picks,picks_held,n_release,rel_term,first_hold_pick,n_moves,finish_status
pg,baseline,0,1,1,policy_fail,20260812-23:39:42_libero_spatial_task_t0_s1,11,0,0,0,False,,0,
pg,baseline,0,1,2,policy_fail,20260814-19:05:48_baseline_libero_spatial_task_t0_s1_r2,40,1,1,0,False,1,6,
pg,baseline,0,1,3,policy_fail,20260814-19:05:48_baseline_libero_spatial_task_t0_s1_r3,21,0,0,0,False,,0,
pg,hardcap,0,1,2,policy_fail,20260817-16:09:57_hardcap_libero_spatial_task_t0_s1_r2,40,1,1,1,False,1,8,
pg,hardcap,0,1,3,success,20260817-16:09:57_hardcap_libero_spatial_task_t0_s1_r3,37,1,1,1,False,1,7,success
pg,hardcap,0,1,1,policy_fail,20260817-16:09:57_hardcap_libero_spatial_task_t0_s1_r1,40,1,1,0,False,1,6,
pg,ours,0,1,2,policy_fail,20260817-13:51:45_ours_libero_spatial_task_t0_s1_r2,40,0,0,0,False,,3,
pg,ours,0,1,3,policy_fail,20260817-13:51:45_ours_libero_spatial_task_t0_s1_r3,40,1,1,0,False,1,4,
pg,ours,0,1,1,policy_fail,20260817-13:51:45_ours_libero_spatial_task_t0_s1_r1,40,1,1,1,False,1,9,
sm,structured,0,1,1,policy_fail,20260818-15:51:59_structured_libero_spatial_task_t0_s1_r1,12,0,0,0,False,,2,
pg,baseline,0,10,1,success,20260813-13:10:45_libero_spatial_task_t0_s10,30,1,1,1,True,1,7,success
pg,baseline,0,10,2,success,20260814-21:04:45_baseline_libero_spatial_task_t0_s10_r2,30,1,1,1,True,1,7,success
pg,baseline,0,10,3,success,20260814-21:06:12_baseline_libero_spatial_task_t0_s10_r3,40,1,1,1,True,1,6,success
pg,hardcap,0,10,1,success,20260817-16:50:31_hardcap_libero_spatial_task_t0_s10_r1,31,1,1,1,True,1,6,success
pg,hardcap,0,10,3,success,20260817-16:51:56_hardcap_libero_spatial_task_t0_s10_r3,40,1,1,1,True,1,6,
pg,hardcap,0,10,2,success,20260817-16:51:54_hardcap_libero_spatial_task_t0_s10_r2,40,2,2,1,False,1,8,
pg,ours,0,10,3,policy_fail,20260817-14:25:13_ours_libero_spatial_task_t0_s10_r3,40,1,1,1,False,1,7,
pg,ours,0,10,2,policy_fail,20260817-14:25:07_ours_libero_spatial_task_t0_s10_r2,40,1,1,1,False,1,4,
pg,ours,0,10,1,policy_fail,20260817-14:24:50_ours_libero_spatial_task_t0_s10_r1,40,1,1,1,False,1,7,
sm,structured,0,10,1,success,20260818-16:02:01_structured_libero_spatial_task_t0_s10_r1,24,1,1,1,True,1,5,success
pg,baseline,0,2,1,policy_fail,20260812-23:47:59_libero_spatial_task_t0_s2,40,1,1,1,False,1,6,
pg,baseline,0,2,2,policy_fail,20260814-19:19:20_baseline_libero_spatial_task_t0_s2_r2,40,1,1,1,False,1,5,
pg,baseline,0,2,3,success,20260814-19:21:22_baseline_libero_spatial_task_t0_s2_r3,40,1,1,1,True,1,6,
pg,hardcap,0,2,1,success,20260817-16:09:57_hardcap_libero_spatial_task_t0_s2_r1,39,1,1,1,True,1,7,success
pg,hardcap,0,2,3,success,20260817-16:09:57_hardcap_libero_spatial_task_t0_s2_r3,36,1,1,1,True,1,6,success
pg,hardcap,0,2,2,policy_fail,20260817-16:09:57_hardcap_libero_spatial_task_t0_s2_r2,40,2,2,0,False,1,7,
pg,ours,0,2,3,policy_fail,20260817-13:51:45_ours_libero_spatial_task_t0_s2_r3,18,0,0,0,False,,0,
pg,ours,0,2,2,policy_fail,20260817-13:51:45_ours_libero_spatial_task_t0_s2_r2,40,1,1,1,False,1,6,
pg,ours,0,2,1,policy_fail,20260817-13:51:45_ours_libero_spatial_task_t0_s2_r1,40,1,1,0,False,1,5,
sm,structured,0,2,1,success,20260818-15:51:59_structured_libero_spatial_task_t0_s2_r1,40,2,2,1,False,1,4,
pg,baseline,0,3,1,policy_fail,20260812-23:58:33_libero_spatial_task_t0_s3,40,1,1,1,False,1,6,
pg,baseline,0,3,2,policy_fail,20260814-19:31:03_baseline_libero_spatial_task_t0_s3_r2,40,1,1,0,False,1,3,
pg,baseline,0,3,3,policy_fail,20260814-19:31:14_baseline_libero_spatial_task_t0_s3_r3,40,1,1,0,False,1,8,
pg,hardcap,0,3,1,success,20260817-16:09:57_hardcap_libero_spatial_task_t0_s3_r1,35,1,1,1,True,1,5,success
pg,hardcap,0,3,2,success,20260817-16:09:57_hardcap_libero_spatial_task_t0_s3_r2,32,1,1,1,True,1,7,success
pg,hardcap,0,3,3,success,20260817-16:20:16_hardcap_libero_spatial_task_t0_s3_r3,33,1,1,1,True,1,6,success
pg,ours,0,3,2,policy_fail,20260817-13:51:45_ours_libero_spatial_task_t0_s3_r2,40,1,1,0,False,1,9,
pg,ours,0,3,1,policy_fail,20260817-13:51:45_ours_libero_spatial_task_t0_s3_r1,40,2,2,1,False,1,9,
pg,ours,0,3,3,success,20260817-14:00:33_ours_libero_spatial_task_t0_s3_r3,36,1,1,1,True,1,6,success
sm,structured,0,3,1,success,20260818-15:51:59_structured_libero_spatial_task_t0_s3_r1,22,1,1,1,False,1,6,success
pg,baseline,0,4,1,policy_fail,20260813-12:55:29_libero_spatial_task_t0_s4,40,1,1,1,False,1,7,
pg,baseline,0,4,2,policy_fail,20260814-19:43:36_baseline_libero_spatial_task_t0_s4_r2,40,1,1,1,False,1,5,
pg,baseline,0,4,3,policy_fail,20260814-19:44:42_baseline_libero_spatial_task_t0_s4_r3,40,1,1,1,False,1,6,
pg,hardcap,0,4,1,policy_fail,20260817-16:22:28_hardcap_libero_spatial_task_t0_s4_r1,40,2,2,1,False,1,7,
pg,hardcap,0,4,3,policy_fail,20260817-16:24:39_hardcap_libero_spatial_task_t0_s4_r3,40,1,1,1,False,1,8,
pg,hardcap,0,4,2,policy_fail,20260817-16:24:25_hardcap_libero_spatial_task_t0_s4_r2,40,2,1,1,False,2,11,
pg,ours,0,4,2,policy_fail,20260817-14:00:55_ours_libero_spatial_task_t0_s4_r2,40,1,1,0,False,1,7,
pg,ours,0,4,1,policy_fail,20260817-14:00:40_ours_libero_spatial_task_t0_s4_r1,40,1,1,2,False,1,6,
pg,ours,0,4,3,policy_fail,20260817-14:02:07_ours_libero_spatial_task_t0_s4_r3,40,1,1,1,False,1,5,
sm,structured,0,4,1,policy_fail,20260818-15:51:59_structured_libero_spatial_task_t0_s4_r1,40,2,2,1,False,1,11,
pg,baseline,0,5,1,policy_fail,20260813-12:58:33_libero_spatial_task_t0_s5,40,2,2,1,False,1,8,
pg,baseline,0,5,2,success,20260814-19:57:23_baseline_libero_spatial_task_t0_s5_r2,31,1,1,1,False,1,7,success
pg,baseline,0,5,3,policy_fail,20260814-19:58:01_baseline_libero_spatial_task_t0_s5_r3,40,1,1,1,False,1,8,
sm,baseline,0,5,2,success,20260818-16:35:53_baseline_libero_spatial_task_t0_s5_r2,35,1,1,1,True,1,7,success
pg,hardcap,0,5,3,success,20260817-16:26:02_hardcap_libero_spatial_task_t0_s5_r3,34,1,1,1,True,1,6,success
pg,hardcap,0,5,1,policy_fail,20260817-16:24:41_hardcap_libero_spatial_task_t0_s5_r1,40,1,1,1,False,1,9,
pg,hardcap,0,5,2,policy_fail,20260817-16:26:02_hardcap_libero_spatial_task_t0_s5_r2,40,2,1,2,False,1,9,
pg,ours,0,5,1,success,20260817-14:02:52_ours_libero_spatial_task_t0_s5_r1,29,1,1,1,True,1,5,success
pg,ours,0,5,2,success,20260817-14:03:31_ours_libero_spatial_task_t0_s5_r2,40,1,1,1,True,1,4,success
pg,ours,0,5,3,success,20260817-14:04:08_ours_libero_spatial_task_t0_s5_r3,40,1,1,1,True,1,6,
sm,structured,0,5,1,success,20260818-15:51:59_structured_libero_spatial_task_t0_s5_r1,21,2,2,0,False,1,4,success
pg,baseline,0,6,1,success,20260813-13:01:06_libero_spatial_task_t0_s6,40,1,1,1,True,1,7,success
pg,baseline,0,6,3,success,20260814-20:11:57_baseline_libero_spatial_task_t0_s6_r3,34,1,1,1,True,1,6,success
pg,baseline,0,6,2,policy_fail,20260814-20:10:51_baseline_libero_spatial_task_t0_s6_r2,40,1,1,1,False,1,9,
pg,hardcap,0,6,1,success,20260817-16:26:34_hardcap_libero_spatial_task_t0_s6_r1,34,1,1,1,True,1,6,success
pg,hardcap,0,6,2,success,20260817-16:31:05_hardcap_libero_spatial_task_t0_s6_r2,28,1,1,1,True,1,6,success
pg,hardcap,0,6,3,policy_fail,20260817-16:33:01_hardcap_libero_spatial_task_t0_s6_r3,40,1,1,1,False,1,8,
pg,ours,0,6,1,policy_fail,20260817-14:04:58_ours_libero_spatial_task_t0_s6_r1,40,1,1,1,False,1,9,
pg,ours,0,6,2,policy_fail,20260817-14:09:49_ours_libero_spatial_task_t0_s6_r2,40,1,1,0,False,1,3,
pg,ours,0,6,3,success,20260817-14:11:20_ours_libero_spatial_task_t0_s6_r3,32,1,1,1,True,1,7,success
sm,structured,0,6,1,success,20260818-15:51:59_structured_libero_spatial_task_t0_s6_r1,22,1,1,1,True,1,5,success
pg,baseline,0,7,1,policy_fail,20260813-13:03:28_libero_spatial_task_t0_s7,15,0,0,0,False,,0,
pg,baseline,0,7,2,policy_fail,20260814-20:26:17_baseline_libero_spatial_task_t0_s7_r2,15,0,0,0,False,,0,
pg,baseline,0,7,3,policy_fail,20260814-20:27:16_baseline_libero_spatial_task_t0_s7_r3,40,1,1,0,False,1,6,
pg,hardcap,0,7,1,policy_fail,20260817-16:37:43_hardcap_libero_spatial_task_t0_s7_r1,13,0,0,0,False,,0,
pg,hardcap,0,7,2,policy_fail,20260817-16:38:36_hardcap_libero_spatial_task_t0_s7_r2,40,1,1,0,False,1,7,
pg,hardcap,0,7,3,policy_fail,20260817-16:39:26_hardcap_libero_spatial_task_t0_s7_r3,40,2,2,0,False,1,9,
pg,ours,0,7,1,policy_fail,20260817-14:12:49_ours_libero_spatial_task_t0_s7_r1,40,3,1,0,False,3,3,
pg,ours,0,7,2,policy_fail,20260817-14:14:05_ours_libero_spatial_task_t0_s7_r2,40,3,0,0,False,,5,
pg,ours,0,7,3,success,20260817-14:14:12_ours_libero_spatial_task_t0_s7_r3,40,1,1,0,False,1,6,success
sm,structured,0,7,1,success,20260818-15:51:59_structured_libero_spatial_task_t0_s7_r1,35,1,1,0,False,1,4,success
pg,baseline,0,8,1,success,20260813-13:07:35_libero_spatial_task_t0_s8,40,1,1,1,True,1,6,
pg,baseline,0,8,2,success,20260814-20:39:11_baseline_libero_spatial_task_t0_s8_r2,32,1,1,1,True,1,6,success
pg,baseline,0,8,3,success,20260814-20:39:31_baseline_libero_spatial_task_t0_s8_r3,32,1,1,1,True,1,7,success
pg,hardcap,0,8,2,success,20260817-16:40:36_hardcap_libero_spatial_task_t0_s8_r2,30,1,1,1,True,1,5,success
pg,hardcap,0,8,1,success,20260817-16:40:06_hardcap_libero_spatial_task_t0_s8_r1,24,1,1,1,True,1,7,success
pg,hardcap,0,8,3,policy_fail,20260817-16:41:52_hardcap_libero_spatial_task_t0_s8_r3,40,1,1,1,False,1,6,
pg,ours,0,8,2,success,20260817-14:16:14_ours_libero_spatial_task_t0_s8_r2,37,1,1,1,True,1,5,success
pg,ours,0,8,3,success,20260817-14:17:36_ours_libero_spatial_task_t0_s8_r3,40,1,1,1,True,1,5,
pg,ours,0,8,1,success,20260817-14:16:10_ours_libero_spatial_task_t0_s8_r1,34,1,1,1,True,1,6,success
sm,structured,0,8,1,policy_fail,20260818-15:51:59_structured_libero_spatial_task_t0_s8_r1,40,3,1,1,False,1,11,failure
pg,baseline,0,9,1,success,20260813-13:09:43_libero_spatial_task_t0_s9,36,1,1,1,True,1,6,success
pg,baseline,0,9,2,success,20260814-20:52:54_baseline_libero_spatial_task_t0_s9_r2,31,1,1,1,True,1,5,success
pg,baseline,0,9,3,success,20260814-20:53:05_baseline_libero_spatial_task_t0_s9_r3,32,2,2,1,False,1,9,success
pg,hardcap,0,9,1,policy_fail,20260817-16:41:55_hardcap_libero_spatial_task_t0_s9_r1,40,1,1,0,False,1,7,
pg,hardcap,0,9,2,success,20260817-16:47:33_hardcap_libero_spatial_task_t0_s9_r2,36,1,1,1,False,1,5,success
pg,hardcap,0,9,3,success,20260817-16:48:50_hardcap_libero_spatial_task_t0_s9_r3,34,1,1,1,True,1,6,success
pg,ours,0,9,1,success,20260817-14:22:04_ours_libero_spatial_task_t0_s9_r1,40,1,1,1,True,1,5,success
pg,ours,0,9,3,success,20260817-14:24:02_ours_libero_spatial_task_t0_s9_r3,35,1,1,1,True,1,5,success
pg,ours,0,9,2,success,20260817-14:22:36_ours_libero_spatial_task_t0_s9_r2,36,1,1,1,True,1,6,success
sm,structured,0,9,1,policy_fail,20260818-15:59:58_structured_libero_spatial_task_t0_s9_r1,40,1,1,0,False,1,5,
pg,baseline,7,1,1,success,20260814-18:26:09_libero_spatial_task_t7_s1,40,2,2,1,True,1,9,
pg,baseline,7,1,3,policy_fail,20260814-21:18:43_baseline_libero_spatial_task_t7_s1_r3,40,2,2,0,False,1,6,
pg,baseline,7,1,2,policy_fail,20260814-21:18:36_baseline_libero_spatial_task_t7_s1_r2,40,3,3,0,False,1,5,
pg,hardcap,7,1,1,policy_fail,20260817-16:55:37_hardcap_libero_spatial_task_t7_s1_r1,40,3,3,0,False,1,4,
pg,hardcap,7,1,3,policy_fail,20260817-16:58:22_hardcap_libero_spatial_task_t7_s1_r3,40,1,1,0,False,1,5,
pg,hardcap,7,1,2,success,20260817-16:56:36_hardcap_libero_spatial_task_t7_s1_r2,38,1,1,1,True,1,8,success
pg,ours,7,1,1,policy_fail,20260817-14:25:17_ours_libero_spatial_task_t7_s1_r1,40,3,2,0,False,1,4,
pg,ours,7,1,2,policy_fail,20260817-14:29:23_ours_libero_spatial_task_t7_s1_r2,40,1,1,0,False,1,5,
pg,ours,7,1,3,policy_fail,20260817-14:30:16_ours_libero_spatial_task_t7_s1_r3,40,3,0,0,False,,11,
sm,structured,7,1,1,success,20260818-16:04:34_structured_libero_spatial_task_t7_s1_r1,33,2,0,2,False,,8,success
pg,baseline,7,10,1,success,20260814-14:09:41_libero_spatial_task_t7_s10,40,1,1,1,True,1,8,success
pg,baseline,7,10,2,policy_fail,20260814-23:26:36_baseline_libero_spatial_task_t7_s10_r2,40,2,1,0,False,2,7,
pg,baseline,7,10,3,policy_fail,20260814-23:27:05_baseline_libero_spatial_task_t7_s10_r3,40,2,1,1,False,1,8,
pg,hardcap,7,10,1,success,20260817-17:38:14_hardcap_libero_spatial_task_t7_s10_r1,40,3,2,1,True,2,8,
pg,hardcap,7,10,2,policy_fail,20260817-17:39:05_hardcap_libero_spatial_task_t7_s10_r2,40,1,1,0,False,1,7,
pg,hardcap,7,10,3,success,20260817-17:42:02_hardcap_libero_spatial_task_t7_s10_r3,35,1,1,1,True,1,6,success
pg,ours,7,10,1,policy_fail,20260817-15:08:33_ours_libero_spatial_task_t7_s10_r1,40,4,2,1,False,3,8,
pg,ours,7,10,2,success,20260817-15:11:28_ours_libero_spatial_task_t7_s10_r2,38,1,1,1,True,1,5,success
pg,ours,7,10,3,success,20260817-15:11:52_ours_libero_spatial_task_t7_s10_r3,40,1,1,1,True,1,11,
sm,structured,7,10,1,success,20260818-16:17:27_structured_libero_spatial_task_t7_s10_r1,40,2,2,1,True,1,13,success
pg,baseline,7,2,1,success,20260814-18:26:09_libero_spatial_task_t7_s2,37,1,1,1,True,1,7,success
pg,baseline,7,2,3,policy_fail,20260814-21:34:48_baseline_libero_spatial_task_t7_s2_r3,40,1,1,0,False,1,7,
pg,baseline,7,2,2,success,20260814-21:34:35_baseline_libero_spatial_task_t7_s2_r2,39,2,2,1,False,1,7,success
sm,baseline,7,2,2,success,20260818-16:34:28_baseline_libero_spatial_task_t7_s2_r2,33,2,2,1,True,1,3,success
pg,hardcap,7,2,1,success,20260817-16:59:57_hardcap_libero_spatial_task_t7_s2_r1,38,3,3,1,True,1,9,success
pg,hardcap,7,2,2,policy_fail,20260817-17:03:49_hardcap_libero_spatial_task_t7_s2_r2,40,3,1,0,False,3,8,
pg,hardcap,7,2,3,policy_fail,20260817-17:05:04_hardcap_libero_spatial_task_t7_s2_r3,40,1,1,1,False,1,10,
pg,ours,7,2,2,success,20260817-14:37:11_ours_libero_spatial_task_t7_s2_r2,31,1,1,1,True,1,6,success
pg,ours,7,2,1,policy_fail,20260817-14:34:19_ours_libero_spatial_task_t7_s2_r1,40,4,0,0,False,,6,
pg,ours,7,2,3,success,20260817-14:37:49_ours_libero_spatial_task_t7_s2_r3,38,1,1,1,False,1,7,success
sm,structured,7,2,1,success,20260818-16:04:37_structured_libero_spatial_task_t7_s2_r1,31,1,1,1,True,1,6,success
pg,baseline,7,3,1,policy_fail,20260814-18:33:48_libero_spatial_task_t7_s3,40,1,1,0,False,1,9,
pg,baseline,7,3,3,policy_fail,20260814-21:50:48_baseline_libero_spatial_task_t7_s3_r3,40,2,1,0,False,2,6,
pg,baseline,7,3,2,success,20260814-21:49:17_baseline_libero_spatial_task_t7_s3_r2,40,1,1,1,True,1,7,
pg,hardcap,7,3,1,policy_fail,20260817-17:06:51_hardcap_libero_spatial_task_t7_s3_r1,40,2,2,1,False,1,6,
pg,hardcap,7,3,3,success,20260817-17:08:48_hardcap_libero_spatial_task_t7_s3_r3,37,2,1,1,True,2,8,success
pg,hardcap,7,3,2,policy_fail,20260817-17:08:00_hardcap_libero_spatial_task_t7_s3_r2,40,3,2,0,False,1,7,
pg,ours,7,3,1,success,20260817-14:38:12_ours_libero_spatial_task_t7_s3_r1,40,1,1,1,True,1,7,
pg,ours,7,3,2,success,20260817-14:39:35_ours_libero_spatial_task_t7_s3_r2,36,1,1,1,True,1,9,success
pg,ours,7,3,3,policy_fail,20260817-14:41:03_ours_libero_spatial_task_t7_s3_r3,40,4,2,1,False,2,6,
sm,structured,7,3,1,success,20260818-16:04:49_structured_libero_spatial_task_t7_s3_r1,37,2,2,1,False,1,12,success
pg,baseline,7,4,1,policy_fail,20260814-18:36:55_libero_spatial_task_t7_s4,40,3,2,0,False,2,4,
pg,baseline,7,4,2,policy_fail,20260814-22:02:59_baseline_libero_spatial_task_t7_s4_r2,40,1,1,1,False,1,7,
pg,baseline,7,4,3,policy_fail,20260814-22:04:40_baseline_libero_spatial_task_t7_s4_r3,40,2,2,0,False,1,7,
pg,hardcap,7,4,1,success,20260817-17:10:27_hardcap_libero_spatial_task_t7_s4_r1,33,2,1,1,True,2,6,success
pg,hardcap,7,4,2,success,20260817-17:12:07_hardcap_libero_spatial_task_t7_s4_r2,33,2,2,1,True,1,5,success
pg,hardcap,7,4,3,success,20260817-17:13:09_hardcap_libero_spatial_task_t7_s4_r3,30,1,1,1,True,1,4,success
pg,ours,7,4,2,policy_fail,20260817-14:45:05_ours_libero_spatial_task_t7_s4_r2,40,2,2,0,False,1,7,
pg,ours,7,4,1,policy_fail,20260817-14:44:41_ours_libero_spatial_task_t7_s4_r1,40,2,1,0,False,2,6,
pg,ours,7,4,3,success,20260817-14:45:45_ours_libero_spatial_task_t7_s4_r3,36,2,1,1,True,2,9,success
sm,structured,7,4,1,policy_fail,20260818-16:04:52_structured_libero_spatial_task_t7_s4_r1,40,4,0,0,False,,9,failure
pg,baseline,7,5,1,policy_fail,20260814-18:38:33_libero_spatial_task_t7_s5,40,1,1,1,False,1,11,
pg,baseline,7,5,2,success,20260814-22:16:24_baseline_libero_spatial_task_t7_s5_r2,40,1,1,1,True,1,8,
pg,baseline,7,5,3,success,20260814-22:17:53_baseline_libero_spatial_task_t7_s5_r3,40,1,1,1,True,1,8,success
pg,hardcap,7,5,2,success,20260817-17:15:31_hardcap_libero_spatial_task_t7_s5_r2,32,1,1,0,False,1,7,success
pg,hardcap,7,5,3,success,20260817-17:19:50_hardcap_libero_spatial_task_t7_s5_r3,32,1,1,1,True,1,5,success
pg,hardcap,7,5,1,policy_fail,20260817-17:15:07_hardcap_libero_spatial_task_t7_s5_r1,40,1,1,1,False,1,10,
pg,ours,7,5,2,success,20260817-14:48:17_ours_libero_spatial_task_t7_s5_r2,38,1,1,1,True,1,4,success
pg,ours,7,5,1,policy_fail,20260817-14:47:25_ours_libero_spatial_task_t7_s5_r1,40,1,1,1,False,1,8,
pg,ours,7,5,3,success,20260817-14:51:36_ours_libero_spatial_task_t7_s5_r3,40,1,1,1,True,1,9,success
sm,structured,7,5,1,policy_fail,20260818-16:05:43_structured_libero_spatial_task_t7_s5_r1,40,4,3,1,False,2,9,
pg,baseline,7,6,1,policy_fail,20260814-18:43:42_libero_spatial_task_t7_s6,38,1,1,1,True,1,9,success
pg,baseline,7,6,2,policy_fail,20260814-22:31:45_baseline_libero_spatial_task_t7_s6_r2,40,2,1,0,False,2,3,
pg,baseline,7,6,3,policy_fail,20260814-22:32:56_baseline_libero_spatial_task_t7_s6_r3,40,1,1,0,False,1,7,
pg,hardcap,7,6,1,policy_fail,20260817-17:22:09_hardcap_libero_spatial_task_t7_s6_r1,40,1,1,0,False,1,8,
pg,hardcap,7,6,2,policy_fail,20260817-17:22:36_hardcap_libero_spatial_task_t7_s6_r2,40,4,2,0,False,2,6,
pg,hardcap,7,6,3,policy_fail,20260817-17:22:42_hardcap_libero_spatial_task_t7_s6_r3,40,3,1,2,False,2,9,
pg,ours,7,6,1,policy_fail,20260817-14:51:50_ours_libero_spatial_task_t7_s6_r1,40,1,1,1,False,1,9,
pg,ours,7,6,2,policy_fail,20260817-14:52:58_ours_libero_spatial_task_t7_s6_r2,40,1,1,0,False,1,7,
pg,ours,7,6,3,policy_fail,20260817-14:56:26_ours_libero_spatial_task_t7_s6_r3,40,1,1,1,False,1,8,
sm,structured,7,6,1,success,20260818-16:08:38_structured_libero_spatial_task_t7_s6_r1,29,1,1,1,True,1,7,success
pg,baseline,7,7,1,policy_fail,20260814-18:43:55_libero_spatial_task_t7_s7,40,2,2,1,False,1,8,
pg,baseline,7,7,2,success,20260814-22:43:36_baseline_libero_spatial_task_t7_s7_r2,32,1,1,1,True,1,6,success
pg,baseline,7,7,3,success,20260814-22:45:21_baseline_libero_spatial_task_t7_s7_r3,40,1,1,1,True,1,8,
pg,hardcap,7,7,2,success,20260817-17:25:15_hardcap_libero_spatial_task_t7_s7_r2,34,1,1,1,True,1,6,success
pg,hardcap,7,7,1,success,20260817-17:22:52_hardcap_libero_spatial_task_t7_s7_r1,40,2,2,1,False,1,10,success
pg,hardcap,7,7,3,policy_fail,20260817-17:25:58_hardcap_libero_spatial_task_t7_s7_r3,40,1,1,1,False,1,9,
pg,ours,7,7,1,policy_fail,20260817-14:57:49_ours_libero_spatial_task_t7_s7_r1,40,0,0,0,False,,2,
pg,ours,7,7,2,policy_fail,20260817-14:59:35_ours_libero_spatial_task_t7_s7_r2,40,2,0,0,False,,6,
pg,ours,7,7,3,policy_fail,20260817-15:00:02_ours_libero_spatial_task_t7_s7_r3,40,3,0,0,False,,13,
sm,structured,7,7,1,policy_fail,20260818-16:09:33_structured_libero_spatial_task_t7_s7_r1,40,5,3,1,False,1,12,
pg,baseline,7,8,1,policy_fail,20260814-18:48:08_libero_spatial_task_t7_s8,40,4,1,0,False,4,6,
pg,baseline,7,8,3,policy_fail,20260814-22:59:19_baseline_libero_spatial_task_t7_s8_r3,40,2,2,0,False,1,8,
pg,baseline,7,8,2,policy_fail,20260814-22:59:19_baseline_libero_spatial_task_t7_s8_r2,40,2,2,1,False,1,9,
pg,hardcap,7,8,1,success,20260817-17:29:33_hardcap_libero_spatial_task_t7_s8_r1,27,1,1,1,True,1,5,success
pg,hardcap,7,8,3,policy_fail,20260817-17:34:58_hardcap_libero_spatial_task_t7_s8_r3,40,2,0,1,False,,11,
pg,hardcap,7,8,2,success,20260817-17:31:19_hardcap_libero_spatial_task_t7_s8_r2,34,1,1,1,True,1,7,success
pg,ours,7,8,1,policy_fail,20260817-15:00:23_ours_libero_spatial_task_t7_s8_r1,40,1,1,1,False,1,8,
pg,ours,7,8,2,policy_fail,20260817-15:01:47_ours_libero_spatial_task_t7_s8_r2,40,7,0,0,False,,3,
pg,ours,7,8,3,policy_fail,20260817-15:04:06_ours_libero_spatial_task_t7_s8_r3,40,3,2,0,False,1,4,
sm,structured,7,8,1,policy_fail,20260818-16:11:13_structured_libero_spatial_task_t7_s8_r1,40,2,1,1,False,1,10,failure
pg,baseline,7,9,1,policy_fail,20260814-18:51:14_libero_spatial_task_t7_s9,40,1,1,0,False,1,8,
pg,baseline,7,9,2,success,20260814-23:13:47_baseline_libero_spatial_task_t7_s9_r2,35,1,1,1,True,1,4,success
pg,baseline,7,9,3,success,20260814-23:15:13_baseline_libero_spatial_task_t7_s9_r3,40,1,1,1,True,1,7,
pg,hardcap,7,9,1,policy_fail,20260817-17:35:56_hardcap_libero_spatial_task_t7_s9_r1,40,7,0,0,False,,7,
pg,hardcap,7,9,2,success,20260817-17:36:24_hardcap_libero_spatial_task_t7_s9_r2,37,2,2,1,True,1,9,success
pg,hardcap,7,9,3,success,20260817-17:37:21_hardcap_libero_spatial_task_t7_s9_r3,39,1,1,1,True,1,7,success
pg,ours,7,9,2,success,20260817-15:07:40_ours_libero_spatial_task_t7_s9_r2,32,1,1,1,True,1,6,success
pg,ours,7,9,1,policy_fail,20260817-15:06:31_ours_libero_spatial_task_t7_s9_r1,40,2,2,0,False,1,4,
pg,ours,7,9,3,policy_fail,20260817-15:07:54_ours_libero_spatial_task_t7_s9_r3,40,5,0,0,False,,8,
sm,structured,7,9,1,success,20260818-16:16:53_structured_libero_spatial_task_t7_s9_r1,36,2,2,1,True,1,8,success
pg,baseline,9,1,1,policy_fail,20260813-15:38:25_libero_spatial_task_t9_s1,40,1,1,0,False,1,8,
pg,baseline,9,1,2,policy_fail,20260814-23:39:57_baseline_libero_spatial_task_t9_s1_r2,40,2,2,2,False,1,9,
pg,baseline,9,1,3,policy_fail,20260814-23:41:40_baseline_libero_spatial_task_t9_s1_r3,40,2,2,0,False,1,4,
pg,hardcap,9,1,1,policy_fail,20260818-10:06:51_hardcap_libero_spatial_task_t9_s1_r1,40,1,1,1,False,1,8,
pg,hardcap,9,1,3,policy_fail,20260818-10:06:51_hardcap_libero_spatial_task_t9_s1_r3,40,1,1,1,False,1,7,
pg,hardcap,9,1,2,policy_fail,20260818-10:06:51_hardcap_libero_spatial_task_t9_s1_r2,40,2,2,0,False,1,9,
pg,ours,9,1,1,success,20260817-15:13:52_ours_libero_spatial_task_t9_s1_r1,37,2,2,1,True,1,7,success
pg,ours,9,1,3,policy_fail,20260817-15:18:31_ours_libero_spatial_task_t9_s1_r3,40,1,1,1,False,1,8,
pg,ours,9,1,2,policy_fail,20260817-15:16:46_ours_libero_spatial_task_t9_s1_r2,40,1,1,1,False,1,10,
sm,structured,9,1,1,success,20260818-16:20:31_structured_libero_spatial_task_t9_s1_r1,40,3,2,2,True,1,11,
pg,baseline,9,10,1,success,20260813-16:08:46_libero_spatial_task_t9_s10,40,1,1,1,True,1,9,
pg,baseline,9,10,2,success,20260815-01:40:14_baseline_libero_spatial_task_t9_s10_r2,40,2,2,1,True,1,4,
pg,baseline,9,10,3,policy_fail,20260815-01:40:28_baseline_libero_spatial_task_t9_s10_r3,40,1,1,0,False,1,5,
pg,hardcap,9,10,2,success,20260818-10:38:24_hardcap_libero_spatial_task_t9_s10_r2,30,1,1,1,False,1,8,success
pg,hardcap,9,10,1,policy_fail,20260818-10:37:13_hardcap_libero_spatial_task_t9_s10_r1,40,1,1,1,False,1,9,
pg,hardcap,9,10,3,policy_fail,20260818-10:39:25_hardcap_libero_spatial_task_t9_s10_r3,40,2,2,1,False,1,10,
pg,ours,9,10,1,success,20260817-15:53:23_ours_libero_spatial_task_t9_s10_r1,39,2,2,1,True,1,4,success
pg,ours,9,10,3,policy_fail,20260817-15:54:16_ours_libero_spatial_task_t9_s10_r3,40,1,1,0,False,1,8,
pg,ours,9,10,2,success,20260817-15:53:55_ours_libero_spatial_task_t9_s10_r2,32,1,1,1,True,1,6,success
sm,structured,9,10,1,policy_fail,20260818-16:33:23_structured_libero_spatial_task_t9_s10_r1,40,5,2,2,False,1,8,failure
pg,baseline,9,2,1,success,20260813-15:38:56_libero_spatial_task_t9_s2,38,1,1,1,True,1,9,success
pg,baseline,9,2,2,success,20260814-23:55:21_baseline_libero_spatial_task_t9_s2_r2,38,1,1,1,True,1,6,success
pg,baseline,9,2,3,policy_fail,20260814-23:56:05_baseline_libero_spatial_task_t9_s2_r3,40,1,1,1,False,1,9,
pg,hardcap,9,2,2,policy_fail,20260818-10:06:51_hardcap_libero_spatial_task_t9_s2_r2,40,2,2,0,False,1,5,
pg,hardcap,9,2,3,policy_fail,20260818-10:06:51_hardcap_libero_spatial_task_t9_s2_r3,40,1,1,0,False,1,9,
pg,hardcap,9,2,1,policy_fail,20260818-10:06:51_hardcap_libero_spatial_task_t9_s2_r1,40,2,2,1,False,1,8,
pg,ours,9,2,1,policy_fail,20260817-15:19:00_ours_libero_spatial_task_t9_s2_r1,40,2,2,0,False,1,5,
pg,ours,9,2,2,success,20260817-15:20:00_ours_libero_spatial_task_t9_s2_r2,39,1,1,1,True,1,7,success
pg,ours,9,2,3,success,20260817-15:20:23_ours_libero_spatial_task_t9_s2_r3,38,1,1,1,True,1,9,success
sm,structured,9,2,1,success,20260818-16:21:43_structured_libero_spatial_task_t9_s2_r1,29,1,1,1,True,1,6,success
pg,baseline,9,3,1,policy_fail,20260813-15:42:48_libero_spatial_task_t9_s3,40,1,1,0,False,1,5,
pg,baseline,9,3,3,policy_fail,20260815-00:10:12_baseline_libero_spatial_task_t9_s3_r3,40,2,2,0,False,1,7,
pg,baseline,9,3,2,success,20260815-00:09:44_baseline_libero_spatial_task_t9_s3_r2,36,1,1,1,True,1,7,success
pg,hardcap,9,3,1,success,20260818-10:06:51_hardcap_libero_spatial_task_t9_s3_r1,34,1,1,1,True,1,9,success
pg,hardcap,9,3,2,policy_fail,20260818-10:06:51_hardcap_libero_spatial_task_t9_s3_r2,40,2,2,1,False,1,9,
pg,hardcap,9,3,3,policy_fail,20260818-10:15:13_hardcap_libero_spatial_task_t9_s3_r3,40,2,2,0,False,1,5,
pg,ours,9,3,1,policy_fail,20260817-15:21:41_ours_libero_spatial_task_t9_s3_r1,40,1,1,0,False,1,5,
pg,ours,9,3,2,policy_fail,20260817-15:22:48_ours_libero_spatial_task_t9_s3_r2,40,1,1,0,False,1,7,
pg,ours,9,3,3,success,20260817-15:24:11_ours_libero_spatial_task_t9_s3_r3,40,2,2,1,True,1,8,success
sm,structured,9,3,1,policy_fail,20260818-16:22:16_structured_libero_spatial_task_t9_s3_r1,39,3,2,1,False,1,8,failure
pg,baseline,9,4,1,success,20260813-15:52:31_libero_spatial_task_t9_s4,39,1,1,1,True,1,7,success
pg,baseline,9,4,2,success,20260815-00:21:33_baseline_libero_spatial_task_t9_s4_r2,35,1,1,1,True,1,6,success
pg,baseline,9,4,3,success,20260815-00:23:23_baseline_libero_spatial_task_t9_s4_r3,37,1,1,1,True,1,6,success
pg,hardcap,9,4,1,policy_fail,20260818-10:15:25_hardcap_libero_spatial_task_t9_s4_r1,40,2,1,2,False,2,12,
pg,hardcap,9,4,2,policy_fail,20260818-10:15:36_hardcap_libero_spatial_task_t9_s4_r2,40,1,1,1,False,1,11,
pg,hardcap,9,4,3,success,20260818-10:17:46_hardcap_libero_spatial_task_t9_s4_r3,40,3,2,1,False,1,7,
pg,ours,9,4,1,success,20260817-15:27:21_ours_libero_spatial_task_t9_s4_r1,36,1,1,1,True,1,8,success
pg,ours,9,4,2,policy_fail,20260817-15:29:54_ours_libero_spatial_task_t9_s4_r2,40,2,2,0,False,1,5,
pg,ours,9,4,3,success,20260817-15:30:29_ours_libero_spatial_task_t9_s4_r3,35,2,1,1,True,2,6,success
sm,structured,9,4,1,success,20260818-16:23:02_structured_libero_spatial_task_t9_s4_r1,18,1,1,1,True,1,4,success
pg,baseline,9,5,1,success,20260813-15:53:34_libero_spatial_task_t9_s5,37,1,1,1,True,1,8,success
pg,baseline,9,5,2,success,20260815-00:34:33_baseline_libero_spatial_task_t9_s5_r2,34,1,1,1,True,1,6,success
pg,baseline,9,5,3,success,20260815-00:35:13_baseline_libero_spatial_task_t9_s5_r3,31,2,2,1,True,1,6,success
pg,hardcap,9,5,2,policy_fail,20260818-10:19:24_hardcap_libero_spatial_task_t9_s5_r2,40,1,1,1,False,1,8,
pg,hardcap,9,5,1,policy_fail,20260818-10:18:53_hardcap_libero_spatial_task_t9_s5_r1,40,2,2,1,False,1,7,
pg,hardcap,9,5,3,policy_fail,20260818-10:19:45_hardcap_libero_spatial_task_t9_s5_r3,40,2,2,0,False,1,7,
pg,ours,9,5,3,success,20260817-15:31:54_ours_libero_spatial_task_t9_s5_r3,34,1,1,1,True,1,6,success
pg,ours,9,5,1,policy_fail,20260817-15:31:20_ours_libero_spatial_task_t9_s5_r1,40,1,1,0,False,1,7,
pg,ours,9,5,2,policy_fail,20260817-15:31:37_ours_libero_spatial_task_t9_s5_r2,40,2,2,1,False,1,10,
sm,structured,9,5,1,success,20260818-16:25:37_structured_libero_spatial_task_t9_s5_r1,17,1,1,1,True,1,4,success
pg,baseline,9,6,1,policy_fail,20260813-15:53:36_libero_spatial_task_t9_s6,40,3,2,1,False,1,4,
pg,baseline,9,6,2,policy_fail,20260815-00:45:31_baseline_libero_spatial_task_t9_s6_r2,40,2,2,2,False,1,8,
pg,baseline,9,6,3,policy_fail,20260815-00:47:37_baseline_libero_spatial_task_t9_s6_r3,40,2,2,0,False,1,3,
pg,hardcap,9,6,1,policy_fail,20260818-10:19:49_hardcap_libero_spatial_task_t9_s6_r1,40,1,1,0,False,1,5,
pg,hardcap,9,6,3,success,20260818-10:24:06_hardcap_libero_spatial_task_t9_s6_r3,34,1,1,1,True,1,7,success
pg,hardcap,9,6,2,success,20260818-10:24:01_hardcap_libero_spatial_task_t9_s6_r2,40,4,4,1,True,1,7,
pg,ours,9,6,1,policy_fail,20260817-15:33:11_ours_libero_spatial_task_t9_s6_r1,40,2,2,0,False,1,7,
pg,ours,9,6,2,success,20260817-15:35:40_ours_libero_spatial_task_t9_s6_r2,40,3,3,1,True,1,8,success
pg,ours,9,6,3,policy_fail,20260817-15:36:02_ours_libero_spatial_task_t9_s6_r3,40,1,1,1,False,1,6,
sm,structured,9,6,1,success,20260818-16:27:59_structured_libero_spatial_task_t9_s6_r1,31,2,2,1,True,1,4,success
pg,baseline,9,7,1,success,20260813-15:56:15_libero_spatial_task_t9_s7,40,1,1,1,True,1,7,
pg,baseline,9,7,2,success,20260815-00:59:15_baseline_libero_spatial_task_t9_s7_r2,40,2,2,2,False,1,8,success
pg,baseline,9,7,3,policy_fail,20260815-01:01:39_baseline_libero_spatial_task_t9_s7_r3,40,1,1,0,False,1,8,
pg,hardcap,9,7,3,success,20260818-10:27:39_hardcap_libero_spatial_task_t9_s7_r3,37,1,1,1,True,1,5,success
pg,hardcap,9,7,1,success,20260818-10:26:25_hardcap_libero_spatial_task_t9_s7_r1,31,1,1,1,True,1,5,success
pg,hardcap,9,7,2,success,20260818-10:27:11_hardcap_libero_spatial_task_t9_s7_r2,40,2,2,2,True,1,14,
pg,ours,9,7,1,success,20260817-15:41:08_ours_libero_spatial_task_t9_s7_r1,34,1,1,1,True,1,6,success
pg,ours,9,7,3,success,20260817-15:42:46_ours_libero_spatial_task_t9_s7_r3,40,1,1,1,True,1,6,success
pg,ours,9,7,2,success,20260817-15:42:00_ours_libero_spatial_task_t9_s7_r2,39,1,1,1,True,1,8,success
sm,structured,9,7,1,success,20260818-16:28:06_structured_libero_spatial_task_t9_s7_r1,38,3,1,3,True,2,11,success
pg,baseline,9,8,1,policy_fail,20260813-16:06:42_libero_spatial_task_t9_s8,40,1,1,1,False,1,9,
pg,baseline,9,8,2,success,20260815-01:12:59_baseline_libero_spatial_task_t9_s8_r2,31,1,1,1,True,1,6,success
pg,baseline,9,8,3,policy_fail,20260815-01:13:24_baseline_libero_spatial_task_t9_s8_r3,40,1,1,1,False,1,9,
pg,hardcap,9,8,1,success,20260818-10:29:41_hardcap_libero_spatial_task_t9_s8_r1,34,1,1,1,True,1,5,success
pg,hardcap,9,8,2,policy_fail,20260818-10:29:57_hardcap_libero_spatial_task_t9_s8_r2,40,1,1,1,False,1,8,
pg,hardcap,9,8,3,policy_fail,20260818-10:30:39_hardcap_libero_spatial_task_t9_s8_r3,40,1,1,1,False,1,8,
pg,ours,9,8,2,success,20260817-15:43:57_ours_libero_spatial_task_t9_s8_r2,29,2,2,1,False,1,6,success
pg,ours,9,8,1,policy_fail,20260817-15:43:44_ours_libero_spatial_task_t9_s8_r1,40,1,1,1,False,1,12,
pg,ours,9,8,3,policy_fail,20260817-15:44:36_ours_libero_spatial_task_t9_s8_r3,40,1,1,1,False,1,9,
sm,structured,9,8,1,policy_fail,20260818-16:30:14_structured_libero_spatial_task_t9_s8_r1,40,4,3,3,False,1,14,
pg,baseline,9,9,1,success,20260813-16:07:13_libero_spatial_task_t9_s9,32,2,2,1,True,1,6,success
pg,baseline,9,9,2,policy_fail,20260815-01:25:39_baseline_libero_spatial_task_t9_s9_r2,40,1,1,1,False,1,8,
pg,baseline,9,9,3,success,20260815-01:27:33_baseline_libero_spatial_task_t9_s9_r3,40,1,1,0,False,1,11,
sm,baseline,9,9,2,success,20260818-16:37:46_baseline_libero_spatial_task_t9_s9_r2,39,1,1,1,True,1,6,success
pg,hardcap,9,9,2,success,20260818-10:35:25_hardcap_libero_spatial_task_t9_s9_r2,26,1,1,1,True,1,7,success
pg,hardcap,9,9,1,policy_fail,20260818-10:33:23_hardcap_libero_spatial_task_t9_s9_r1,40,1,1,0,False,1,7,
pg,hardcap,9,9,3,policy_fail,20260818-10:35:50_hardcap_libero_spatial_task_t9_s9_r3,40,1,1,1,False,1,9,
pg,ours,9,9,1,success,20260817-15:46:00_ours_libero_spatial_task_t9_s9_r1,29,2,2,0,False,1,2,success
pg,ours,9,9,2,policy_fail,20260817-15:47:15_ours_libero_spatial_task_t9_s9_r2,40,2,2,0,False,1,6,
pg,ours,9,9,3,success,20260817-15:52:26_ours_libero_spatial_task_t9_s9_r3,40,3,3,1,False,1,8,
sm,structured,9,9,1,success,20260818-16:30:37_structured_libero_spatial_task_t9_s9_r1,32,2,2,1,True,1,5,success
