stage,suite,task,seed,cond,repeat,dir,success,turns,planner_calls,tokens,perc,act,maxred,env_steps,reason,wall_s
P0,libero_spatial_task,0,1,baseline,1,/hw-tbo/yjx/workspace/RPent/logs/20260812-23:39:42_libero_spatial_task_t0_s1/,False,11,11,539173,7,0,3,0,infra_crash,496.0
P0,libero_spatial_task,0,2,baseline,1,/hw-tbo/yjx/workspace/RPent/logs/20260812-23:47:59_libero_spatial_task_t0_s2/,False,40,40,3554425,25,9,9,9,placement_fail,633.0
P0,libero_spatial_task,0,3,baseline,1,/hw-tbo/yjx/workspace/RPent/logs/20260812-23:58:33_libero_spatial_task_t0_s3/,False,40,40,3735206,30,9,15,9,placement_fail,836.0
P0,libero_spatial_task,0,4,baseline,1,/hw-tbo/yjx/workspace/RPent/logs/20260813-12:55:29_libero_spatial_task_t0_s4/,False,40,40,3560578,25,10,10,10,placement_fail,853.0
P0,libero_spatial_task,0,5,baseline,1,/hw-tbo/yjx/workspace/RPent/logs/20260813-12:58:33_libero_spatial_task_t0_s5/,False,40,40,2470105,21,12,4,12,placement_fail,540.0
P0,libero_spatial_task,0,6,baseline,1,/hw-tbo/yjx/workspace/RPent/logs/20260813-13:01:06_libero_spatial_task_t0_s6/,True,40,40,3585319,21,10,6,10,success,637.0
P0,libero_spatial_task,0,7,baseline,1,/hw-tbo/yjx/workspace/RPent/logs/20260813-13:03:28_libero_spatial_task_t0_s7/,False,15,15,951738,8,0,6,0,infra_crash,436.0
P0,libero_spatial_task,0,8,baseline,1,/hw-tbo/yjx/workspace/RPent/logs/20260813-13:07:35_libero_spatial_task_t0_s8/,True,40,40,3456665,27,9,10,9,success,507.0
P0,libero_spatial_task,0,9,baseline,1,/hw-tbo/yjx/workspace/RPent/logs/20260813-13:09:43_libero_spatial_task_t0_s9/,True,36,36,3164678,22,9,7,9,success,536.0
P0,libero_spatial_task,0,10,baseline,1,/hw-tbo/yjx/workspace/RPent/logs/20260813-13:10:45_libero_spatial_task_t0_s10/,True,30,30,2230819,16,10,5,10,success,640.0
P0,libero_spatial_task,7,1,baseline,1,/hw-tbo/yjx/workspace/RPent/logs/20260814-18:26:09_libero_spatial_task_t7_s1/,True,40,40,3601092,26,13,7,13,success,1052.0
P0,libero_spatial_task,7,2,baseline,1,/hw-tbo/yjx/workspace/RPent/logs/20260814-18:26:09_libero_spatial_task_t7_s2/,True,37,37,3426523,19,10,8,10,success,743.0
P0,libero_spatial_task,7,3,baseline,1,/hw-tbo/yjx/workspace/RPent/logs/20260814-18:33:48_libero_spatial_task_t7_s3/,False,40,40,3601406,28,11,12,11,grasp_fail,606.0
P0,libero_spatial_task,7,4,baseline,1,/hw-tbo/yjx/workspace/RPent/logs/20260814-18:36:55_libero_spatial_task_t7_s4/,False,40,40,2964238,32,8,14,8,grasp_fail,672.0
P0,libero_spatial_task,7,5,baseline,1,/hw-tbo/yjx/workspace/RPent/logs/20260814-18:38:33_libero_spatial_task_t7_s5/,False,40,40,3052030,28,14,14,14,placement_fail,760.0
P0,libero_spatial_task,7,6,baseline,1,/hw-tbo/yjx/workspace/RPent/logs/20260814-18:43:42_libero_spatial_task_t7_s6/,True,38,38,3066372,21,12,8,12,success,799.0
P0,libero_spatial_task,7,7,baseline,1,/hw-tbo/yjx/workspace/RPent/logs/20260814-18:43:55_libero_spatial_task_t7_s7/,True,40,40,3615249,28,12,9,12,success,750.0
P0,libero_spatial_task,7,8,baseline,1,/hw-tbo/yjx/workspace/RPent/logs/20260814-18:48:08_libero_spatial_task_t7_s8/,False,40,40,3147354,30,11,13,11,grasp_fail,725.0
P0,libero_spatial_task,7,9,baseline,1,/hw-tbo/yjx/workspace/RPent/logs/20260814-18:51:14_libero_spatial_task_t7_s9/,False,40,40,3492541,28,10,16,10,grasp_fail,662.0
P0,libero_spatial_task,7,10,baseline,1,/hw-tbo/yjx/workspace/RPent/logs/20260814-14:09:41_libero_spatial_task_t7_s10/,True,40,40,3730852,20,11,9,11,success,953.0
P0,libero_spatial_task,9,1,baseline,1,/hw-tbo/yjx/workspace/RPent/logs/20260813-15:38:25_libero_spatial_task_t9_s1/,False,40,40,3645018,30,10,15,10,grasp_fail,908.0
P0,libero_spatial_task,9,2,baseline,1,/hw-tbo/yjx/workspace/RPent/logs/20260813-15:38:56_libero_spatial_task_t9_s2/,True,38,38,3390791,18,12,7,12,success,814.0
P0,libero_spatial_task,9,3,baseline,1,/hw-tbo/yjx/workspace/RPent/logs/20260813-15:42:48_libero_spatial_task_t9_s3/,False,40,40,3527379,24,7,14,7,grasp_fail,806.0
P0,libero_spatial_task,9,4,baseline,1,/hw-tbo/yjx/workspace/RPent/logs/20260813-15:52:31_libero_spatial_task_t9_s4/,True,39,39,3430382,20,10,9,10,success,974.0
P0,libero_spatial_task,9,5,baseline,1,/hw-tbo/yjx/workspace/RPent/logs/20260813-15:53:34_libero_spatial_task_t9_s5/,True,37,37,2729768,20,11,10,11,success,818.0
P0,libero_spatial_task,9,6,baseline,1,/hw-tbo/yjx/workspace/RPent/logs/20260813-15:53:36_libero_spatial_task_t9_s6/,False,40,40,3565075,29,9,13,9,placement_fail,785.0
P0,libero_spatial_task,9,7,baseline,1,/hw-tbo/yjx/workspace/RPent/logs/20260813-15:56:15_libero_spatial_task_t9_s7/,True,40,40,3339656,25,10,6,10,success,1132.0
P0,libero_spatial_task,9,8,baseline,1,/hw-tbo/yjx/workspace/RPent/logs/20260813-16:06:42_libero_spatial_task_t9_s8/,False,40,40,3844106,20,12,8,12,placement_fail,1166.0
P0,libero_spatial_task,9,9,baseline,1,/hw-tbo/yjx/workspace/RPent/logs/20260813-16:07:13_libero_spatial_task_t9_s9/,True,32,32,2754006,16,10,9,10,success,758.0
P0,libero_spatial_task,9,10,baseline,1,/hw-tbo/yjx/workspace/RPent/logs/20260813-16:08:46_libero_spatial_task_t9_s10/,True,40,40,3692132,24,12,8,12,success,1149.0
P0,libero_spatial_task,0,1,baseline,2,/hw-tbo/yjx/workspace/RPent/logs/pg_exp/20260814-19:05:48_baseline_libero_spatial_task_t0_s1_r2,False,40,40,2720206,28,8,14,8,grasp_fail,580.0
P0,libero_spatial_task,0,1,baseline,3,/hw-tbo/yjx/workspace/RPent/logs/pg_exp/20260814-19:05:48_baseline_libero_spatial_task_t0_s1_r3,False,21,21,1494874,13,0,13,0,infra_crash,730.0
P0,libero_spatial_task,0,2,baseline,2,/hw-tbo/yjx/workspace/RPent/logs/pg_exp/20260814-19:19:20_baseline_libero_spatial_task_t0_s2_r2,False,40,40,3557015,26,8,8,8,placement_fail,388.0
P0,libero_spatial_task,0,2,baseline,3,/hw-tbo/yjx/workspace/RPent/logs/pg_exp/20260814-19:21:22_baseline_libero_spatial_task_t0_s2_r3,True,40,40,3604568,25,9,10,9,success,451.0
P0,libero_spatial_task,0,3,baseline,2,/hw-tbo/yjx/workspace/RPent/logs/pg_exp/20260814-19:31:03_baseline_libero_spatial_task_t0_s3_r2,False,40,40,3453831,29,5,13,5,grasp_fail,471.0
P0,libero_spatial_task,0,3,baseline,3,/hw-tbo/yjx/workspace/RPent/logs/pg_exp/20260814-19:31:14_baseline_libero_spatial_task_t0_s3_r3,False,40,40,3854976,24,10,7,10,grasp_fail,741.0
P0,libero_spatial_task,0,4,baseline,2,/hw-tbo/yjx/workspace/RPent/logs/pg_exp/20260814-19:43:36_baseline_libero_spatial_task_t0_s4_r2,False,40,40,3638641,29,8,7,8,placement_fail,477.0
P0,libero_spatial_task,0,4,baseline,3,/hw-tbo/yjx/workspace/RPent/logs/pg_exp/20260814-19:44:42_baseline_libero_spatial_task_t0_s4_r3,False,40,40,3753767,32,9,20,9,placement_fail,799.0
P0,libero_spatial_task,0,5,baseline,2,/hw-tbo/yjx/workspace/RPent/logs/pg_exp/20260814-19:57:23_baseline_libero_spatial_task_t0_s5_r2,True,31,31,1685382,18,10,6,9,success,544.0
P0,libero_spatial_task,0,5,baseline,3,/hw-tbo/yjx/workspace/RPent/logs/pg_exp/20260814-19:58:01_baseline_libero_spatial_task_t0_s5_r3,False,40,40,2591259,34,11,14,11,placement_fail,677.0
P0,libero_spatial_task,0,6,baseline,3,/hw-tbo/yjx/workspace/RPent/logs/pg_exp/20260814-20:11:57_baseline_libero_spatial_task_t0_s6_r3,True,34,34,2462547,18,9,9,9,success,637.0
P0,libero_spatial_task,0,6,baseline,2,/hw-tbo/yjx/workspace/RPent/logs/pg_exp/20260814-20:10:51_baseline_libero_spatial_task_t0_s6_r2,False,40,40,3552331,25,12,8,12,placement_fail,790.0
P0,libero_spatial_task,0,7,baseline,2,/hw-tbo/yjx/workspace/RPent/logs/pg_exp/20260814-20:26:17_baseline_libero_spatial_task_t0_s7_r2,False,15,15,864867,7,0,5,0,infra_crash,473.0
P0,libero_spatial_task,0,7,baseline,3,/hw-tbo/yjx/workspace/RPent/logs/pg_exp/20260814-20:27:16_baseline_libero_spatial_task_t0_s7_r3,False,40,40,3111032,26,9,11,9,grasp_fail,568.0
P0,libero_spatial_task,0,8,baseline,2,/hw-tbo/yjx/workspace/RPent/logs/pg_exp/20260814-20:39:11_baseline_libero_spatial_task_t0_s8_r2,True,32,32,2572689,23,9,10,8,success,544.0
P0,libero_spatial_task,0,8,baseline,3,/hw-tbo/yjx/workspace/RPent/logs/pg_exp/20260814-20:39:31_baseline_libero_spatial_task_t0_s8_r3,True,32,32,2483755,21,10,7,10,success,646.0
P0,libero_spatial_task,0,9,baseline,2,/hw-tbo/yjx/workspace/RPent/logs/pg_exp/20260814-20:52:54_baseline_libero_spatial_task_t0_s9_r2,True,31,31,2015751,20,8,10,8,success,464.0
P0,libero_spatial_task,0,9,baseline,3,/hw-tbo/yjx/workspace/RPent/logs/pg_exp/20260814-20:53:05_baseline_libero_spatial_task_t0_s9_r3,True,32,32,1613591,17,13,7,13,success,558.0
P0,libero_spatial_task,0,10,baseline,2,/hw-tbo/yjx/workspace/RPent/logs/pg_exp/20260814-21:04:45_baseline_libero_spatial_task_t0_s10_r2,True,30,30,2419283,19,10,8,9,success,571.0
P0,libero_spatial_task,0,10,baseline,3,/hw-tbo/yjx/workspace/RPent/logs/pg_exp/20260814-21:06:12_baseline_libero_spatial_task_t0_s10_r3,True,40,40,3632804,22,9,8,9,success,593.0
P0,libero_spatial_task,7,1,baseline,3,/hw-tbo/yjx/workspace/RPent/logs/pg_exp/20260814-21:18:43_baseline_libero_spatial_task_t7_s1_r3,False,40,40,3935685,24,9,10,9,grasp_fail,693.0
P0,libero_spatial_task,7,1,baseline,2,/hw-tbo/yjx/workspace/RPent/logs/pg_exp/20260814-21:18:36_baseline_libero_spatial_task_t7_s1_r2,False,40,40,3821589,28,9,12,9,grasp_fail,810.0
P0,libero_spatial_task,7,2,baseline,3,/hw-tbo/yjx/workspace/RPent/logs/pg_exp/20260814-21:34:48_baseline_libero_spatial_task_t7_s2_r3,False,40,40,3537256,22,10,8,10,grasp_fail,705.0
P0,libero_spatial_task,7,2,baseline,2,/hw-tbo/yjx/workspace/RPent/logs/pg_exp/20260814-21:34:35_baseline_libero_spatial_task_t7_s2_r2,True,39,39,3495316,24,11,7,11,success,741.0
P0,libero_spatial_task,7,3,baseline,3,/hw-tbo/yjx/workspace/RPent/logs/pg_exp/20260814-21:50:48_baseline_libero_spatial_task_t7_s3_r3,False,40,40,3536981,28,9,13,9,grasp_fail,528.0
P0,libero_spatial_task,7,3,baseline,2,/hw-tbo/yjx/workspace/RPent/logs/pg_exp/20260814-21:49:17_baseline_libero_spatial_task_t7_s3_r2,True,40,40,3658834,22,10,9,10,success,713.0
P0,libero_spatial_task,7,4,baseline,2,/hw-tbo/yjx/workspace/RPent/logs/pg_exp/20260814-22:02:59_baseline_libero_spatial_task_t7_s4_r2,False,40,40,2607188,22,11,9,11,placement_fail,638.0
P0,libero_spatial_task,7,4,baseline,3,/hw-tbo/yjx/workspace/RPent/logs/pg_exp/20260814-22:04:40_baseline_libero_spatial_task_t7_s4_r3,False,40,40,3540298,23,10,9,10,grasp_fail,570.0
P0,libero_spatial_task,7,5,baseline,2,/hw-tbo/yjx/workspace/RPent/logs/pg_exp/20260814-22:16:24_baseline_libero_spatial_task_t7_s5_r2,True,40,40,3845890,24,11,9,11,success,736.0
P0,libero_spatial_task,7,5,baseline,3,/hw-tbo/yjx/workspace/RPent/logs/pg_exp/20260814-22:17:53_baseline_libero_spatial_task_t7_s5_r3,True,40,40,3515325,23,11,12,11,success,721.0
P0,libero_spatial_task,7,6,baseline,2,/hw-tbo/yjx/workspace/RPent/logs/pg_exp/20260814-22:31:45_baseline_libero_spatial_task_t7_s6_r2,False,40,40,3317847,28,6,15,6,grasp_fail,440.0
P0,libero_spatial_task,7,6,baseline,3,/hw-tbo/yjx/workspace/RPent/logs/pg_exp/20260814-22:32:56_baseline_libero_spatial_task_t7_s6_r3,False,40,40,3786120,37,9,20,9,grasp_fail,583.0
P0,libero_spatial_task,7,7,baseline,2,/hw-tbo/yjx/workspace/RPent/logs/pg_exp/20260814-22:43:36_baseline_libero_spatial_task_t7_s7_r2,True,32,32,2170481,18,9,6,9,success,493.0
P0,libero_spatial_task,7,7,baseline,3,/hw-tbo/yjx/workspace/RPent/logs/pg_exp/20260814-22:45:21_baseline_libero_spatial_task_t7_s7_r3,True,40,40,3037451,26,11,9,11,success,837.0
P0,libero_spatial_task,7,8,baseline,3,/hw-tbo/yjx/workspace/RPent/logs/pg_exp/20260814-22:59:19_baseline_libero_spatial_task_t7_s8_r3,False,40,40,2595856,26,11,9,11,grasp_fail,575.0
P0,libero_spatial_task,7,8,baseline,2,/hw-tbo/yjx/workspace/RPent/logs/pg_exp/20260814-22:59:19_baseline_libero_spatial_task_t7_s8_r2,False,40,40,3829263,21,13,8,13,placement_fail,841.0
P0,libero_spatial_task,7,9,baseline,2,/hw-tbo/yjx/workspace/RPent/logs/pg_exp/20260814-23:13:47_baseline_libero_spatial_task_t7_s9_r2,True,35,35,3035009,22,7,12,7,success,535.0
P0,libero_spatial_task,7,9,baseline,3,/hw-tbo/yjx/workspace/RPent/logs/pg_exp/20260814-23:15:13_baseline_libero_spatial_task_t7_s9_r3,True,40,40,3774472,25,10,12,10,success,565.0
P0,libero_spatial_task,7,10,baseline,2,/hw-tbo/yjx/workspace/RPent/logs/pg_exp/20260814-23:26:36_baseline_libero_spatial_task_t7_s10_r2,False,40,40,3628012,29,10,12,10,grasp_fail,640.0
P0,libero_spatial_task,7,10,baseline,3,/hw-tbo/yjx/workspace/RPent/logs/pg_exp/20260814-23:27:05_baseline_libero_spatial_task_t7_s10_r3,False,40,40,3725728,28,12,12,12,placement_fail,612.0
P0,libero_spatial_task,9,1,baseline,2,/hw-tbo/yjx/workspace/RPent/logs/pg_exp/20260814-23:39:57_baseline_libero_spatial_task_t9_s1_r2,False,40,40,3132699,22,15,6,15,placement_fail,711.0
P0,libero_spatial_task,9,1,baseline,3,/hw-tbo/yjx/workspace/RPent/logs/pg_exp/20260814-23:41:40_baseline_libero_spatial_task_t9_s1_r3,False,40,40,2860827,28,7,9,7,grasp_fail,671.0
P0,libero_spatial_task,9,2,baseline,2,/hw-tbo/yjx/workspace/RPent/logs/pg_exp/20260814-23:55:21_baseline_libero_spatial_task_t9_s2_r2,True,38,38,3435782,21,9,8,9,success,606.0
P0,libero_spatial_task,9,2,baseline,3,/hw-tbo/yjx/workspace/RPent/logs/pg_exp/20260814-23:56:05_baseline_libero_spatial_task_t9_s2_r3,False,40,40,3572646,20,13,6,13,placement_fail,688.0
P0,libero_spatial_task,9,3,baseline,3,/hw-tbo/yjx/workspace/RPent/logs/pg_exp/20260815-00:10:12_baseline_libero_spatial_task_t9_s3_r3,False,40,40,3694393,24,10,9,10,grasp_fail,514.0
P0,libero_spatial_task,9,3,baseline,2,/hw-tbo/yjx/workspace/RPent/logs/pg_exp/20260815-00:09:44_baseline_libero_spatial_task_t9_s3_r2,True,36,36,3342502,20,10,4,10,success,552.0
P0,libero_spatial_task,9,4,baseline,2,/hw-tbo/yjx/workspace/RPent/logs/pg_exp/20260815-00:21:33_baseline_libero_spatial_task_t9_s4_r2,True,35,35,2943351,18,9,8,9,success,490.0
P0,libero_spatial_task,9,4,baseline,3,/hw-tbo/yjx/workspace/RPent/logs/pg_exp/20260815-00:23:23_baseline_libero_spatial_task_t9_s4_r3,True,37,37,3291080,26,9,14,9,success,564.0
P0,libero_spatial_task,9,5,baseline,2,/hw-tbo/yjx/workspace/RPent/logs/pg_exp/20260815-00:34:33_baseline_libero_spatial_task_t9_s5_r2,True,34,34,2833100,20,9,11,9,success,477.0
P0,libero_spatial_task,9,5,baseline,3,/hw-tbo/yjx/workspace/RPent/logs/pg_exp/20260815-00:35:13_baseline_libero_spatial_task_t9_s5_r3,True,31,31,2421636,19,10,9,9,success,506.0
P0,libero_spatial_task,9,6,baseline,2,/hw-tbo/yjx/workspace/RPent/logs/pg_exp/20260815-00:45:31_baseline_libero_spatial_task_t9_s6_r2,False,40,40,3704797,29,14,10,14,placement_fail,572.0
P0,libero_spatial_task,9,6,baseline,3,/hw-tbo/yjx/workspace/RPent/logs/pg_exp/20260815-00:47:37_baseline_libero_spatial_task_t9_s6_r3,False,40,40,3802246,28,6,7,6,grasp_fail,671.0
P0,libero_spatial_task,9,7,baseline,2,/hw-tbo/yjx/workspace/RPent/logs/pg_exp/20260815-00:59:15_baseline_libero_spatial_task_t9_s7_r2,True,40,40,3587726,18,13,5,13,success,590.0
P0,libero_spatial_task,9,7,baseline,3,/hw-tbo/yjx/workspace/RPent/logs/pg_exp/20260815-01:01:39_baseline_libero_spatial_task_t9_s7_r3,False,40,40,3649993,30,10,17,10,grasp_fail,561.0
P0,libero_spatial_task,9,8,baseline,2,/hw-tbo/yjx/workspace/RPent/logs/pg_exp/20260815-01:12:59_baseline_libero_spatial_task_t9_s8_r2,True,31,31,2201259,22,9,12,9,success,530.0
P0,libero_spatial_task,9,8,baseline,3,/hw-tbo/yjx/workspace/RPent/logs/pg_exp/20260815-01:13:24_baseline_libero_spatial_task_t9_s8_r3,False,40,40,3358012,22,12,6,12,placement_fail,584.0
P0,libero_spatial_task,9,9,baseline,2,/hw-tbo/yjx/workspace/RPent/logs/pg_exp/20260815-01:25:39_baseline_libero_spatial_task_t9_s9_r2,False,40,40,3753607,28,11,15,11,placement_fail,590.0
P0,libero_spatial_task,9,9,baseline,3,/hw-tbo/yjx/workspace/RPent/logs/pg_exp/20260815-01:27:33_baseline_libero_spatial_task_t9_s9_r3,True,40,40,3778029,25,13,7,13,success,645.0
P0,libero_spatial_task,9,10,baseline,2,/hw-tbo/yjx/workspace/RPent/logs/pg_exp/20260815-01:40:14_baseline_libero_spatial_task_t9_s10_r2,True,40,40,3467652,24,8,10,8,success,501.0
P0,libero_spatial_task,9,10,baseline,3,/hw-tbo/yjx/workspace/RPent/logs/pg_exp/20260815-01:40:28_baseline_libero_spatial_task_t9_s10_r3,False,40,40,3638784,27,7,8,7,grasp_fail,545.0
P0,libero_spatial_task,0,2,ours,3,/hw-tbo/yjx/workspace/RPent/logs/pg_exp/20260817-13:51:45_ours_libero_spatial_task_t0_s2_r3,False,18,18,1272680,10,0,9,0,infra_crash,526.0
P0,libero_spatial_task,0,3,ours,2,/hw-tbo/yjx/workspace/RPent/logs/pg_exp/20260817-13:51:45_ours_libero_spatial_task_t0_s3_r2,False,40,40,3504378,24,10,6,10,grasp_fail,534.0
P0,libero_spatial_task,0,2,ours,2,/hw-tbo/yjx/workspace/RPent/logs/pg_exp/20260817-13:51:45_ours_libero_spatial_task_t0_s2_r2,False,40,40,3580034,25,9,13,9,placement_fail,549.0
P0,libero_spatial_task,0,1,ours,2,/hw-tbo/yjx/workspace/RPent/logs/pg_exp/20260817-13:51:45_ours_libero_spatial_task_t0_s1_r2,False,40,40,2917678,31,3,26,3,reach_plan_fail,620.0
P0,libero_spatial_task,0,1,ours,3,/hw-tbo/yjx/workspace/RPent/logs/pg_exp/20260817-13:51:45_ours_libero_spatial_task_t0_s1_r3,False,40,40,3669852,29,6,14,6,grasp_fail,665.0
P0,libero_spatial_task,0,3,ours,1,/hw-tbo/yjx/workspace/RPent/logs/pg_exp/20260817-13:51:45_ours_libero_spatial_task_t0_s3_r1,False,40,40,2240082,29,14,9,14,placement_fail,704.0
P0,libero_spatial_task,0,1,ours,1,/hw-tbo/yjx/workspace/RPent/logs/pg_exp/20260817-13:51:45_ours_libero_spatial_task_t0_s1_r1,False,40,40,3690728,23,12,6,12,placement_fail,741.0
P0,libero_spatial_task,0,2,ours,1,/hw-tbo/yjx/workspace/RPent/logs/pg_exp/20260817-13:51:45_ours_libero_spatial_task_t0_s2_r1,False,40,40,3315028,29,7,10,7,grasp_fail,791.0
P0,libero_spatial_task,0,5,ours,1,/hw-tbo/yjx/workspace/RPent/logs/pg_exp/20260817-14:02:52_ours_libero_spatial_task_t0_s5_r1,True,29,29,2100803,15,8,5,8,success,417.0
P0,libero_spatial_task,0,4,ours,2,/hw-tbo/yjx/workspace/RPent/logs/pg_exp/20260817-14:00:55_ours_libero_spatial_task_t0_s4_r2,False,40,40,2970063,26,10,11,10,grasp_fail,625.0
P0,libero_spatial_task,0,4,ours,1,/hw-tbo/yjx/workspace/RPent/logs/pg_exp/20260817-14:00:40_ours_libero_spatial_task_t0_s4_r1,False,40,40,3740754,24,11,6,11,placement_fail,728.0
P0,libero_spatial_task,0,5,ours,2,/hw-tbo/yjx/workspace/RPent/logs/pg_exp/20260817-14:03:31_ours_libero_spatial_task_t0_s5_r2,True,40,40,3382034,26,7,13,7,success,633.0
P0,libero_spatial_task,0,3,ours,3,/hw-tbo/yjx/workspace/RPent/logs/pg_exp/20260817-14:00:33_ours_libero_spatial_task_t0_s3_r3,True,36,36,3089803,19,9,7,9,success,819.0
P0,libero_spatial_task,0,4,ours,3,/hw-tbo/yjx/workspace/RPent/logs/pg_exp/20260817-14:02:07_ours_libero_spatial_task_t0_s4_r3,False,40,40,3793337,28,8,18,8,placement_fail,843.0
P0,libero_spatial_task,0,6,ours,1,/hw-tbo/yjx/workspace/RPent/logs/pg_exp/20260817-14:04:58_ours_libero_spatial_task_t0_s6_r1,False,40,40,3396208,22,12,5,12,placement_fail,676.0
P0,libero_spatial_task,0,6,ours,2,/hw-tbo/yjx/workspace/RPent/logs/pg_exp/20260817-14:09:49_ours_libero_spatial_task_t0_s6_r2,False,40,40,3228244,27,5,15,5,grasp_fail,465.0
P0,libero_spatial_task,0,7,ours,1,/hw-tbo/yjx/workspace/RPent/logs/pg_exp/20260817-14:12:49_ours_libero_spatial_task_t0_s7_r1,False,40,40,3392000,25,7,21,5,grasp_fail,555.0
P0,libero_spatial_task,0,5,ours,3,/hw-tbo/yjx/workspace/RPent/logs/pg_exp/20260817-14:04:08_ours_libero_spatial_task_t0_s5_r3,True,40,40,4054771,26,9,7,9,success,1107.0
P0,libero_spatial_task,0,7,ours,2,/hw-tbo/yjx/workspace/RPent/logs/pg_exp/20260817-14:14:05_ours_libero_spatial_task_t0_s7_r2,False,40,40,3503450,23,10,12,7,reach_plan_fail,597.0
P0,libero_spatial_task,0,6,ours,3,/hw-tbo/yjx/workspace/RPent/logs/pg_exp/20260817-14:11:20_ours_libero_spatial_task_t0_s6_r3,True,32,32,2159117,18,10,7,10,success,809.0
P0,libero_spatial_task,0,8,ours,2,/hw-tbo/yjx/workspace/RPent/logs/pg_exp/20260817-14:16:14_ours_libero_spatial_task_t0_s8_r2,True,37,37,3159785,20,8,9,8,success,533.0
P0,libero_spatial_task,0,8,ours,3,/hw-tbo/yjx/workspace/RPent/logs/pg_exp/20260817-14:17:36_ours_libero_spatial_task_t0_s8_r3,True,40,40,2641215,28,8,12,8,success,456.0
P0,libero_spatial_task,0,7,ours,3,/hw-tbo/yjx/workspace/RPent/logs/pg_exp/20260817-14:14:12_ours_libero_spatial_task_t0_s7_r3,True,40,40,3563400,22,10,8,10,success,663.0
P0,libero_spatial_task,0,8,ours,1,/hw-tbo/yjx/workspace/RPent/logs/pg_exp/20260817-14:16:10_ours_libero_spatial_task_t0_s8_r1,True,34,34,2555026,19,9,9,9,success,791.0
P0,libero_spatial_task,0,9,ours,1,/hw-tbo/yjx/workspace/RPent/logs/pg_exp/20260817-14:22:04_ours_libero_spatial_task_t0_s9_r1,True,40,40,3427742,25,8,9,8,success,492.0
P0,libero_spatial_task,0,9,ours,3,/hw-tbo/yjx/workspace/RPent/logs/pg_exp/20260817-14:24:02_ours_libero_spatial_task_t0_s9_r3,True,35,35,2731223,19,8,7,8,success,616.0
P0,libero_spatial_task,0,10,ours,3,/hw-tbo/yjx/workspace/RPent/logs/pg_exp/20260817-14:25:13_ours_libero_spatial_task_t0_s10_r3,False,40,40,3689252,24,10,6,10,placement_fail,718.0
P0,libero_spatial_task,7,1,ours,1,/hw-tbo/yjx/workspace/RPent/logs/pg_exp/20260817-14:25:17_ours_libero_spatial_task_t7_s1_r1,False,40,40,3575058,25,8,14,8,grasp_fail,752.0
P0,libero_spatial_task,0,9,ours,2,/hw-tbo/yjx/workspace/RPent/logs/pg_exp/20260817-14:22:36_ours_libero_spatial_task_t0_s9_r2,True,36,36,3464966,19,9,6,9,success,935.0
P0,libero_spatial_task,0,10,ours,2,/hw-tbo/yjx/workspace/RPent/logs/pg_exp/20260817-14:25:07_ours_libero_spatial_task_t0_s10_r2,False,40,40,3562997,24,9,8,9,placement_fail,867.0
P0,libero_spatial_task,7,1,ours,2,/hw-tbo/yjx/workspace/RPent/logs/pg_exp/20260817-14:29:23_ours_libero_spatial_task_t7_s1_r2,False,40,40,3655663,26,6,11,6,grasp_fail,700.0
P0,libero_spatial_task,0,10,ours,1,/hw-tbo/yjx/workspace/RPent/logs/pg_exp/20260817-14:24:50_ours_libero_spatial_task_t0_s10_r1,False,40,40,3257650,27,10,11,10,placement_fail,1190.0
P0,libero_spatial_task,7,1,ours,3,/hw-tbo/yjx/workspace/RPent/logs/pg_exp/20260817-14:30:16_ours_libero_spatial_task_t7_s1_r3,False,40,40,4054845,17,16,10,13,reach_plan_fail,888.0
P0,libero_spatial_task,7,2,ours,2,/hw-tbo/yjx/workspace/RPent/logs/pg_exp/20260817-14:37:11_ours_libero_spatial_task_t7_s2_r2,True,31,31,2519406,13,10,8,10,success,513.0
P0,libero_spatial_task,7,2,ours,1,/hw-tbo/yjx/workspace/RPent/logs/pg_exp/20260817-14:34:19_ours_libero_spatial_task_t7_s2_r1,False,40,40,3718672,23,11,10,7,reach_plan_fail,785.0
P0,libero_spatial_task,7,2,ours,3,/hw-tbo/yjx/workspace/RPent/logs/pg_exp/20260817-14:37:49_ours_libero_spatial_task_t7_s2_r3,True,38,38,3486592,18,10,10,9,success,628.0
P0,libero_spatial_task,7,3,ours,1,/hw-tbo/yjx/workspace/RPent/logs/pg_exp/20260817-14:38:12_ours_libero_spatial_task_t7_s3_r1,True,40,40,3684602,28,10,17,10,success,803.0
P0,libero_spatial_task,7,3,ours,2,/hw-tbo/yjx/workspace/RPent/logs/pg_exp/20260817-14:39:35_ours_libero_spatial_task_t7_s3_r2,True,36,36,3275818,16,12,8,12,success,734.0
P0,libero_spatial_task,7,3,ours,3,/hw-tbo/yjx/workspace/RPent/logs/pg_exp/20260817-14:41:03_ours_libero_spatial_task_t7_s3_r3,False,40,40,3418977,25,12,13,12,placement_fail,714.0
P0,libero_spatial_task,7,4,ours,2,/hw-tbo/yjx/workspace/RPent/logs/pg_exp/20260817-14:45:05_ours_libero_spatial_task_t7_s4_r2,False,40,40,3299817,26,12,14,12,grasp_fail,680.0
P0,libero_spatial_task,7,4,ours,1,/hw-tbo/yjx/workspace/RPent/logs/pg_exp/20260817-14:44:41_ours_libero_spatial_task_t7_s4_r1,False,40,40,3476187,26,9,9,9,grasp_fail,788.0
P0,libero_spatial_task,7,5,ours,2,/hw-tbo/yjx/workspace/RPent/logs/pg_exp/20260817-14:48:17_ours_libero_spatial_task_t7_s5_r2,True,38,38,2987803,23,8,10,8,success,677.0
P0,libero_spatial_task,7,4,ours,3,/hw-tbo/yjx/workspace/RPent/logs/pg_exp/20260817-14:45:45_ours_libero_spatial_task_t7_s4_r3,True,36,36,3190670,18,14,9,14,success,855.0
P0,libero_spatial_task,7,5,ours,1,/hw-tbo/yjx/workspace/RPent/logs/pg_exp/20260817-14:47:25_ours_libero_spatial_task_t7_s5_r1,False,40,40,3586877,27,11,11,11,placement_fail,777.0
P0,libero_spatial_task,7,6,ours,1,/hw-tbo/yjx/workspace/RPent/logs/pg_exp/20260817-14:51:50_ours_libero_spatial_task_t7_s6_r1,False,40,40,3519042,24,12,12,12,placement_fail,596.0
P0,libero_spatial_task,7,5,ours,3,/hw-tbo/yjx/workspace/RPent/logs/pg_exp/20260817-14:51:36_ours_libero_spatial_task_t7_s5_r3,True,40,40,3789866,25,12,12,12,success,750.0
P0,libero_spatial_task,7,6,ours,2,/hw-tbo/yjx/workspace/RPent/logs/pg_exp/20260817-14:52:58_ours_libero_spatial_task_t7_s6_r2,False,40,40,3809089,26,9,12,9,grasp_fail,812.0
P0,libero_spatial_task,7,6,ours,3,/hw-tbo/yjx/workspace/RPent/logs/pg_exp/20260817-14:56:26_ours_libero_spatial_task_t7_s6_r3,False,40,40,2254340,28,11,10,11,placement_fail,674.0
P0,libero_spatial_task,7,7,ours,1,/hw-tbo/yjx/workspace/RPent/logs/pg_exp/20260817-14:57:49_ours_libero_spatial_task_t7_s7_r1,False,40,40,3275642,30,2,27,2,reach_plan_fail,603.0
P0,libero_spatial_task,7,7,ours,2,/hw-tbo/yjx/workspace/RPent/logs/pg_exp/20260817-14:59:35_ours_libero_spatial_task_t7_s7_r2,False,40,40,3584347,26,9,14,7,reach_plan_fail,537.0
P0,libero_spatial_task,7,7,ours,3,/hw-tbo/yjx/workspace/RPent/logs/pg_exp/20260817-15:00:02_ours_libero_spatial_task_t7_s7_r3,False,40,40,3855485,18,17,12,14,reach_plan_fail,686.0
P0,libero_spatial_task,7,8,ours,1,/hw-tbo/yjx/workspace/RPent/logs/pg_exp/20260817-15:00:23_ours_libero_spatial_task_t7_s8_r1,False,40,40,3587611,28,11,13,11,placement_fail,688.0
P0,libero_spatial_task,7,8,ours,2,/hw-tbo/yjx/workspace/RPent/logs/pg_exp/20260817-15:01:47_ours_libero_spatial_task_t7_s8_r2,False,40,40,2459012,20,15,9,8,reach_plan_fail,724.0
P0,libero_spatial_task,7,9,ours,2,/hw-tbo/yjx/workspace/RPent/logs/pg_exp/20260817-15:07:40_ours_libero_spatial_task_t7_s9_r2,True,32,32,2145418,18,9,8,9,success,546.0
P0,libero_spatial_task,7,9,ours,1,/hw-tbo/yjx/workspace/RPent/logs/pg_exp/20260817-15:06:31_ours_libero_spatial_task_t7_s9_r1,False,40,40,3470456,36,7,12,7,grasp_fail,719.0
P0,libero_spatial_task,7,8,ours,3,/hw-tbo/yjx/workspace/RPent/logs/pg_exp/20260817-15:04:06_ours_libero_spatial_task_t7_s8_r3,False,40,40,3620322,25,8,14,8,grasp_fail,893.0
P0,libero_spatial_task,7,9,ours,3,/hw-tbo/yjx/workspace/RPent/logs/pg_exp/20260817-15:07:54_ours_libero_spatial_task_t7_s9_r3,False,40,40,3565161,21,15,9,10,reach_plan_fail,725.0
P0,libero_spatial_task,7,10,ours,1,/hw-tbo/yjx/workspace/RPent/logs/pg_exp/20260817-15:08:33_ours_libero_spatial_task_t7_s10_r1,False,40,40,3653605,23,15,10,13,placement_fail,708.0
P0,libero_spatial_task,7,10,ours,2,/hw-tbo/yjx/workspace/RPent/logs/pg_exp/20260817-15:11:28_ours_libero_spatial_task_t7_s10_r2,True,38,38,3297862,20,8,10,8,success,612.0
P0,libero_spatial_task,7,10,ours,3,/hw-tbo/yjx/workspace/RPent/logs/pg_exp/20260817-15:11:52_ours_libero_spatial_task_t7_s10_r3,True,40,40,3529977,19,14,5,13,success,656.0
P0,libero_spatial_task,9,1,ours,1,/hw-tbo/yjx/workspace/RPent/logs/pg_exp/20260817-15:13:52_ours_libero_spatial_task_t9_s1_r1,True,37,37,3288030,17,11,6,11,success,618.0
P0,libero_spatial_task,9,1,ours,3,/hw-tbo/yjx/workspace/RPent/logs/pg_exp/20260817-15:18:31_ours_libero_spatial_task_t9_s1_r3,False,40,40,3531720,24,11,11,11,placement_fail,530.0
P0,libero_spatial_task,9,2,ours,1,/hw-tbo/yjx/workspace/RPent/logs/pg_exp/20260817-15:19:00_ours_libero_spatial_task_t9_s2_r1,False,40,40,3509552,25,8,8,8,grasp_fail,652.0
P0,libero_spatial_task,9,1,ours,2,/hw-tbo/yjx/workspace/RPent/logs/pg_exp/20260817-15:16:46_ours_libero_spatial_task_t9_s1_r2,False,40,40,3666937,19,14,9,14,placement_fail,822.0
P0,libero_spatial_task,9,3,ours,1,/hw-tbo/yjx/workspace/RPent/logs/pg_exp/20260817-15:21:41_ours_libero_spatial_task_t9_s3_r1,False,40,40,3377116,28,7,7,7,grasp_fail,577.0
P0,libero_spatial_task,9,2,ours,2,/hw-tbo/yjx/workspace/RPent/logs/pg_exp/20260817-15:20:00_ours_libero_spatial_task_t9_s2_r2,True,39,39,3492711,20,10,8,10,success,697.0
P0,libero_spatial_task,9,2,ours,3,/hw-tbo/yjx/workspace/RPent/logs/pg_exp/20260817-15:20:23_ours_libero_spatial_task_t9_s2_r3,True,38,38,2873237,26,12,11,12,success,690.0
P0,libero_spatial_task,9,3,ours,2,/hw-tbo/yjx/workspace/RPent/logs/pg_exp/20260817-15:22:48_ours_libero_spatial_task_t9_s3_r2,False,40,40,3433305,24,9,10,9,grasp_fail,622.0
P0,libero_spatial_task,9,3,ours,3,/hw-tbo/yjx/workspace/RPent/logs/pg_exp/20260817-15:24:11_ours_libero_spatial_task_t9_s3_r3,True,40,40,2948694,24,12,10,12,success,687.0
P0,libero_spatial_task,9,4,ours,1,/hw-tbo/yjx/workspace/RPent/logs/pg_exp/20260817-15:27:21_ours_libero_spatial_task_t9_s4_r1,True,36,36,3106206,22,11,15,10,success,520.0
P0,libero_spatial_task,9,4,ours,2,/hw-tbo/yjx/workspace/RPent/logs/pg_exp/20260817-15:29:54_ours_libero_spatial_task_t9_s4_r2,False,40,40,2745740,29,8,6,8,grasp_fail,674.0
P0,libero_spatial_task,9,4,ours,3,/hw-tbo/yjx/workspace/RPent/logs/pg_exp/20260817-15:30:29_ours_libero_spatial_task_t9_s4_r3,True,35,35,3027867,17,10,7,10,success,690.0
P0,libero_spatial_task,9,5,ours,3,/hw-tbo/yjx/workspace/RPent/logs/pg_exp/20260817-15:31:54_ours_libero_spatial_task_t9_s5_r3,True,34,34,2951784,20,9,11,9,success,651.0
P0,libero_spatial_task,9,5,ours,1,/hw-tbo/yjx/workspace/RPent/logs/pg_exp/20260817-15:31:20_ours_libero_spatial_task_t9_s5_r1,False,40,40,3533137,27,9,13,9,grasp_fail,743.0
P0,libero_spatial_task,9,5,ours,2,/hw-tbo/yjx/workspace/RPent/logs/pg_exp/20260817-15:31:37_ours_libero_spatial_task_t9_s5_r2,False,40,40,2920933,20,15,6,15,placement_fail,740.0
P0,libero_spatial_task,9,6,ours,1,/hw-tbo/yjx/workspace/RPent/logs/pg_exp/20260817-15:33:11_ours_libero_spatial_task_t9_s6_r1,False,40,40,3616242,26,10,13,10,grasp_fail,684.0
P0,libero_spatial_task,9,6,ours,2,/hw-tbo/yjx/workspace/RPent/logs/pg_exp/20260817-15:35:40_ours_libero_spatial_task_t9_s6_r2,True,40,40,3624691,20,13,8,13,success,620.0
P0,libero_spatial_task,9,6,ours,3,/hw-tbo/yjx/workspace/RPent/logs/pg_exp/20260817-15:36:02_ours_libero_spatial_task_t9_s6_r3,False,40,40,3488178,25,9,11,9,placement_fail,673.0
P0,libero_spatial_task,9,7,ours,1,/hw-tbo/yjx/workspace/RPent/logs/pg_exp/20260817-15:41:08_ours_libero_spatial_task_t9_s7_r1,True,34,34,2993584,17,9,4,9,success,676.0
P0,libero_spatial_task,9,7,ours,3,/hw-tbo/yjx/workspace/RPent/logs/pg_exp/20260817-15:42:46_ours_libero_spatial_task_t9_s7_r3,True,40,40,3454142,22,9,8,9,success,637.0
P0,libero_spatial_task,9,7,ours,2,/hw-tbo/yjx/workspace/RPent/logs/pg_exp/20260817-15:42:00_ours_libero_spatial_task_t9_s7_r2,True,39,39,3638772,23,11,11,11,success,714.0
P0,libero_spatial_task,9,9,ours,1,/hw-tbo/yjx/workspace/RPent/logs/pg_exp/20260817-15:46:00_ours_libero_spatial_task_t9_s9_r1,True,29,29,2318056,16,5,7,5,success,495.0
P0,libero_spatial_task,9,8,ours,2,/hw-tbo/yjx/workspace/RPent/logs/pg_exp/20260817-15:43:57_ours_libero_spatial_task_t9_s8_r2,True,29,29,1945015,18,10,5,10,success,644.0
P0,libero_spatial_task,9,8,ours,1,/hw-tbo/yjx/workspace/RPent/logs/pg_exp/20260817-15:43:44_ours_libero_spatial_task_t9_s8_r1,False,40,40,2821855,21,15,7,15,placement_fail,705.0
P0,libero_spatial_task,9,8,ours,3,/hw-tbo/yjx/workspace/RPent/logs/pg_exp/20260817-15:44:36_ours_libero_spatial_task_t9_s8_r3,False,40,40,3641668,22,13,11,13,placement_fail,751.0
P0,libero_spatial_task,9,9,ours,2,/hw-tbo/yjx/workspace/RPent/logs/pg_exp/20260817-15:47:15_ours_libero_spatial_task_t9_s9_r2,False,40,40,3497352,25,10,7,10,grasp_fail,754.0
P0,libero_spatial_task,9,10,ours,1,/hw-tbo/yjx/workspace/RPent/logs/pg_exp/20260817-15:53:23_ours_libero_spatial_task_t9_s10_r1,True,39,39,3207327,22,8,10,8,success,628.0
P0,libero_spatial_task,9,10,ours,3,/hw-tbo/yjx/workspace/RPent/logs/pg_exp/20260817-15:54:16_ours_libero_spatial_task_t9_s10_r3,False,40,40,3883611,21,10,8,10,grasp_fail,660.0
P0,libero_spatial_task,9,9,ours,3,/hw-tbo/yjx/workspace/RPent/logs/pg_exp/20260817-15:52:26_ours_libero_spatial_task_t9_s9_r3,True,40,40,3573392,24,13,8,12,success,840.0
P0,libero_spatial_task,9,10,ours,2,/hw-tbo/yjx/workspace/RPent/logs/pg_exp/20260817-15:53:55_ours_libero_spatial_task_t9_s10_r2,True,32,32,2975006,16,9,6,9,success,960.0
P1,libero_spatial_task,0,3,hardcap,1,/hw-tbo/yjx/workspace/RPent/logs/pg_exp/20260817-16:09:57_hardcap_libero_spatial_task_t0_s3_r1,True,35,35,2873072,21,8,7,8,success,617.0
P1,libero_spatial_task,0,1,hardcap,2,/hw-tbo/yjx/workspace/RPent/logs/pg_exp/20260817-16:09:57_hardcap_libero_spatial_task_t0_s1_r2,False,40,40,3770923,25,11,9,11,placement_fail,750.0
P1,libero_spatial_task,0,2,hardcap,1,/hw-tbo/yjx/workspace/RPent/logs/pg_exp/20260817-16:09:57_hardcap_libero_spatial_task_t0_s2_r1,True,39,39,3194755,23,10,9,9,success,867.0
P1,libero_spatial_task,0,3,hardcap,2,/hw-tbo/yjx/workspace/RPent/logs/pg_exp/20260817-16:09:57_hardcap_libero_spatial_task_t0_s3_r2,True,32,32,2049118,18,10,8,10,success,881.0
P1,libero_spatial_task,0,2,hardcap,3,/hw-tbo/yjx/workspace/RPent/logs/pg_exp/20260817-16:09:57_hardcap_libero_spatial_task_t0_s2_r3,True,36,36,3229424,20,9,10,9,success,883.0
P1,libero_spatial_task,0,2,hardcap,2,/hw-tbo/yjx/workspace/RPent/logs/pg_exp/20260817-16:09:57_hardcap_libero_spatial_task_t0_s2_r2,False,40,40,3983279,22,11,7,11,grasp_fail,963.0
P1,libero_spatial_task,0,1,hardcap,3,/hw-tbo/yjx/workspace/RPent/logs/pg_exp/20260817-16:09:57_hardcap_libero_spatial_task_t0_s1_r3,True,37,37,3670825,19,10,5,9,success,964.0
P1,libero_spatial_task,0,1,hardcap,1,/hw-tbo/yjx/workspace/RPent/logs/pg_exp/20260817-16:09:57_hardcap_libero_spatial_task_t0_s1_r1,False,40,40,3777745,29,8,9,8,grasp_fail,996.0
P1,libero_spatial_task,0,3,hardcap,3,/hw-tbo/yjx/workspace/RPent/logs/pg_exp/20260817-16:20:16_hardcap_libero_spatial_task_t0_s3_r3,True,33,33,2662331,16,9,7,9,success,648.0
P1,libero_spatial_task,0,4,hardcap,1,/hw-tbo/yjx/workspace/RPent/logs/pg_exp/20260817-16:22:28_hardcap_libero_spatial_task_t0_s4_r1,False,40,40,3562786,27,11,7,11,placement_fail,632.0
P1,libero_spatial_task,0,6,hardcap,1,/hw-tbo/yjx/workspace/RPent/logs/pg_exp/20260817-16:26:34_hardcap_libero_spatial_task_t0_s6_r1,True,34,34,2905710,17,9,9,9,success,668.0
P1,libero_spatial_task,0,4,hardcap,3,/hw-tbo/yjx/workspace/RPent/logs/pg_exp/20260817-16:24:39_hardcap_libero_spatial_task_t0_s4_r3,False,40,40,3685607,24,11,8,11,placement_fail,836.0
P1,libero_spatial_task,0,5,hardcap,3,/hw-tbo/yjx/workspace/RPent/logs/pg_exp/20260817-16:26:02_hardcap_libero_spatial_task_t0_s5_r3,True,34,34,2678941,17,9,5,9,success,803.0
P1,libero_spatial_task,0,5,hardcap,1,/hw-tbo/yjx/workspace/RPent/logs/pg_exp/20260817-16:24:41_hardcap_libero_spatial_task_t0_s5_r1,False,40,40,3683838,21,12,7,12,placement_fail,923.0
P1,libero_spatial_task,0,5,hardcap,2,/hw-tbo/yjx/workspace/RPent/logs/pg_exp/20260817-16:26:02_hardcap_libero_spatial_task_t0_s5_r2,False,40,40,3010164,32,14,12,14,placement_fail,873.0
P1,libero_spatial_task,0,4,hardcap,2,/hw-tbo/yjx/workspace/RPent/logs/pg_exp/20260817-16:24:25_hardcap_libero_spatial_task_t0_s4_r2,False,40,40,3618478,23,16,7,16,placement_fail,1047.0
P1,libero_spatial_task,0,6,hardcap,2,/hw-tbo/yjx/workspace/RPent/logs/pg_exp/20260817-16:31:05_hardcap_libero_spatial_task_t0_s6_r2,True,28,28,1893027,14,9,4,9,success,649.0
P1,libero_spatial_task,0,7,hardcap,1,/hw-tbo/yjx/workspace/RPent/logs/pg_exp/20260817-16:37:43_hardcap_libero_spatial_task_t0_s7_r1,False,13,13,751219,7,0,4,0,infra_crash,588.0
P1,libero_spatial_task,0,6,hardcap,3,/hw-tbo/yjx/workspace/RPent/logs/pg_exp/20260817-16:33:01_hardcap_libero_spatial_task_t0_s6_r3,False,40,40,3587669,29,12,9,12,placement_fail,948.0
P1,libero_spatial_task,0,8,hardcap,2,/hw-tbo/yjx/workspace/RPent/logs/pg_exp/20260817-16:40:36_hardcap_libero_spatial_task_t0_s8_r2,True,30,30,2458604,13,8,7,8,success,595.0
P1,libero_spatial_task,0,7,hardcap,2,/hw-tbo/yjx/workspace/RPent/logs/pg_exp/20260817-16:38:36_hardcap_libero_spatial_task_t0_s7_r2,False,40,40,3604412,26,9,7,9,grasp_fail,797.0
P1,libero_spatial_task,0,8,hardcap,1,/hw-tbo/yjx/workspace/RPent/logs/pg_exp/20260817-16:40:06_hardcap_libero_spatial_task_t0_s8_r1,True,24,24,1629868,12,10,7,9,success,710.0
P1,libero_spatial_task,0,8,hardcap,3,/hw-tbo/yjx/workspace/RPent/logs/pg_exp/20260817-16:41:52_hardcap_libero_spatial_task_t0_s8_r3,False,40,40,3611926,25,9,7,9,placement_fail,823.0
P1,libero_spatial_task,0,9,hardcap,1,/hw-tbo/yjx/workspace/RPent/logs/pg_exp/20260817-16:41:55_hardcap_libero_spatial_task_t0_s9_r1,False,40,40,3096318,31,9,8,9,grasp_fail,881.0
P1,libero_spatial_task,0,9,hardcap,2,/hw-tbo/yjx/workspace/RPent/logs/pg_exp/20260817-16:47:33_hardcap_libero_spatial_task_t0_s9_r2,True,36,36,3149922,22,8,10,8,success,649.0
P1,libero_spatial_task,0,9,hardcap,3,/hw-tbo/yjx/workspace/RPent/logs/pg_exp/20260817-16:48:50_hardcap_libero_spatial_task_t0_s9_r3,True,34,34,3012982,19,9,8,9,success,667.0
P1,libero_spatial_task,0,10,hardcap,1,/hw-tbo/yjx/workspace/RPent/logs/pg_exp/20260817-16:50:31_hardcap_libero_spatial_task_t0_s10_r1,True,31,31,2282585,23,9,10,9,success,798.0
P1,libero_spatial_task,0,10,hardcap,3,/hw-tbo/yjx/workspace/RPent/logs/pg_exp/20260817-16:51:56_hardcap_libero_spatial_task_t0_s10_r3,True,40,40,3678717,29,9,9,9,success,786.0
P1,libero_spatial_task,0,7,hardcap,3,/hw-tbo/yjx/workspace/RPent/logs/pg_exp/20260817-16:39:26_hardcap_libero_spatial_task_t0_s7_r3,False,40,40,3460167,22,14,8,14,grasp_fail,1645.0
P1,libero_spatial_task,0,10,hardcap,2,/hw-tbo/yjx/workspace/RPent/logs/pg_exp/20260817-16:51:54_hardcap_libero_spatial_task_t0_s10_r2,True,40,40,3521409,21,12,5,12,success,965.0
P1,libero_spatial_task,7,1,hardcap,1,/hw-tbo/yjx/workspace/RPent/logs/pg_exp/20260817-16:55:37_hardcap_libero_spatial_task_t7_s1_r1,False,40,40,3230839,28,7,7,7,grasp_fail,790.0
P1,libero_spatial_task,7,1,hardcap,3,/hw-tbo/yjx/workspace/RPent/logs/pg_exp/20260817-16:58:22_hardcap_libero_spatial_task_t7_s1_r3,False,40,40,3524557,25,8,10,8,grasp_fail,725.0
P1,libero_spatial_task,7,1,hardcap,2,/hw-tbo/yjx/workspace/RPent/logs/pg_exp/20260817-16:56:36_hardcap_libero_spatial_task_t7_s1_r2,True,38,38,3686336,19,11,7,10,success,930.0
P1,libero_spatial_task,7,2,hardcap,1,/hw-tbo/yjx/workspace/RPent/logs/pg_exp/20260817-16:59:57_hardcap_libero_spatial_task_t7_s2_r1,True,38,38,3526681,22,14,8,14,success,791.0
P1,libero_spatial_task,7,2,hardcap,2,/hw-tbo/yjx/workspace/RPent/logs/pg_exp/20260817-17:03:49_hardcap_libero_spatial_task_t7_s2_r2,False,40,40,3465680,23,13,7,13,grasp_fail,677.0
P1,libero_spatial_task,7,2,hardcap,3,/hw-tbo/yjx/workspace/RPent/logs/pg_exp/20260817-17:05:04_hardcap_libero_spatial_task_t7_s2_r3,False,40,40,3451253,20,13,7,13,placement_fail,626.0
P1,libero_spatial_task,7,3,hardcap,1,/hw-tbo/yjx/workspace/RPent/logs/pg_exp/20260817-17:06:51_hardcap_libero_spatial_task_t7_s3_r1,False,40,40,3678219,25,10,9,10,placement_fail,778.0
P1,libero_spatial_task,7,4,hardcap,1,/hw-tbo/yjx/workspace/RPent/logs/pg_exp/20260817-17:10:27_hardcap_libero_spatial_task_t7_s4_r1,True,33,33,2335836,17,10,8,10,success,701.0
P1,libero_spatial_task,7,3,hardcap,3,/hw-tbo/yjx/workspace/RPent/logs/pg_exp/20260817-17:08:48_hardcap_libero_spatial_task_t7_s3_r3,True,37,37,3307792,20,12,9,12,success,828.0
P1,libero_spatial_task,7,3,hardcap,2,/hw-tbo/yjx/workspace/RPent/logs/pg_exp/20260817-17:08:00_hardcap_libero_spatial_task_t7_s3_r2,False,40,40,3623361,25,11,8,11,grasp_fail,880.0
P1,libero_spatial_task,7,4,hardcap,2,/hw-tbo/yjx/workspace/RPent/logs/pg_exp/20260817-17:12:07_hardcap_libero_spatial_task_t7_s4_r2,True,33,33,2447088,20,9,8,9,success,644.0
P1,libero_spatial_task,7,4,hardcap,3,/hw-tbo/yjx/workspace/RPent/logs/pg_exp/20260817-17:13:09_hardcap_libero_spatial_task_t7_s4_r3,True,30,30,2516214,19,7,8,7,success,725.0
P1,libero_spatial_task,7,5,hardcap,2,/hw-tbo/yjx/workspace/RPent/logs/pg_exp/20260817-17:15:31_hardcap_libero_spatial_task_t7_s5_r2,True,32,32,2407846,20,9,11,9,success,627.0
P1,libero_spatial_task,7,5,hardcap,3,/hw-tbo/yjx/workspace/RPent/logs/pg_exp/20260817-17:19:50_hardcap_libero_spatial_task_t7_s5_r3,True,32,32,2512714,19,8,7,8,success,583.0
P1,libero_spatial_task,7,5,hardcap,1,/hw-tbo/yjx/workspace/RPent/logs/pg_exp/20260817-17:15:07_hardcap_libero_spatial_task_t7_s5_r1,False,40,40,3636215,19,15,7,15,placement_fail,971.0
P1,libero_spatial_task,7,6,hardcap,1,/hw-tbo/yjx/workspace/RPent/logs/pg_exp/20260817-17:22:09_hardcap_libero_spatial_task_t7_s6_r1,False,40,40,3550818,24,10,7,10,grasp_fail,769.0
P1,libero_spatial_task,7,7,hardcap,2,/hw-tbo/yjx/workspace/RPent/logs/pg_exp/20260817-17:25:15_hardcap_libero_spatial_task_t7_s7_r2,True,34,34,2833801,16,9,7,9,success,641.0
P1,libero_spatial_task,7,7,hardcap,1,/hw-tbo/yjx/workspace/RPent/logs/pg_exp/20260817-17:22:52_hardcap_libero_spatial_task_t7_s7_r1,True,40,40,3841501,18,14,7,14,success,811.0
P1,libero_spatial_task,7,6,hardcap,2,/hw-tbo/yjx/workspace/RPent/logs/pg_exp/20260817-17:22:36_hardcap_libero_spatial_task_t7_s6_r2,False,40,40,3984341,33,10,10,10,grasp_fail,884.0
P1,libero_spatial_task,7,6,hardcap,3,/hw-tbo/yjx/workspace/RPent/logs/pg_exp/20260817-17:22:42_hardcap_libero_spatial_task_t7_s6_r3,False,40,40,3831844,35,15,12,15,placement_fail,932.0
P1,libero_spatial_task,7,8,hardcap,1,/hw-tbo/yjx/workspace/RPent/logs/pg_exp/20260817-17:29:33_hardcap_libero_spatial_task_t7_s8_r1,True,27,27,1797857,15,8,6,8,success,571.0
P1,libero_spatial_task,7,7,hardcap,3,/hw-tbo/yjx/workspace/RPent/logs/pg_exp/20260817-17:25:58_hardcap_libero_spatial_task_t7_s7_r3,False,40,40,4101091,25,12,7,12,placement_fail,963.0
P1,libero_spatial_task,7,9,hardcap,1,/hw-tbo/yjx/workspace/RPent/logs/pg_exp/20260817-17:35:56_hardcap_libero_spatial_task_t7_s9_r1,False,40,40,3656595,16,18,7,11,reach_plan_fail,645.0
P1,libero_spatial_task,7,8,hardcap,3,/hw-tbo/yjx/workspace/RPent/logs/pg_exp/20260817-17:34:58_hardcap_libero_spatial_task_t7_s8_r3,False,40,40,3050067,22,14,7,12,placement_fail,735.0
P1,libero_spatial_task,7,10,hardcap,1,/hw-tbo/yjx/workspace/RPent/logs/pg_exp/20260817-17:38:14_hardcap_libero_spatial_task_t7_s10_r1,True,40,40,3429133,20,13,8,13,success,583.0
P1,libero_spatial_task,7,9,hardcap,2,/hw-tbo/yjx/workspace/RPent/logs/pg_exp/20260817-17:36:24_hardcap_libero_spatial_task_t7_s9_r2,True,37,37,2593565,25,15,8,15,success,713.0
P1,libero_spatial_task,7,8,hardcap,2,/hw-tbo/yjx/workspace/RPent/logs/pg_exp/20260817-17:31:19_hardcap_libero_spatial_task_t7_s8_r2,True,34,34,2810062,18,10,7,10,success,1076.0
P1,libero_spatial_task,7,9,hardcap,3,/hw-tbo/yjx/workspace/RPent/logs/pg_exp/20260817-17:37:21_hardcap_libero_spatial_task_t7_s9_r3,True,39,39,3446964,21,10,8,10,success,764.0
P1,libero_spatial_task,7,10,hardcap,2,/hw-tbo/yjx/workspace/RPent/logs/pg_exp/20260817-17:39:05_hardcap_libero_spatial_task_t7_s10_r2,False,40,40,2877045,24,10,7,10,grasp_fail,720.0
P1,libero_spatial_task,7,10,hardcap,3,/hw-tbo/yjx/workspace/RPent/logs/pg_exp/20260817-17:42:02_hardcap_libero_spatial_task_t7_s10_r3,True,35,35,3066546,21,9,8,9,success,702.0
P1,libero_spatial_task,9,1,hardcap,1,/hw-tbo/yjx/workspace/RPent/logs/pg_exp/20260818-10:06:51_hardcap_libero_spatial_task_t9_s1_r1,False,40,40,3362136,23,11,7,11,placement_fail,502.0
P1,libero_spatial_task,9,2,hardcap,2,/hw-tbo/yjx/workspace/RPent/logs/pg_exp/20260818-10:06:51_hardcap_libero_spatial_task_t9_s2_r2,False,40,40,3436384,25,8,10,8,grasp_fail,513.0
P1,libero_spatial_task,9,1,hardcap,3,/hw-tbo/yjx/workspace/RPent/logs/pg_exp/20260818-10:06:51_hardcap_libero_spatial_task_t9_s1_r3,False,40,40,3581342,26,11,7,11,placement_fail,525.0
P1,libero_spatial_task,9,3,hardcap,1,/hw-tbo/yjx/workspace/RPent/logs/pg_exp/20260818-10:06:51_hardcap_libero_spatial_task_t9_s3_r1,True,34,34,2964134,19,12,6,11,success,654.0
P1,libero_spatial_task,9,3,hardcap,2,/hw-tbo/yjx/workspace/RPent/logs/pg_exp/20260818-10:06:51_hardcap_libero_spatial_task_t9_s3_r2,False,40,40,3808834,21,13,5,13,placement_fail,721.0
P1,libero_spatial_task,9,2,hardcap,3,/hw-tbo/yjx/workspace/RPent/logs/pg_exp/20260818-10:06:51_hardcap_libero_spatial_task_t9_s2_r3,False,40,40,4045466,23,11,7,11,grasp_fail,753.0
P1,libero_spatial_task,9,2,hardcap,1,/hw-tbo/yjx/workspace/RPent/logs/pg_exp/20260818-10:06:51_hardcap_libero_spatial_task_t9_s2_r1,False,40,40,3693412,22,12,7,12,placement_fail,774.0
P1,libero_spatial_task,9,1,hardcap,2,/hw-tbo/yjx/workspace/RPent/logs/pg_exp/20260818-10:06:51_hardcap_libero_spatial_task_t9_s1_r2,False,40,40,3694030,25,13,8,13,grasp_fail,778.0
P1,libero_spatial_task,9,3,hardcap,3,/hw-tbo/yjx/workspace/RPent/logs/pg_exp/20260818-10:15:13_hardcap_libero_spatial_task_t9_s3_r3,False,40,40,3112714,25,8,7,8,grasp_fail,526.0
P1,libero_spatial_task,9,4,hardcap,1,/hw-tbo/yjx/workspace/RPent/logs/pg_exp/20260818-10:15:25_hardcap_libero_spatial_task_t9_s4_r1,False,40,40,3211014,16,19,5,19,placement_fail,520.0
P1,libero_spatial_task,9,4,hardcap,2,/hw-tbo/yjx/workspace/RPent/logs/pg_exp/20260818-10:15:36_hardcap_libero_spatial_task_t9_s4_r2,False,40,40,3674923,18,15,8,15,placement_fail,648.0
P1,libero_spatial_task,9,6,hardcap,1,/hw-tbo/yjx/workspace/RPent/logs/pg_exp/20260818-10:19:49_hardcap_libero_spatial_task_t9_s6_r1,False,40,40,3503222,29,7,8,7,grasp_fail,441.0
P1,libero_spatial_task,9,4,hardcap,3,/hw-tbo/yjx/workspace/RPent/logs/pg_exp/20260818-10:17:46_hardcap_libero_spatial_task_t9_s4_r3,True,40,40,3466968,24,12,12,12,success,592.0
P1,libero_spatial_task,9,5,hardcap,2,/hw-tbo/yjx/workspace/RPent/logs/pg_exp/20260818-10:19:24_hardcap_libero_spatial_task_t9_s5_r2,False,40,40,3834916,23,11,5,11,placement_fail,617.0
P1,libero_spatial_task,9,5,hardcap,1,/hw-tbo/yjx/workspace/RPent/logs/pg_exp/20260818-10:18:53_hardcap_libero_spatial_task_t9_s5_r1,False,40,40,3610501,22,11,7,11,placement_fail,664.0
P1,libero_spatial_task,9,5,hardcap,3,/hw-tbo/yjx/workspace/RPent/logs/pg_exp/20260818-10:19:45_hardcap_libero_spatial_task_t9_s5_r3,False,40,40,3529283,28,10,8,10,grasp_fail,654.0
P1,libero_spatial_task,9,6,hardcap,3,/hw-tbo/yjx/workspace/RPent/logs/pg_exp/20260818-10:24:06_hardcap_libero_spatial_task_t9_s6_r3,True,34,34,2896509,18,10,7,10,success,557.0
P1,libero_spatial_task,9,7,hardcap,3,/hw-tbo/yjx/workspace/RPent/logs/pg_exp/20260818-10:27:39_hardcap_libero_spatial_task_t9_s7_r3,True,37,37,3131372,16,8,7,8,success,466.0
P1,libero_spatial_task,9,7,hardcap,1,/hw-tbo/yjx/workspace/RPent/logs/pg_exp/20260818-10:26:25_hardcap_libero_spatial_task_t9_s7_r1,True,31,31,2666064,16,8,7,8,success,564.0
P1,libero_spatial_task,9,6,hardcap,2,/hw-tbo/yjx/workspace/RPent/logs/pg_exp/20260818-10:24:01_hardcap_libero_spatial_task_t9_s6_r2,True,40,40,3493768,22,13,6,13,success,791.0
P1,libero_spatial_task,9,8,hardcap,1,/hw-tbo/yjx/workspace/RPent/logs/pg_exp/20260818-10:29:41_hardcap_libero_spatial_task_t9_s8_r1,True,34,34,4379914,21,8,8,8,success,522.0
P1,libero_spatial_task,9,7,hardcap,2,/hw-tbo/yjx/workspace/RPent/logs/pg_exp/20260818-10:27:11_hardcap_libero_spatial_task_t9_s7_r2,True,40,40,3329024,20,20,7,19,success,734.0
P1,libero_spatial_task,9,8,hardcap,2,/hw-tbo/yjx/workspace/RPent/logs/pg_exp/20260818-10:29:57_hardcap_libero_spatial_task_t9_s8_r2,False,40,40,3706459,23,11,7,11,placement_fail,657.0
P1,libero_spatial_task,9,8,hardcap,3,/hw-tbo/yjx/workspace/RPent/logs/pg_exp/20260818-10:30:39_hardcap_libero_spatial_task_t9_s8_r3,False,40,40,3806421,22,12,7,12,placement_fail,660.0
P1,libero_spatial_task,9,9,hardcap,2,/hw-tbo/yjx/workspace/RPent/logs/pg_exp/20260818-10:35:25_hardcap_libero_spatial_task_t9_s9_r2,True,26,26,1175484,12,10,6,10,success,444.0
P1,libero_spatial_task,9,9,hardcap,1,/hw-tbo/yjx/workspace/RPent/logs/pg_exp/20260818-10:33:23_hardcap_libero_spatial_task_t9_s9_r1,False,40,40,3546329,27,9,9,9,grasp_fail,580.0
P1,libero_spatial_task,9,10,hardcap,2,/hw-tbo/yjx/workspace/RPent/logs/pg_exp/20260818-10:38:24_hardcap_libero_spatial_task_t9_s10_r2,True,30,30,1479839,23,11,7,10,success,528.0
P1,libero_spatial_task,9,10,hardcap,1,/hw-tbo/yjx/workspace/RPent/logs/pg_exp/20260818-10:37:13_hardcap_libero_spatial_task_t9_s10_r1,False,40,40,3681827,21,13,5,13,placement_fail,603.0
P1,libero_spatial_task,9,9,hardcap,3,/hw-tbo/yjx/workspace/RPent/logs/pg_exp/20260818-10:35:50_hardcap_libero_spatial_task_t9_s9_r3,False,40,40,3401039,20,15,8,15,placement_fail,721.0
P1,libero_spatial_task,9,10,hardcap,3,/hw-tbo/yjx/workspace/RPent/logs/pg_exp/20260818-10:39:25_hardcap_libero_spatial_task_t9_s10_r3,False,40,40,3497765,19,14,7,14,placement_fail,587.0
