ts,stage,suite,task,seed,cond,repeat,dir,rc,wall_s,result
20260812-23:39:4,P0,libero_spatial_task,0,1,baseline,1,/hw-tbo/yjx/workspace/RPent/logs/20260812-23:39:42_libero_spatial_task_t0_s1/,0,,policy_fail
20260812-23:47:5,P0,libero_spatial_task,0,2,baseline,1,/hw-tbo/yjx/workspace/RPent/logs/20260812-23:47:59_libero_spatial_task_t0_s2/,0,,policy_fail
20260812-23:58:3,P0,libero_spatial_task,0,3,baseline,1,/hw-tbo/yjx/workspace/RPent/logs/20260812-23:58:33_libero_spatial_task_t0_s3/,0,,policy_fail
20260813-12:55:2,P0,libero_spatial_task,0,4,baseline,1,/hw-tbo/yjx/workspace/RPent/logs/20260813-12:55:29_libero_spatial_task_t0_s4/,0,,policy_fail
20260813-12:58:3,P0,libero_spatial_task,0,5,baseline,1,/hw-tbo/yjx/workspace/RPent/logs/20260813-12:58:33_libero_spatial_task_t0_s5/,0,,policy_fail
20260813-13:01:0,P0,libero_spatial_task,0,6,baseline,1,/hw-tbo/yjx/workspace/RPent/logs/20260813-13:01:06_libero_spatial_task_t0_s6/,0,,success
20260813-13:03:2,P0,libero_spatial_task,0,7,baseline,1,/hw-tbo/yjx/workspace/RPent/logs/20260813-13:03:28_libero_spatial_task_t0_s7/,0,,policy_fail
20260813-13:07:3,P0,libero_spatial_task,0,8,baseline,1,/hw-tbo/yjx/workspace/RPent/logs/20260813-13:07:35_libero_spatial_task_t0_s8/,0,,success
20260813-13:09:4,P0,libero_spatial_task,0,9,baseline,1,/hw-tbo/yjx/workspace/RPent/logs/20260813-13:09:43_libero_spatial_task_t0_s9/,0,,success
20260813-13:10:4,P0,libero_spatial_task,0,10,baseline,1,/hw-tbo/yjx/workspace/RPent/logs/20260813-13:10:45_libero_spatial_task_t0_s10/,0,,success
20260814-18:26:0,P0,libero_spatial_task,7,1,baseline,1,/hw-tbo/yjx/workspace/RPent/logs/20260814-18:26:09_libero_spatial_task_t7_s1/,0,,success
20260814-18:26:0,P0,libero_spatial_task,7,2,baseline,1,/hw-tbo/yjx/workspace/RPent/logs/20260814-18:26:09_libero_spatial_task_t7_s2/,0,,success
20260814-18:33:4,P0,libero_spatial_task,7,3,baseline,1,/hw-tbo/yjx/workspace/RPent/logs/20260814-18:33:48_libero_spatial_task_t7_s3/,0,,policy_fail
20260814-18:36:5,P0,libero_spatial_task,7,4,baseline,1,/hw-tbo/yjx/workspace/RPent/logs/20260814-18:36:55_libero_spatial_task_t7_s4/,0,,policy_fail
20260814-18:38:3,P0,libero_spatial_task,7,5,baseline,1,/hw-tbo/yjx/workspace/RPent/logs/20260814-18:38:33_libero_spatial_task_t7_s5/,0,,policy_fail
20260814-18:43:4,P0,libero_spatial_task,7,6,baseline,1,/hw-tbo/yjx/workspace/RPent/logs/20260814-18:43:42_libero_spatial_task_t7_s6/,0,,policy_fail
20260814-18:43:5,P0,libero_spatial_task,7,7,baseline,1,/hw-tbo/yjx/workspace/RPent/logs/20260814-18:43:55_libero_spatial_task_t7_s7/,0,,policy_fail
20260814-18:48:0,P0,libero_spatial_task,7,8,baseline,1,/hw-tbo/yjx/workspace/RPent/logs/20260814-18:48:08_libero_spatial_task_t7_s8/,0,,policy_fail
20260814-18:51:1,P0,libero_spatial_task,7,9,baseline,1,/hw-tbo/yjx/workspace/RPent/logs/20260814-18:51:14_libero_spatial_task_t7_s9/,0,,policy_fail
20260814-14:09:4,P0,libero_spatial_task,7,10,baseline,1,/hw-tbo/yjx/workspace/RPent/logs/20260814-14:09:41_libero_spatial_task_t7_s10/,0,,success
20260813-15:38:2,P0,libero_spatial_task,9,1,baseline,1,/hw-tbo/yjx/workspace/RPent/logs/20260813-15:38:25_libero_spatial_task_t9_s1/,0,,policy_fail
20260813-15:38:5,P0,libero_spatial_task,9,2,baseline,1,/hw-tbo/yjx/workspace/RPent/logs/20260813-15:38:56_libero_spatial_task_t9_s2/,0,,success
20260813-15:42:4,P0,libero_spatial_task,9,3,baseline,1,/hw-tbo/yjx/workspace/RPent/logs/20260813-15:42:48_libero_spatial_task_t9_s3/,0,,policy_fail
20260813-15:52:3,P0,libero_spatial_task,9,4,baseline,1,/hw-tbo/yjx/workspace/RPent/logs/20260813-15:52:31_libero_spatial_task_t9_s4/,0,,success
20260813-15:53:3,P0,libero_spatial_task,9,5,baseline,1,/hw-tbo/yjx/workspace/RPent/logs/20260813-15:53:34_libero_spatial_task_t9_s5/,0,,success
20260813-15:53:3,P0,libero_spatial_task,9,6,baseline,1,/hw-tbo/yjx/workspace/RPent/logs/20260813-15:53:36_libero_spatial_task_t9_s6/,0,,policy_fail
20260813-15:56:1,P0,libero_spatial_task,9,7,baseline,1,/hw-tbo/yjx/workspace/RPent/logs/20260813-15:56:15_libero_spatial_task_t9_s7/,0,,success
20260813-16:06:4,P0,libero_spatial_task,9,8,baseline,1,/hw-tbo/yjx/workspace/RPent/logs/20260813-16:06:42_libero_spatial_task_t9_s8/,0,,policy_fail
20260813-16:07:1,P0,libero_spatial_task,9,9,baseline,1,/hw-tbo/yjx/workspace/RPent/logs/20260813-16:07:13_libero_spatial_task_t9_s9/,0,,success
20260813-16:08:4,P0,libero_spatial_task,9,10,baseline,1,/hw-tbo/yjx/workspace/RPent/logs/20260813-16:08:46_libero_spatial_task_t9_s10/,0,,success
20260814-19:05:48,P0,libero_spatial_task,0,1,baseline,2,/hw-tbo/yjx/workspace/RPent/logs/pg_exp/20260814-19:05:48_baseline_libero_spatial_task_t0_s1_r2,0,580.7,policy_fail
20260814-19:05:48,P0,libero_spatial_task,0,1,baseline,3,/hw-tbo/yjx/workspace/RPent/logs/pg_exp/20260814-19:05:48_baseline_libero_spatial_task_t0_s1_r3,0,732.7,policy_fail
20260814-19:19:20,P0,libero_spatial_task,0,2,baseline,2,/hw-tbo/yjx/workspace/RPent/logs/pg_exp/20260814-19:19:20_baseline_libero_spatial_task_t0_s2_r2,0,389.0,policy_fail
20260814-19:21:22,P0,libero_spatial_task,0,2,baseline,3,/hw-tbo/yjx/workspace/RPent/logs/pg_exp/20260814-19:21:22_baseline_libero_spatial_task_t0_s2_r3,0,451.8,success
20260814-19:31:03,P0,libero_spatial_task,0,3,baseline,2,/hw-tbo/yjx/workspace/RPent/logs/pg_exp/20260814-19:31:03_baseline_libero_spatial_task_t0_s3_r2,0,471.4,policy_fail
20260814-19:31:14,P0,libero_spatial_task,0,3,baseline,3,/hw-tbo/yjx/workspace/RPent/logs/pg_exp/20260814-19:31:14_baseline_libero_spatial_task_t0_s3_r3,0,741.6,policy_fail
20260814-19:43:36,P0,libero_spatial_task,0,4,baseline,2,/hw-tbo/yjx/workspace/RPent/logs/pg_exp/20260814-19:43:36_baseline_libero_spatial_task_t0_s4_r2,0,478.4,policy_fail
20260814-19:44:42,P0,libero_spatial_task,0,4,baseline,3,/hw-tbo/yjx/workspace/RPent/logs/pg_exp/20260814-19:44:42_baseline_libero_spatial_task_t0_s4_r3,0,799.4,policy_fail
20260814-19:57:23,P0,libero_spatial_task,0,5,baseline,2,/hw-tbo/yjx/workspace/RPent/logs/pg_exp/20260814-19:57:23_baseline_libero_spatial_task_t0_s5_r2,0,544.7,success
20260814-19:58:01,P0,libero_spatial_task,0,5,baseline,3,/hw-tbo/yjx/workspace/RPent/logs/pg_exp/20260814-19:58:01_baseline_libero_spatial_task_t0_s5_r3,0,677.2,policy_fail
20260814-20:11:57,P0,libero_spatial_task,0,6,baseline,3,/hw-tbo/yjx/workspace/RPent/logs/pg_exp/20260814-20:11:57_baseline_libero_spatial_task_t0_s6_r3,0,637.8,success
20260814-20:10:51,P0,libero_spatial_task,0,6,baseline,2,/hw-tbo/yjx/workspace/RPent/logs/pg_exp/20260814-20:10:51_baseline_libero_spatial_task_t0_s6_r2,0,790.7,policy_fail
20260814-20:26:17,P0,libero_spatial_task,0,7,baseline,2,/hw-tbo/yjx/workspace/RPent/logs/pg_exp/20260814-20:26:17_baseline_libero_spatial_task_t0_s7_r2,0,474.0,policy_fail
20260814-20:27:16,P0,libero_spatial_task,0,7,baseline,3,/hw-tbo/yjx/workspace/RPent/logs/pg_exp/20260814-20:27:16_baseline_libero_spatial_task_t0_s7_r3,0,568.3,policy_fail
20260814-20:39:11,P0,libero_spatial_task,0,8,baseline,2,/hw-tbo/yjx/workspace/RPent/logs/pg_exp/20260814-20:39:11_baseline_libero_spatial_task_t0_s8_r2,0,545.0,success
20260814-20:39:31,P0,libero_spatial_task,0,8,baseline,3,/hw-tbo/yjx/workspace/RPent/logs/pg_exp/20260814-20:39:31_baseline_libero_spatial_task_t0_s8_r3,0,646.9,success
20260814-20:52:54,P0,libero_spatial_task,0,9,baseline,2,/hw-tbo/yjx/workspace/RPent/logs/pg_exp/20260814-20:52:54_baseline_libero_spatial_task_t0_s9_r2,0,464.9,success
20260814-20:53:05,P0,libero_spatial_task,0,9,baseline,3,/hw-tbo/yjx/workspace/RPent/logs/pg_exp/20260814-20:53:05_baseline_libero_spatial_task_t0_s9_r3,0,558.0,success
20260814-21:04:45,P0,libero_spatial_task,0,10,baseline,2,/hw-tbo/yjx/workspace/RPent/logs/pg_exp/20260814-21:04:45_baseline_libero_spatial_task_t0_s10_r2,0,572.7,success
20260814-21:06:12,P0,libero_spatial_task,0,10,baseline,3,/hw-tbo/yjx/workspace/RPent/logs/pg_exp/20260814-21:06:12_baseline_libero_spatial_task_t0_s10_r3,0,593.7,success
20260814-21:18:43,P0,libero_spatial_task,7,1,baseline,3,/hw-tbo/yjx/workspace/RPent/logs/pg_exp/20260814-21:18:43_baseline_libero_spatial_task_t7_s1_r3,0,693.6,policy_fail
20260814-21:18:36,P0,libero_spatial_task,7,1,baseline,2,/hw-tbo/yjx/workspace/RPent/logs/pg_exp/20260814-21:18:36_baseline_libero_spatial_task_t7_s1_r2,0,811.0,policy_fail
20260814-21:34:48,P0,libero_spatial_task,7,2,baseline,3,/hw-tbo/yjx/workspace/RPent/logs/pg_exp/20260814-21:34:48_baseline_libero_spatial_task_t7_s2_r3,0,705.8,policy_fail
20260814-21:34:35,P0,libero_spatial_task,7,2,baseline,2,/hw-tbo/yjx/workspace/RPent/logs/pg_exp/20260814-21:34:35_baseline_libero_spatial_task_t7_s2_r2,0,742.2,success
20260814-21:50:48,P0,libero_spatial_task,7,3,baseline,3,/hw-tbo/yjx/workspace/RPent/logs/pg_exp/20260814-21:50:48_baseline_libero_spatial_task_t7_s3_r3,0,529.1,policy_fail
20260814-21:49:17,P0,libero_spatial_task,7,3,baseline,2,/hw-tbo/yjx/workspace/RPent/logs/pg_exp/20260814-21:49:17_baseline_libero_spatial_task_t7_s3_r2,0,713.6,success
20260814-22:02:59,P0,libero_spatial_task,7,4,baseline,2,/hw-tbo/yjx/workspace/RPent/logs/pg_exp/20260814-22:02:59_baseline_libero_spatial_task_t7_s4_r2,0,639.0,policy_fail
20260814-22:04:40,P0,libero_spatial_task,7,4,baseline,3,/hw-tbo/yjx/workspace/RPent/logs/pg_exp/20260814-22:04:40_baseline_libero_spatial_task_t7_s4_r3,0,570.4,policy_fail
20260814-22:16:24,P0,libero_spatial_task,7,5,baseline,2,/hw-tbo/yjx/workspace/RPent/logs/pg_exp/20260814-22:16:24_baseline_libero_spatial_task_t7_s5_r2,0,736.8,success
20260814-22:17:53,P0,libero_spatial_task,7,5,baseline,3,/hw-tbo/yjx/workspace/RPent/logs/pg_exp/20260814-22:17:53_baseline_libero_spatial_task_t7_s5_r3,0,721.3,success
20260814-22:31:45,P0,libero_spatial_task,7,6,baseline,2,/hw-tbo/yjx/workspace/RPent/logs/pg_exp/20260814-22:31:45_baseline_libero_spatial_task_t7_s6_r2,0,441.2,policy_fail
20260814-22:32:56,P0,libero_spatial_task,7,6,baseline,3,/hw-tbo/yjx/workspace/RPent/logs/pg_exp/20260814-22:32:56_baseline_libero_spatial_task_t7_s6_r3,0,583.7,policy_fail
20260814-22:43:36,P0,libero_spatial_task,7,7,baseline,2,/hw-tbo/yjx/workspace/RPent/logs/pg_exp/20260814-22:43:36_baseline_libero_spatial_task_t7_s7_r2,0,493.9,success
20260814-22:45:21,P0,libero_spatial_task,7,7,baseline,3,/hw-tbo/yjx/workspace/RPent/logs/pg_exp/20260814-22:45:21_baseline_libero_spatial_task_t7_s7_r3,0,838.6,success
20260814-22:59:19,P0,libero_spatial_task,7,8,baseline,3,/hw-tbo/yjx/workspace/RPent/logs/pg_exp/20260814-22:59:19_baseline_libero_spatial_task_t7_s8_r3,0,575.6,policy_fail
20260814-22:59:19,P0,libero_spatial_task,7,8,baseline,2,/hw-tbo/yjx/workspace/RPent/logs/pg_exp/20260814-22:59:19_baseline_libero_spatial_task_t7_s8_r2,0,842.2,policy_fail
20260814-23:13:47,P0,libero_spatial_task,7,9,baseline,2,/hw-tbo/yjx/workspace/RPent/logs/pg_exp/20260814-23:13:47_baseline_libero_spatial_task_t7_s9_r2,0,535.1,success
20260814-23:15:13,P0,libero_spatial_task,7,9,baseline,3,/hw-tbo/yjx/workspace/RPent/logs/pg_exp/20260814-23:15:13_baseline_libero_spatial_task_t7_s9_r3,0,566.5,success
20260814-23:26:36,P0,libero_spatial_task,7,10,baseline,2,/hw-tbo/yjx/workspace/RPent/logs/pg_exp/20260814-23:26:36_baseline_libero_spatial_task_t7_s10_r2,0,640.3,policy_fail
20260814-23:27:05,P0,libero_spatial_task,7,10,baseline,3,/hw-tbo/yjx/workspace/RPent/logs/pg_exp/20260814-23:27:05_baseline_libero_spatial_task_t7_s10_r3,0,612.0,policy_fail
20260814-23:39:57,P0,libero_spatial_task,9,1,baseline,2,/hw-tbo/yjx/workspace/RPent/logs/pg_exp/20260814-23:39:57_baseline_libero_spatial_task_t9_s1_r2,0,711.5,policy_fail
20260814-23:41:40,P0,libero_spatial_task,9,1,baseline,3,/hw-tbo/yjx/workspace/RPent/logs/pg_exp/20260814-23:41:40_baseline_libero_spatial_task_t9_s1_r3,0,672.9,policy_fail
20260814-23:55:21,P0,libero_spatial_task,9,2,baseline,2,/hw-tbo/yjx/workspace/RPent/logs/pg_exp/20260814-23:55:21_baseline_libero_spatial_task_t9_s2_r2,0,607.6,success
20260814-23:56:05,P0,libero_spatial_task,9,2,baseline,3,/hw-tbo/yjx/workspace/RPent/logs/pg_exp/20260814-23:56:05_baseline_libero_spatial_task_t9_s2_r3,0,687.9,policy_fail
20260815-00:10:12,P0,libero_spatial_task,9,3,baseline,3,/hw-tbo/yjx/workspace/RPent/logs/pg_exp/20260815-00:10:12_baseline_libero_spatial_task_t9_s3_r3,0,514.9,policy_fail
20260815-00:09:44,P0,libero_spatial_task,9,3,baseline,2,/hw-tbo/yjx/workspace/RPent/logs/pg_exp/20260815-00:09:44_baseline_libero_spatial_task_t9_s3_r2,0,553.0,success
20260815-00:21:33,P0,libero_spatial_task,9,4,baseline,2,/hw-tbo/yjx/workspace/RPent/logs/pg_exp/20260815-00:21:33_baseline_libero_spatial_task_t9_s4_r2,0,490.7,success
20260815-00:23:23,P0,libero_spatial_task,9,4,baseline,3,/hw-tbo/yjx/workspace/RPent/logs/pg_exp/20260815-00:23:23_baseline_libero_spatial_task_t9_s4_r3,0,564.9,success
20260815-00:34:33,P0,libero_spatial_task,9,5,baseline,2,/hw-tbo/yjx/workspace/RPent/logs/pg_exp/20260815-00:34:33_baseline_libero_spatial_task_t9_s5_r2,0,477.8,success
20260815-00:35:13,P0,libero_spatial_task,9,5,baseline,3,/hw-tbo/yjx/workspace/RPent/logs/pg_exp/20260815-00:35:13_baseline_libero_spatial_task_t9_s5_r3,0,506.9,success
20260815-00:45:31,P0,libero_spatial_task,9,6,baseline,2,/hw-tbo/yjx/workspace/RPent/logs/pg_exp/20260815-00:45:31_baseline_libero_spatial_task_t9_s6_r2,0,573.0,policy_fail
20260815-00:47:37,P0,libero_spatial_task,9,6,baseline,3,/hw-tbo/yjx/workspace/RPent/logs/pg_exp/20260815-00:47:37_baseline_libero_spatial_task_t9_s6_r3,0,671.7,policy_fail
20260815-00:59:15,P0,libero_spatial_task,9,7,baseline,2,/hw-tbo/yjx/workspace/RPent/logs/pg_exp/20260815-00:59:15_baseline_libero_spatial_task_t9_s7_r2,0,590.5,success
20260815-01:01:39,P0,libero_spatial_task,9,7,baseline,3,/hw-tbo/yjx/workspace/RPent/logs/pg_exp/20260815-01:01:39_baseline_libero_spatial_task_t9_s7_r3,0,561.3,policy_fail
20260815-01:12:59,P0,libero_spatial_task,9,8,baseline,2,/hw-tbo/yjx/workspace/RPent/logs/pg_exp/20260815-01:12:59_baseline_libero_spatial_task_t9_s8_r2,0,531.1,success
20260815-01:13:24,P0,libero_spatial_task,9,8,baseline,3,/hw-tbo/yjx/workspace/RPent/logs/pg_exp/20260815-01:13:24_baseline_libero_spatial_task_t9_s8_r3,0,585.0,policy_fail
20260815-01:25:39,P0,libero_spatial_task,9,9,baseline,2,/hw-tbo/yjx/workspace/RPent/logs/pg_exp/20260815-01:25:39_baseline_libero_spatial_task_t9_s9_r2,0,590.5,policy_fail
20260815-01:27:33,P0,libero_spatial_task,9,9,baseline,3,/hw-tbo/yjx/workspace/RPent/logs/pg_exp/20260815-01:27:33_baseline_libero_spatial_task_t9_s9_r3,0,646.6,success
20260815-01:40:14,P0,libero_spatial_task,9,10,baseline,2,/hw-tbo/yjx/workspace/RPent/logs/pg_exp/20260815-01:40:14_baseline_libero_spatial_task_t9_s10_r2,0,501.5,success
20260815-01:40:28,P0,libero_spatial_task,9,10,baseline,3,/hw-tbo/yjx/workspace/RPent/logs/pg_exp/20260815-01:40:28_baseline_libero_spatial_task_t9_s10_r3,0,545.2,policy_fail
20260817-13:51:45,P0,libero_spatial_task,0,2,ours,3,/hw-tbo/yjx/workspace/RPent/logs/pg_exp/20260817-13:51:45_ours_libero_spatial_task_t0_s2_r3,0,527.3,policy_fail
20260817-13:51:45,P0,libero_spatial_task,0,3,ours,2,/hw-tbo/yjx/workspace/RPent/logs/pg_exp/20260817-13:51:45_ours_libero_spatial_task_t0_s3_r2,0,534.6,policy_fail
20260817-13:51:45,P0,libero_spatial_task,0,2,ours,2,/hw-tbo/yjx/workspace/RPent/logs/pg_exp/20260817-13:51:45_ours_libero_spatial_task_t0_s2_r2,0,549.6,policy_fail
20260817-13:51:45,P0,libero_spatial_task,0,1,ours,2,/hw-tbo/yjx/workspace/RPent/logs/pg_exp/20260817-13:51:45_ours_libero_spatial_task_t0_s1_r2,0,621.3,policy_fail
20260817-13:51:45,P0,libero_spatial_task,0,1,ours,3,/hw-tbo/yjx/workspace/RPent/logs/pg_exp/20260817-13:51:45_ours_libero_spatial_task_t0_s1_r3,0,666.5,policy_fail
20260817-13:51:45,P0,libero_spatial_task,0,3,ours,1,/hw-tbo/yjx/workspace/RPent/logs/pg_exp/20260817-13:51:45_ours_libero_spatial_task_t0_s3_r1,0,705.3,policy_fail
20260817-13:51:45,P0,libero_spatial_task,0,1,ours,1,/hw-tbo/yjx/workspace/RPent/logs/pg_exp/20260817-13:51:45_ours_libero_spatial_task_t0_s1_r1,0,742.4,policy_fail
20260817-13:51:45,P0,libero_spatial_task,0,2,ours,1,/hw-tbo/yjx/workspace/RPent/logs/pg_exp/20260817-13:51:45_ours_libero_spatial_task_t0_s2_r1,0,792.2,policy_fail
20260817-14:02:52,P0,libero_spatial_task,0,5,ours,1,/hw-tbo/yjx/workspace/RPent/logs/pg_exp/20260817-14:02:52_ours_libero_spatial_task_t0_s5_r1,0,417.6,success
20260817-14:00:55,P0,libero_spatial_task,0,4,ours,2,/hw-tbo/yjx/workspace/RPent/logs/pg_exp/20260817-14:00:55_ours_libero_spatial_task_t0_s4_r2,0,625.4,policy_fail
20260817-14:00:40,P0,libero_spatial_task,0,4,ours,1,/hw-tbo/yjx/workspace/RPent/logs/pg_exp/20260817-14:00:40_ours_libero_spatial_task_t0_s4_r1,0,728.6,policy_fail
20260817-14:03:31,P0,libero_spatial_task,0,5,ours,2,/hw-tbo/yjx/workspace/RPent/logs/pg_exp/20260817-14:03:31_ours_libero_spatial_task_t0_s5_r2,0,634.1,success
20260817-14:00:33,P0,libero_spatial_task,0,3,ours,3,/hw-tbo/yjx/workspace/RPent/logs/pg_exp/20260817-14:00:33_ours_libero_spatial_task_t0_s3_r3,0,819.6,success
20260817-14:02:07,P0,libero_spatial_task,0,4,ours,3,/hw-tbo/yjx/workspace/RPent/logs/pg_exp/20260817-14:02:07_ours_libero_spatial_task_t0_s4_r3,0,843.4,policy_fail
20260817-14:04:58,P0,libero_spatial_task,0,6,ours,1,/hw-tbo/yjx/workspace/RPent/logs/pg_exp/20260817-14:04:58_ours_libero_spatial_task_t0_s6_r1,0,676.5,policy_fail
20260817-14:09:49,P0,libero_spatial_task,0,6,ours,2,/hw-tbo/yjx/workspace/RPent/logs/pg_exp/20260817-14:09:49_ours_libero_spatial_task_t0_s6_r2,0,466.1,policy_fail
20260817-14:12:49,P0,libero_spatial_task,0,7,ours,1,/hw-tbo/yjx/workspace/RPent/logs/pg_exp/20260817-14:12:49_ours_libero_spatial_task_t0_s7_r1,0,555.2,policy_fail
20260817-14:04:08,P0,libero_spatial_task,0,5,ours,3,/hw-tbo/yjx/workspace/RPent/logs/pg_exp/20260817-14:04:08_ours_libero_spatial_task_t0_s5_r3,0,1107.8,success
20260817-14:14:05,P0,libero_spatial_task,0,7,ours,2,/hw-tbo/yjx/workspace/RPent/logs/pg_exp/20260817-14:14:05_ours_libero_spatial_task_t0_s7_r2,0,597.4,policy_fail
20260817-14:11:20,P0,libero_spatial_task,0,6,ours,3,/hw-tbo/yjx/workspace/RPent/logs/pg_exp/20260817-14:11:20_ours_libero_spatial_task_t0_s6_r3,0,809.5,success
20260817-14:16:14,P0,libero_spatial_task,0,8,ours,2,/hw-tbo/yjx/workspace/RPent/logs/pg_exp/20260817-14:16:14_ours_libero_spatial_task_t0_s8_r2,0,533.0,success
20260817-14:17:36,P0,libero_spatial_task,0,8,ours,3,/hw-tbo/yjx/workspace/RPent/logs/pg_exp/20260817-14:17:36_ours_libero_spatial_task_t0_s8_r3,0,457.1,success
20260817-14:14:12,P0,libero_spatial_task,0,7,ours,3,/hw-tbo/yjx/workspace/RPent/logs/pg_exp/20260817-14:14:12_ours_libero_spatial_task_t0_s7_r3,0,664.3,success
20260817-14:16:10,P0,libero_spatial_task,0,8,ours,1,/hw-tbo/yjx/workspace/RPent/logs/pg_exp/20260817-14:16:10_ours_libero_spatial_task_t0_s8_r1,0,792.5,success
20260817-14:22:04,P0,libero_spatial_task,0,9,ours,1,/hw-tbo/yjx/workspace/RPent/logs/pg_exp/20260817-14:22:04_ours_libero_spatial_task_t0_s9_r1,0,492.4,success
20260817-14:24:02,P0,libero_spatial_task,0,9,ours,3,/hw-tbo/yjx/workspace/RPent/logs/pg_exp/20260817-14:24:02_ours_libero_spatial_task_t0_s9_r3,0,616.9,success
20260817-14:25:13,P0,libero_spatial_task,0,10,ours,3,/hw-tbo/yjx/workspace/RPent/logs/pg_exp/20260817-14:25:13_ours_libero_spatial_task_t0_s10_r3,0,718.5,policy_fail
20260817-14:25:17,P0,libero_spatial_task,7,1,ours,1,/hw-tbo/yjx/workspace/RPent/logs/pg_exp/20260817-14:25:17_ours_libero_spatial_task_t7_s1_r1,0,752.4,policy_fail
20260817-14:22:36,P0,libero_spatial_task,0,9,ours,2,/hw-tbo/yjx/workspace/RPent/logs/pg_exp/20260817-14:22:36_ours_libero_spatial_task_t0_s9_r2,0,936.1,success
20260817-14:25:07,P0,libero_spatial_task,0,10,ours,2,/hw-tbo/yjx/workspace/RPent/logs/pg_exp/20260817-14:25:07_ours_libero_spatial_task_t0_s10_r2,0,868.1,policy_fail
20260817-14:29:23,P0,libero_spatial_task,7,1,ours,2,/hw-tbo/yjx/workspace/RPent/logs/pg_exp/20260817-14:29:23_ours_libero_spatial_task_t7_s1_r2,0,700.6,policy_fail
20260817-14:24:50,P0,libero_spatial_task,0,10,ours,1,/hw-tbo/yjx/workspace/RPent/logs/pg_exp/20260817-14:24:50_ours_libero_spatial_task_t0_s10_r1,0,1190.7,policy_fail
20260817-14:30:16,P0,libero_spatial_task,7,1,ours,3,/hw-tbo/yjx/workspace/RPent/logs/pg_exp/20260817-14:30:16_ours_libero_spatial_task_t7_s1_r3,0,889.0,policy_fail
20260817-14:37:11,P0,libero_spatial_task,7,2,ours,2,/hw-tbo/yjx/workspace/RPent/logs/pg_exp/20260817-14:37:11_ours_libero_spatial_task_t7_s2_r2,0,514.3,success
20260817-14:34:19,P0,libero_spatial_task,7,2,ours,1,/hw-tbo/yjx/workspace/RPent/logs/pg_exp/20260817-14:34:19_ours_libero_spatial_task_t7_s2_r1,0,786.0,policy_fail
20260817-14:37:49,P0,libero_spatial_task,7,2,ours,3,/hw-tbo/yjx/workspace/RPent/logs/pg_exp/20260817-14:37:49_ours_libero_spatial_task_t7_s2_r3,0,628.4,success
20260817-14:38:12,P0,libero_spatial_task,7,3,ours,1,/hw-tbo/yjx/workspace/RPent/logs/pg_exp/20260817-14:38:12_ours_libero_spatial_task_t7_s3_r1,0,804.1,success
20260817-14:39:35,P0,libero_spatial_task,7,3,ours,2,/hw-tbo/yjx/workspace/RPent/logs/pg_exp/20260817-14:39:35_ours_libero_spatial_task_t7_s3_r2,0,734.9,success
20260817-14:41:03,P0,libero_spatial_task,7,3,ours,3,/hw-tbo/yjx/workspace/RPent/logs/pg_exp/20260817-14:41:03_ours_libero_spatial_task_t7_s3_r3,0,714.8,policy_fail
20260817-14:45:05,P0,libero_spatial_task,7,4,ours,2,/hw-tbo/yjx/workspace/RPent/logs/pg_exp/20260817-14:45:05_ours_libero_spatial_task_t7_s4_r2,0,680.7,policy_fail
20260817-14:44:41,P0,libero_spatial_task,7,4,ours,1,/hw-tbo/yjx/workspace/RPent/logs/pg_exp/20260817-14:44:41_ours_libero_spatial_task_t7_s4_r1,0,788.7,policy_fail
20260817-14:48:17,P0,libero_spatial_task,7,5,ours,2,/hw-tbo/yjx/workspace/RPent/logs/pg_exp/20260817-14:48:17_ours_libero_spatial_task_t7_s5_r2,0,677.9,success
20260817-14:45:45,P0,libero_spatial_task,7,4,ours,3,/hw-tbo/yjx/workspace/RPent/logs/pg_exp/20260817-14:45:45_ours_libero_spatial_task_t7_s4_r3,0,856.4,success
20260817-14:47:25,P0,libero_spatial_task,7,5,ours,1,/hw-tbo/yjx/workspace/RPent/logs/pg_exp/20260817-14:47:25_ours_libero_spatial_task_t7_s5_r1,0,777.9,policy_fail
20260817-14:51:50,P0,libero_spatial_task,7,6,ours,1,/hw-tbo/yjx/workspace/RPent/logs/pg_exp/20260817-14:51:50_ours_libero_spatial_task_t7_s6_r1,0,597.2,policy_fail
20260817-14:51:36,P0,libero_spatial_task,7,5,ours,3,/hw-tbo/yjx/workspace/RPent/logs/pg_exp/20260817-14:51:36_ours_libero_spatial_task_t7_s5_r3,0,750.6,success
20260817-14:52:58,P0,libero_spatial_task,7,6,ours,2,/hw-tbo/yjx/workspace/RPent/logs/pg_exp/20260817-14:52:58_ours_libero_spatial_task_t7_s6_r2,0,813.0,policy_fail
20260817-14:56:26,P0,libero_spatial_task,7,6,ours,3,/hw-tbo/yjx/workspace/RPent/logs/pg_exp/20260817-14:56:26_ours_libero_spatial_task_t7_s6_r3,0,674.0,policy_fail
20260817-14:57:49,P0,libero_spatial_task,7,7,ours,1,/hw-tbo/yjx/workspace/RPent/logs/pg_exp/20260817-14:57:49_ours_libero_spatial_task_t7_s7_r1,0,604.5,policy_fail
20260817-14:59:35,P0,libero_spatial_task,7,7,ours,2,/hw-tbo/yjx/workspace/RPent/logs/pg_exp/20260817-14:59:35_ours_libero_spatial_task_t7_s7_r2,0,537.8,policy_fail
20260817-15:00:02,P0,libero_spatial_task,7,7,ours,3,/hw-tbo/yjx/workspace/RPent/logs/pg_exp/20260817-15:00:02_ours_libero_spatial_task_t7_s7_r3,0,686.2,policy_fail
20260817-15:00:23,P0,libero_spatial_task,7,8,ours,1,/hw-tbo/yjx/workspace/RPent/logs/pg_exp/20260817-15:00:23_ours_libero_spatial_task_t7_s8_r1,0,688.6,policy_fail
20260817-15:01:47,P0,libero_spatial_task,7,8,ours,2,/hw-tbo/yjx/workspace/RPent/logs/pg_exp/20260817-15:01:47_ours_libero_spatial_task_t7_s8_r2,0,724.5,policy_fail
20260817-15:07:40,P0,libero_spatial_task,7,9,ours,2,/hw-tbo/yjx/workspace/RPent/logs/pg_exp/20260817-15:07:40_ours_libero_spatial_task_t7_s9_r2,0,546.4,success
20260817-15:06:31,P0,libero_spatial_task,7,9,ours,1,/hw-tbo/yjx/workspace/RPent/logs/pg_exp/20260817-15:06:31_ours_libero_spatial_task_t7_s9_r1,0,719.8,policy_fail
20260817-15:04:06,P0,libero_spatial_task,7,8,ours,3,/hw-tbo/yjx/workspace/RPent/logs/pg_exp/20260817-15:04:06_ours_libero_spatial_task_t7_s8_r3,0,894.1,policy_fail
20260817-15:07:54,P0,libero_spatial_task,7,9,ours,3,/hw-tbo/yjx/workspace/RPent/logs/pg_exp/20260817-15:07:54_ours_libero_spatial_task_t7_s9_r3,0,725.9,policy_fail
20260817-15:08:33,P0,libero_spatial_task,7,10,ours,1,/hw-tbo/yjx/workspace/RPent/logs/pg_exp/20260817-15:08:33_ours_libero_spatial_task_t7_s10_r1,0,709.3,policy_fail
20260817-15:11:28,P0,libero_spatial_task,7,10,ours,2,/hw-tbo/yjx/workspace/RPent/logs/pg_exp/20260817-15:11:28_ours_libero_spatial_task_t7_s10_r2,0,613.0,success
20260817-15:11:52,P0,libero_spatial_task,7,10,ours,3,/hw-tbo/yjx/workspace/RPent/logs/pg_exp/20260817-15:11:52_ours_libero_spatial_task_t7_s10_r3,0,656.5,success
20260817-15:13:52,P0,libero_spatial_task,9,1,ours,1,/hw-tbo/yjx/workspace/RPent/logs/pg_exp/20260817-15:13:52_ours_libero_spatial_task_t9_s1_r1,0,619.0,success
20260817-15:18:31,P0,libero_spatial_task,9,1,ours,3,/hw-tbo/yjx/workspace/RPent/logs/pg_exp/20260817-15:18:31_ours_libero_spatial_task_t9_s1_r3,0,530.7,policy_fail
20260817-15:19:00,P0,libero_spatial_task,9,2,ours,1,/hw-tbo/yjx/workspace/RPent/logs/pg_exp/20260817-15:19:00_ours_libero_spatial_task_t9_s2_r1,0,653.5,policy_fail
20260817-15:16:46,P0,libero_spatial_task,9,1,ours,2,/hw-tbo/yjx/workspace/RPent/logs/pg_exp/20260817-15:16:46_ours_libero_spatial_task_t9_s1_r2,0,822.9,policy_fail
20260817-15:21:41,P0,libero_spatial_task,9,3,ours,1,/hw-tbo/yjx/workspace/RPent/logs/pg_exp/20260817-15:21:41_ours_libero_spatial_task_t9_s3_r1,0,578.3,policy_fail
20260817-15:20:00,P0,libero_spatial_task,9,2,ours,2,/hw-tbo/yjx/workspace/RPent/logs/pg_exp/20260817-15:20:00_ours_libero_spatial_task_t9_s2_r2,0,697.3,success
20260817-15:20:23,P0,libero_spatial_task,9,2,ours,3,/hw-tbo/yjx/workspace/RPent/logs/pg_exp/20260817-15:20:23_ours_libero_spatial_task_t9_s2_r3,0,691.1,success
20260817-15:22:48,P0,libero_spatial_task,9,3,ours,2,/hw-tbo/yjx/workspace/RPent/logs/pg_exp/20260817-15:22:48_ours_libero_spatial_task_t9_s3_r2,0,623.3,policy_fail
20260817-15:24:11,P0,libero_spatial_task,9,3,ours,3,/hw-tbo/yjx/workspace/RPent/logs/pg_exp/20260817-15:24:11_ours_libero_spatial_task_t9_s3_r3,0,688.5,success
20260817-15:27:21,P0,libero_spatial_task,9,4,ours,1,/hw-tbo/yjx/workspace/RPent/logs/pg_exp/20260817-15:27:21_ours_libero_spatial_task_t9_s4_r1,0,520.6,success
20260817-15:29:54,P0,libero_spatial_task,9,4,ours,2,/hw-tbo/yjx/workspace/RPent/logs/pg_exp/20260817-15:29:54_ours_libero_spatial_task_t9_s4_r2,0,674.2,policy_fail
20260817-15:30:29,P0,libero_spatial_task,9,4,ours,3,/hw-tbo/yjx/workspace/RPent/logs/pg_exp/20260817-15:30:29_ours_libero_spatial_task_t9_s4_r3,0,691.0,success
20260817-15:31:54,P0,libero_spatial_task,9,5,ours,3,/hw-tbo/yjx/workspace/RPent/logs/pg_exp/20260817-15:31:54_ours_libero_spatial_task_t9_s5_r3,0,652.3,success
20260817-15:31:20,P0,libero_spatial_task,9,5,ours,1,/hw-tbo/yjx/workspace/RPent/logs/pg_exp/20260817-15:31:20_ours_libero_spatial_task_t9_s5_r1,0,744.3,policy_fail
20260817-15:31:37,P0,libero_spatial_task,9,5,ours,2,/hw-tbo/yjx/workspace/RPent/logs/pg_exp/20260817-15:31:37_ours_libero_spatial_task_t9_s5_r2,0,740.3,policy_fail
20260817-15:33:11,P0,libero_spatial_task,9,6,ours,1,/hw-tbo/yjx/workspace/RPent/logs/pg_exp/20260817-15:33:11_ours_libero_spatial_task_t9_s6_r1,0,685.1,policy_fail
20260817-15:35:40,P0,libero_spatial_task,9,6,ours,2,/hw-tbo/yjx/workspace/RPent/logs/pg_exp/20260817-15:35:40_ours_libero_spatial_task_t9_s6_r2,0,620.6,success
20260817-15:36:02,P0,libero_spatial_task,9,6,ours,3,/hw-tbo/yjx/workspace/RPent/logs/pg_exp/20260817-15:36:02_ours_libero_spatial_task_t9_s6_r3,0,673.0,policy_fail
20260817-15:41:08,P0,libero_spatial_task,9,7,ours,1,/hw-tbo/yjx/workspace/RPent/logs/pg_exp/20260817-15:41:08_ours_libero_spatial_task_t9_s7_r1,0,677.5,success
20260817-15:42:46,P0,libero_spatial_task,9,7,ours,3,/hw-tbo/yjx/workspace/RPent/logs/pg_exp/20260817-15:42:46_ours_libero_spatial_task_t9_s7_r3,0,637.0,success
20260817-15:42:00,P0,libero_spatial_task,9,7,ours,2,/hw-tbo/yjx/workspace/RPent/logs/pg_exp/20260817-15:42:00_ours_libero_spatial_task_t9_s7_r2,0,714.6,success
20260817-15:46:00,P0,libero_spatial_task,9,9,ours,1,/hw-tbo/yjx/workspace/RPent/logs/pg_exp/20260817-15:46:00_ours_libero_spatial_task_t9_s9_r1,0,496.0,success
20260817-15:43:57,P0,libero_spatial_task,9,8,ours,2,/hw-tbo/yjx/workspace/RPent/logs/pg_exp/20260817-15:43:57_ours_libero_spatial_task_t9_s8_r2,0,644.7,success
20260817-15:43:44,P0,libero_spatial_task,9,8,ours,1,/hw-tbo/yjx/workspace/RPent/logs/pg_exp/20260817-15:43:44_ours_libero_spatial_task_t9_s8_r1,0,705.6,policy_fail
20260817-15:44:36,P0,libero_spatial_task,9,8,ours,3,/hw-tbo/yjx/workspace/RPent/logs/pg_exp/20260817-15:44:36_ours_libero_spatial_task_t9_s8_r3,0,752.4,policy_fail
20260817-15:47:15,P0,libero_spatial_task,9,9,ours,2,/hw-tbo/yjx/workspace/RPent/logs/pg_exp/20260817-15:47:15_ours_libero_spatial_task_t9_s9_r2,0,755.4,policy_fail
20260817-15:53:23,P0,libero_spatial_task,9,10,ours,1,/hw-tbo/yjx/workspace/RPent/logs/pg_exp/20260817-15:53:23_ours_libero_spatial_task_t9_s10_r1,0,628.8,success
20260817-15:54:16,P0,libero_spatial_task,9,10,ours,3,/hw-tbo/yjx/workspace/RPent/logs/pg_exp/20260817-15:54:16_ours_libero_spatial_task_t9_s10_r3,0,661.6,policy_fail
20260817-15:52:26,P0,libero_spatial_task,9,9,ours,3,/hw-tbo/yjx/workspace/RPent/logs/pg_exp/20260817-15:52:26_ours_libero_spatial_task_t9_s9_r3,0,840.5,success
20260817-15:53:55,P0,libero_spatial_task,9,10,ours,2,/hw-tbo/yjx/workspace/RPent/logs/pg_exp/20260817-15:53:55_ours_libero_spatial_task_t9_s10_r2,0,960.6,success
20260817-16:09:57,P1,libero_spatial_task,0,3,hardcap,1,/hw-tbo/yjx/workspace/RPent/logs/pg_exp/20260817-16:09:57_hardcap_libero_spatial_task_t0_s3_r1,0,618.4,success
20260817-16:09:57,P1,libero_spatial_task,0,1,hardcap,2,/hw-tbo/yjx/workspace/RPent/logs/pg_exp/20260817-16:09:57_hardcap_libero_spatial_task_t0_s1_r2,0,750.8,policy_fail
20260817-16:09:57,P1,libero_spatial_task,0,2,hardcap,1,/hw-tbo/yjx/workspace/RPent/logs/pg_exp/20260817-16:09:57_hardcap_libero_spatial_task_t0_s2_r1,0,867.7,success
20260817-16:09:57,P1,libero_spatial_task,0,3,hardcap,2,/hw-tbo/yjx/workspace/RPent/logs/pg_exp/20260817-16:09:57_hardcap_libero_spatial_task_t0_s3_r2,0,882.0,success
20260817-16:09:57,P1,libero_spatial_task,0,2,hardcap,3,/hw-tbo/yjx/workspace/RPent/logs/pg_exp/20260817-16:09:57_hardcap_libero_spatial_task_t0_s2_r3,0,884.1,success
20260817-16:09:57,P1,libero_spatial_task,0,2,hardcap,2,/hw-tbo/yjx/workspace/RPent/logs/pg_exp/20260817-16:09:57_hardcap_libero_spatial_task_t0_s2_r2,0,964.6,policy_fail
20260817-16:09:57,P1,libero_spatial_task,0,1,hardcap,3,/hw-tbo/yjx/workspace/RPent/logs/pg_exp/20260817-16:09:57_hardcap_libero_spatial_task_t0_s1_r3,0,965.1,success
20260817-16:09:57,P1,libero_spatial_task,0,1,hardcap,1,/hw-tbo/yjx/workspace/RPent/logs/pg_exp/20260817-16:09:57_hardcap_libero_spatial_task_t0_s1_r1,0,997.0,policy_fail
20260817-16:20:16,P1,libero_spatial_task,0,3,hardcap,3,/hw-tbo/yjx/workspace/RPent/logs/pg_exp/20260817-16:20:16_hardcap_libero_spatial_task_t0_s3_r3,0,649.0,success
20260817-16:22:28,P1,libero_spatial_task,0,4,hardcap,1,/hw-tbo/yjx/workspace/RPent/logs/pg_exp/20260817-16:22:28_hardcap_libero_spatial_task_t0_s4_r1,0,632.8,policy_fail
20260817-16:26:34,P1,libero_spatial_task,0,6,hardcap,1,/hw-tbo/yjx/workspace/RPent/logs/pg_exp/20260817-16:26:34_hardcap_libero_spatial_task_t0_s6_r1,0,669.0,success
20260817-16:24:39,P1,libero_spatial_task,0,4,hardcap,3,/hw-tbo/yjx/workspace/RPent/logs/pg_exp/20260817-16:24:39_hardcap_libero_spatial_task_t0_s4_r3,0,837.0,policy_fail
20260817-16:26:02,P1,libero_spatial_task,0,5,hardcap,3,/hw-tbo/yjx/workspace/RPent/logs/pg_exp/20260817-16:26:02_hardcap_libero_spatial_task_t0_s5_r3,0,803.7,success
20260817-16:24:41,P1,libero_spatial_task,0,5,hardcap,1,/hw-tbo/yjx/workspace/RPent/logs/pg_exp/20260817-16:24:41_hardcap_libero_spatial_task_t0_s5_r1,0,924.4,policy_fail
20260817-16:26:02,P1,libero_spatial_task,0,5,hardcap,2,/hw-tbo/yjx/workspace/RPent/logs/pg_exp/20260817-16:26:02_hardcap_libero_spatial_task_t0_s5_r2,0,873.7,policy_fail
20260817-16:24:25,P1,libero_spatial_task,0,4,hardcap,2,/hw-tbo/yjx/workspace/RPent/logs/pg_exp/20260817-16:24:25_hardcap_libero_spatial_task_t0_s4_r2,0,1047.6,policy_fail
20260817-16:31:05,P1,libero_spatial_task,0,6,hardcap,2,/hw-tbo/yjx/workspace/RPent/logs/pg_exp/20260817-16:31:05_hardcap_libero_spatial_task_t0_s6_r2,0,649.9,success
20260817-16:37:43,P1,libero_spatial_task,0,7,hardcap,1,/hw-tbo/yjx/workspace/RPent/logs/pg_exp/20260817-16:37:43_hardcap_libero_spatial_task_t0_s7_r1,0,589.4,policy_fail
20260817-16:33:01,P1,libero_spatial_task,0,6,hardcap,3,/hw-tbo/yjx/workspace/RPent/logs/pg_exp/20260817-16:33:01_hardcap_libero_spatial_task_t0_s6_r3,0,949.1,policy_fail
20260817-16:40:36,P1,libero_spatial_task,0,8,hardcap,2,/hw-tbo/yjx/workspace/RPent/logs/pg_exp/20260817-16:40:36_hardcap_libero_spatial_task_t0_s8_r2,0,595.4,success
20260817-16:38:36,P1,libero_spatial_task,0,7,hardcap,2,/hw-tbo/yjx/workspace/RPent/logs/pg_exp/20260817-16:38:36_hardcap_libero_spatial_task_t0_s7_r2,0,798.1,policy_fail
20260817-16:40:06,P1,libero_spatial_task,0,8,hardcap,1,/hw-tbo/yjx/workspace/RPent/logs/pg_exp/20260817-16:40:06_hardcap_libero_spatial_task_t0_s8_r1,0,710.6,success
20260817-16:41:52,P1,libero_spatial_task,0,8,hardcap,3,/hw-tbo/yjx/workspace/RPent/logs/pg_exp/20260817-16:41:52_hardcap_libero_spatial_task_t0_s8_r3,0,824.3,policy_fail
20260817-16:41:55,P1,libero_spatial_task,0,9,hardcap,1,/hw-tbo/yjx/workspace/RPent/logs/pg_exp/20260817-16:41:55_hardcap_libero_spatial_task_t0_s9_r1,0,881.5,policy_fail
20260817-16:47:33,P1,libero_spatial_task,0,9,hardcap,2,/hw-tbo/yjx/workspace/RPent/logs/pg_exp/20260817-16:47:33_hardcap_libero_spatial_task_t0_s9_r2,0,649.2,success
20260817-16:48:50,P1,libero_spatial_task,0,9,hardcap,3,/hw-tbo/yjx/workspace/RPent/logs/pg_exp/20260817-16:48:50_hardcap_libero_spatial_task_t0_s9_r3,0,667.2,success
20260817-16:50:31,P1,libero_spatial_task,0,10,hardcap,1,/hw-tbo/yjx/workspace/RPent/logs/pg_exp/20260817-16:50:31_hardcap_libero_spatial_task_t0_s10_r1,0,798.3,success
20260817-16:51:56,P1,libero_spatial_task,0,10,hardcap,3,/hw-tbo/yjx/workspace/RPent/logs/pg_exp/20260817-16:51:56_hardcap_libero_spatial_task_t0_s10_r3,0,787.3,success
20260817-16:39:26,P1,libero_spatial_task,0,7,hardcap,3,/hw-tbo/yjx/workspace/RPent/logs/pg_exp/20260817-16:39:26_hardcap_libero_spatial_task_t0_s7_r3,0,1645.2,policy_fail
20260817-16:51:54,P1,libero_spatial_task,0,10,hardcap,2,/hw-tbo/yjx/workspace/RPent/logs/pg_exp/20260817-16:51:54_hardcap_libero_spatial_task_t0_s10_r2,0,966.1,success
20260817-16:55:37,P1,libero_spatial_task,7,1,hardcap,1,/hw-tbo/yjx/workspace/RPent/logs/pg_exp/20260817-16:55:37_hardcap_libero_spatial_task_t7_s1_r1,0,790.9,policy_fail
20260817-16:58:22,P1,libero_spatial_task,7,1,hardcap,3,/hw-tbo/yjx/workspace/RPent/logs/pg_exp/20260817-16:58:22_hardcap_libero_spatial_task_t7_s1_r3,0,724.9,policy_fail
20260817-16:56:36,P1,libero_spatial_task,7,1,hardcap,2,/hw-tbo/yjx/workspace/RPent/logs/pg_exp/20260817-16:56:36_hardcap_libero_spatial_task_t7_s1_r2,0,930.7,success
20260817-16:59:57,P1,libero_spatial_task,7,2,hardcap,1,/hw-tbo/yjx/workspace/RPent/logs/pg_exp/20260817-16:59:57_hardcap_libero_spatial_task_t7_s2_r1,0,792.3,success
20260817-17:03:49,P1,libero_spatial_task,7,2,hardcap,2,/hw-tbo/yjx/workspace/RPent/logs/pg_exp/20260817-17:03:49_hardcap_libero_spatial_task_t7_s2_r2,0,678.1,policy_fail
20260817-17:05:04,P1,libero_spatial_task,7,2,hardcap,3,/hw-tbo/yjx/workspace/RPent/logs/pg_exp/20260817-17:05:04_hardcap_libero_spatial_task_t7_s2_r3,0,627.2,policy_fail
20260817-17:06:51,P1,libero_spatial_task,7,3,hardcap,1,/hw-tbo/yjx/workspace/RPent/logs/pg_exp/20260817-17:06:51_hardcap_libero_spatial_task_t7_s3_r1,0,778.7,policy_fail
20260817-17:10:27,P1,libero_spatial_task,7,4,hardcap,1,/hw-tbo/yjx/workspace/RPent/logs/pg_exp/20260817-17:10:27_hardcap_libero_spatial_task_t7_s4_r1,0,701.9,success
20260817-17:08:48,P1,libero_spatial_task,7,3,hardcap,3,/hw-tbo/yjx/workspace/RPent/logs/pg_exp/20260817-17:08:48_hardcap_libero_spatial_task_t7_s3_r3,0,828.6,success
20260817-17:08:00,P1,libero_spatial_task,7,3,hardcap,2,/hw-tbo/yjx/workspace/RPent/logs/pg_exp/20260817-17:08:00_hardcap_libero_spatial_task_t7_s3_r2,0,881.4,policy_fail
20260817-17:12:07,P1,libero_spatial_task,7,4,hardcap,2,/hw-tbo/yjx/workspace/RPent/logs/pg_exp/20260817-17:12:07_hardcap_libero_spatial_task_t7_s4_r2,0,645.1,success
20260817-17:13:09,P1,libero_spatial_task,7,4,hardcap,3,/hw-tbo/yjx/workspace/RPent/logs/pg_exp/20260817-17:13:09_hardcap_libero_spatial_task_t7_s4_r3,0,725.4,success
20260817-17:15:31,P1,libero_spatial_task,7,5,hardcap,2,/hw-tbo/yjx/workspace/RPent/logs/pg_exp/20260817-17:15:31_hardcap_libero_spatial_task_t7_s5_r2,0,627.5,success
20260817-17:19:50,P1,libero_spatial_task,7,5,hardcap,3,/hw-tbo/yjx/workspace/RPent/logs/pg_exp/20260817-17:19:50_hardcap_libero_spatial_task_t7_s5_r3,0,583.6,success
20260817-17:15:07,P1,libero_spatial_task,7,5,hardcap,1,/hw-tbo/yjx/workspace/RPent/logs/pg_exp/20260817-17:15:07_hardcap_libero_spatial_task_t7_s5_r1,0,971.7,policy_fail
20260817-17:22:09,P1,libero_spatial_task,7,6,hardcap,1,/hw-tbo/yjx/workspace/RPent/logs/pg_exp/20260817-17:22:09_hardcap_libero_spatial_task_t7_s6_r1,0,769.4,policy_fail
20260817-17:25:15,P1,libero_spatial_task,7,7,hardcap,2,/hw-tbo/yjx/workspace/RPent/logs/pg_exp/20260817-17:25:15_hardcap_libero_spatial_task_t7_s7_r2,0,641.6,success
20260817-17:22:52,P1,libero_spatial_task,7,7,hardcap,1,/hw-tbo/yjx/workspace/RPent/logs/pg_exp/20260817-17:22:52_hardcap_libero_spatial_task_t7_s7_r1,0,811.8,success
20260817-17:22:36,P1,libero_spatial_task,7,6,hardcap,2,/hw-tbo/yjx/workspace/RPent/logs/pg_exp/20260817-17:22:36_hardcap_libero_spatial_task_t7_s6_r2,0,884.9,policy_fail
20260817-17:22:42,P1,libero_spatial_task,7,6,hardcap,3,/hw-tbo/yjx/workspace/RPent/logs/pg_exp/20260817-17:22:42_hardcap_libero_spatial_task_t7_s6_r3,0,932.2,policy_fail
20260817-17:29:33,P1,libero_spatial_task,7,8,hardcap,1,/hw-tbo/yjx/workspace/RPent/logs/pg_exp/20260817-17:29:33_hardcap_libero_spatial_task_t7_s8_r1,0,571.7,success
20260817-17:25:58,P1,libero_spatial_task,7,7,hardcap,3,/hw-tbo/yjx/workspace/RPent/logs/pg_exp/20260817-17:25:58_hardcap_libero_spatial_task_t7_s7_r3,0,964.1,policy_fail
20260817-17:35:56,P1,libero_spatial_task,7,9,hardcap,1,/hw-tbo/yjx/workspace/RPent/logs/pg_exp/20260817-17:35:56_hardcap_libero_spatial_task_t7_s9_r1,0,646.3,policy_fail
20260817-17:34:58,P1,libero_spatial_task,7,8,hardcap,3,/hw-tbo/yjx/workspace/RPent/logs/pg_exp/20260817-17:34:58_hardcap_libero_spatial_task_t7_s8_r3,0,736.5,policy_fail
20260817-17:38:14,P1,libero_spatial_task,7,10,hardcap,1,/hw-tbo/yjx/workspace/RPent/logs/pg_exp/20260817-17:38:14_hardcap_libero_spatial_task_t7_s10_r1,0,583.0,success
20260817-17:36:24,P1,libero_spatial_task,7,9,hardcap,2,/hw-tbo/yjx/workspace/RPent/logs/pg_exp/20260817-17:36:24_hardcap_libero_spatial_task_t7_s9_r2,0,713.4,success
20260817-17:31:19,P1,libero_spatial_task,7,8,hardcap,2,/hw-tbo/yjx/workspace/RPent/logs/pg_exp/20260817-17:31:19_hardcap_libero_spatial_task_t7_s8_r2,0,1077.5,success
20260817-17:37:21,P1,libero_spatial_task,7,9,hardcap,3,/hw-tbo/yjx/workspace/RPent/logs/pg_exp/20260817-17:37:21_hardcap_libero_spatial_task_t7_s9_r3,0,765.3,success
20260817-17:39:05,P1,libero_spatial_task,7,10,hardcap,2,/hw-tbo/yjx/workspace/RPent/logs/pg_exp/20260817-17:39:05_hardcap_libero_spatial_task_t7_s10_r2,0,721.0,policy_fail
20260817-17:42:02,P1,libero_spatial_task,7,10,hardcap,3,/hw-tbo/yjx/workspace/RPent/logs/pg_exp/20260817-17:42:02_hardcap_libero_spatial_task_t7_s10_r3,0,703.1,success
20260818-10:06:51,P1,libero_spatial_task,9,1,hardcap,1,/hw-tbo/yjx/workspace/RPent/logs/pg_exp/20260818-10:06:51_hardcap_libero_spatial_task_t9_s1_r1,0,502.6,policy_fail
20260818-10:06:51,P1,libero_spatial_task,9,2,hardcap,2,/hw-tbo/yjx/workspace/RPent/logs/pg_exp/20260818-10:06:51_hardcap_libero_spatial_task_t9_s2_r2,0,514.2,policy_fail
20260818-10:06:51,P1,libero_spatial_task,9,1,hardcap,3,/hw-tbo/yjx/workspace/RPent/logs/pg_exp/20260818-10:06:51_hardcap_libero_spatial_task_t9_s1_r3,0,525.3,policy_fail
20260818-10:06:51,P1,libero_spatial_task,9,3,hardcap,1,/hw-tbo/yjx/workspace/RPent/logs/pg_exp/20260818-10:06:51_hardcap_libero_spatial_task_t9_s3_r1,0,655.1,success
20260818-10:06:51,P1,libero_spatial_task,9,3,hardcap,2,/hw-tbo/yjx/workspace/RPent/logs/pg_exp/20260818-10:06:51_hardcap_libero_spatial_task_t9_s3_r2,0,722.0,policy_fail
20260818-10:06:51,P1,libero_spatial_task,9,2,hardcap,3,/hw-tbo/yjx/workspace/RPent/logs/pg_exp/20260818-10:06:51_hardcap_libero_spatial_task_t9_s2_r3,0,753.5,policy_fail
20260818-10:06:51,P1,libero_spatial_task,9,2,hardcap,1,/hw-tbo/yjx/workspace/RPent/logs/pg_exp/20260818-10:06:51_hardcap_libero_spatial_task_t9_s2_r1,0,774.4,policy_fail
20260818-10:06:51,P1,libero_spatial_task,9,1,hardcap,2,/hw-tbo/yjx/workspace/RPent/logs/pg_exp/20260818-10:06:51_hardcap_libero_spatial_task_t9_s1_r2,0,778.9,policy_fail
20260818-10:15:13,P1,libero_spatial_task,9,3,hardcap,3,/hw-tbo/yjx/workspace/RPent/logs/pg_exp/20260818-10:15:13_hardcap_libero_spatial_task_t9_s3_r3,0,527.7,policy_fail
20260818-10:15:25,P1,libero_spatial_task,9,4,hardcap,1,/hw-tbo/yjx/workspace/RPent/logs/pg_exp/20260818-10:15:25_hardcap_libero_spatial_task_t9_s4_r1,0,521.0,policy_fail
20260818-10:15:36,P1,libero_spatial_task,9,4,hardcap,2,/hw-tbo/yjx/workspace/RPent/logs/pg_exp/20260818-10:15:36_hardcap_libero_spatial_task_t9_s4_r2,0,648.9,policy_fail
20260818-10:19:49,P1,libero_spatial_task,9,6,hardcap,1,/hw-tbo/yjx/workspace/RPent/logs/pg_exp/20260818-10:19:49_hardcap_libero_spatial_task_t9_s6_r1,0,441.4,policy_fail
20260818-10:17:46,P1,libero_spatial_task,9,4,hardcap,3,/hw-tbo/yjx/workspace/RPent/logs/pg_exp/20260818-10:17:46_hardcap_libero_spatial_task_t9_s4_r3,0,593.0,success
20260818-10:19:24,P1,libero_spatial_task,9,5,hardcap,2,/hw-tbo/yjx/workspace/RPent/logs/pg_exp/20260818-10:19:24_hardcap_libero_spatial_task_t9_s5_r2,0,616.8,policy_fail
20260818-10:18:53,P1,libero_spatial_task,9,5,hardcap,1,/hw-tbo/yjx/workspace/RPent/logs/pg_exp/20260818-10:18:53_hardcap_libero_spatial_task_t9_s5_r1,0,664.8,policy_fail
20260818-10:19:45,P1,libero_spatial_task,9,5,hardcap,3,/hw-tbo/yjx/workspace/RPent/logs/pg_exp/20260818-10:19:45_hardcap_libero_spatial_task_t9_s5_r3,0,654.3,policy_fail
20260818-10:24:06,P1,libero_spatial_task,9,6,hardcap,3,/hw-tbo/yjx/workspace/RPent/logs/pg_exp/20260818-10:24:06_hardcap_libero_spatial_task_t9_s6_r3,0,557.5,success
20260818-10:27:39,P1,libero_spatial_task,9,7,hardcap,3,/hw-tbo/yjx/workspace/RPent/logs/pg_exp/20260818-10:27:39_hardcap_libero_spatial_task_t9_s7_r3,0,466.4,success
20260818-10:26:25,P1,libero_spatial_task,9,7,hardcap,1,/hw-tbo/yjx/workspace/RPent/logs/pg_exp/20260818-10:26:25_hardcap_libero_spatial_task_t9_s7_r1,0,564.9,success
20260818-10:24:01,P1,libero_spatial_task,9,6,hardcap,2,/hw-tbo/yjx/workspace/RPent/logs/pg_exp/20260818-10:24:01_hardcap_libero_spatial_task_t9_s6_r2,0,792.0,success
20260818-10:29:41,P1,libero_spatial_task,9,8,hardcap,1,/hw-tbo/yjx/workspace/RPent/logs/pg_exp/20260818-10:29:41_hardcap_libero_spatial_task_t9_s8_r1,0,522.7,success
20260818-10:27:11,P1,libero_spatial_task,9,7,hardcap,2,/hw-tbo/yjx/workspace/RPent/logs/pg_exp/20260818-10:27:11_hardcap_libero_spatial_task_t9_s7_r2,0,734.6,success
20260818-10:29:57,P1,libero_spatial_task,9,8,hardcap,2,/hw-tbo/yjx/workspace/RPent/logs/pg_exp/20260818-10:29:57_hardcap_libero_spatial_task_t9_s8_r2,0,658.2,policy_fail
20260818-10:30:39,P1,libero_spatial_task,9,8,hardcap,3,/hw-tbo/yjx/workspace/RPent/logs/pg_exp/20260818-10:30:39_hardcap_libero_spatial_task_t9_s8_r3,0,660.6,policy_fail
20260818-10:35:25,P1,libero_spatial_task,9,9,hardcap,2,/hw-tbo/yjx/workspace/RPent/logs/pg_exp/20260818-10:35:25_hardcap_libero_spatial_task_t9_s9_r2,0,445.5,success
20260818-10:33:23,P1,libero_spatial_task,9,9,hardcap,1,/hw-tbo/yjx/workspace/RPent/logs/pg_exp/20260818-10:33:23_hardcap_libero_spatial_task_t9_s9_r1,0,580.6,policy_fail
20260818-10:38:24,P1,libero_spatial_task,9,10,hardcap,2,/hw-tbo/yjx/workspace/RPent/logs/pg_exp/20260818-10:38:24_hardcap_libero_spatial_task_t9_s10_r2,0,528.6,success
20260818-10:37:13,P1,libero_spatial_task,9,10,hardcap,1,/hw-tbo/yjx/workspace/RPent/logs/pg_exp/20260818-10:37:13_hardcap_libero_spatial_task_t9_s10_r1,0,603.1,policy_fail
20260818-10:35:50,P1,libero_spatial_task,9,9,hardcap,3,/hw-tbo/yjx/workspace/RPent/logs/pg_exp/20260818-10:35:50_hardcap_libero_spatial_task_t9_s9_r3,0,721.4,policy_fail
20260818-10:39:25,P1,libero_spatial_task,9,10,hardcap,3,/hw-tbo/yjx/workspace/RPent/logs/pg_exp/20260818-10:39:25_hardcap_libero_spatial_task_t9_s10_r3,0,588.0,policy_fail
