src,cond,task,seed,repeat,run_id,success,result,mechanism,turns,n_picks,hold_turn,n_release,rel_fails,first_release_turn,stall_span,moves_after_hold,perc_after_hold,guard_blocks,near_repeat_rate
pg,baseline,0,1,1,20260812-23:39:42_libero_spatial_task_t0_s1,False,policy_fail,no_pick,11,0,,0,0,,,0,0,0,0.0
pg,baseline,0,2,1,20260812-23:47:59_libero_spatial_task_t0_s2,False,policy_fail,place_fail,40,1,25,1,1,37,12,4,9,0,0.0
pg,baseline,0,3,1,20260812-23:58:33_libero_spatial_task_t0_s3,False,policy_fail,place_fail,40,1,24,1,1,39,15,3,11,0,0.08
pg,baseline,0,4,1,20260813-12:55:29_libero_spatial_task_t0_s4,False,policy_fail,place_fail,40,1,21,1,1,36,15,5,12,0,0.0
pg,baseline,0,5,1,20260813-12:58:33_libero_spatial_task_t0_s5,False,policy_fail,place_fail,40,2,21,1,1,32,11,5,11,0,0.2
pg,baseline,0,6,1,20260813-13:01:06_libero_spatial_task_t0_s6,True,success,success,40,1,23,1,0,38,15,4,9,0,0.0
pg,baseline,0,7,1,20260813-13:03:28_libero_spatial_task_t0_s7,False,policy_fail,no_pick,15,0,,0,0,,,0,0,0,0.0
pg,baseline,0,8,1,20260813-13:07:35_libero_spatial_task_t0_s8,False,success,place_partial,40,1,20,1,0,39,19,5,13,0,0.0
pg,baseline,0,9,1,20260813-13:09:43_libero_spatial_task_t0_s9,True,success,success,36,1,20,1,0,33,13,4,8,0,0.0
pg,baseline,0,10,1,20260813-13:10:45_libero_spatial_task_t0_s10,True,success,success,30,1,17,1,0,27,10,4,5,0,0.0
pg,baseline,7,1,1,20260814-18:26:09_libero_spatial_task_t7_s1,False,success,place_partial,40,2,21,1,0,40,19,6,10,0,0.0
pg,baseline,7,2,1,20260814-18:26:09_libero_spatial_task_t7_s2,True,success,success,37,1,23,1,0,34,11,5,5,0,0.0
pg,baseline,7,3,1,20260814-18:33:48_libero_spatial_task_t7_s3,False,policy_fail,place_stall,40,1,23,0,0,,,6,10,0,0.27
pg,baseline,7,4,1,20260814-18:36:55_libero_spatial_task_t7_s4,False,policy_fail,place_stall,40,3,25,0,0,,,3,10,0,0.06
pg,baseline,7,5,1,20260814-18:38:33_libero_spatial_task_t7_s5,False,policy_fail,place_fail,40,1,21,1,1,32,11,8,9,0,0.0
pg,baseline,7,6,1,20260814-18:43:42_libero_spatial_task_t7_s6,True,policy_fail,success,38,1,21,1,0,35,14,6,7,0,0.0
pg,baseline,7,7,1,20260814-18:43:55_libero_spatial_task_t7_s7,False,policy_fail,place_fail,40,2,22,1,1,33,11,6,10,0,0.1
pg,baseline,7,8,1,20260814-18:48:08_libero_spatial_task_t7_s8,False,policy_fail,place_stall,40,4,34,0,0,,,2,3,0,0.0
pg,baseline,7,9,1,20260814-18:51:14_libero_spatial_task_t7_s9,False,policy_fail,place_stall,40,1,27,0,0,,,4,8,0,0.12
pg,baseline,7,10,1,20260814-14:09:41_libero_spatial_task_t7_s10,True,success,success,40,1,25,1,0,37,12,5,6,0,0.0
pg,baseline,9,1,1,20260813-15:38:25_libero_spatial_task_t9_s1,False,policy_fail,place_stall,40,1,23,0,0,,,6,10,0,0.33
pg,baseline,9,2,1,20260813-15:38:56_libero_spatial_task_t9_s2,True,success,success,38,1,21,1,0,35,14,6,7,0,0.25
pg,baseline,9,3,1,20260813-15:42:48_libero_spatial_task_t9_s3,False,policy_fail,place_stall,40,1,32,0,0,,,3,4,0,0.0
pg,baseline,9,4,1,20260813-15:52:31_libero_spatial_task_t9_s4,True,success,success,39,1,23,1,0,37,14,5,7,0,0.42
pg,baseline,9,5,1,20260813-15:53:34_libero_spatial_task_t9_s5,True,success,success,37,1,23,1,0,35,12,5,5,0,0.1
pg,baseline,9,6,1,20260813-15:53:36_libero_spatial_task_t9_s6,False,policy_fail,place_fail,40,3,18,1,1,33,15,3,15,0,0.4
pg,baseline,9,7,1,20260813-15:56:15_libero_spatial_task_t9_s7,False,success,place_partial,40,1,20,1,0,38,18,6,11,0,0.0
pg,baseline,9,8,1,20260813-16:06:42_libero_spatial_task_t9_s8,False,policy_fail,place_fail,40,1,22,1,1,35,13,7,9,0,0.17
pg,baseline,9,9,1,20260813-16:07:13_libero_spatial_task_t9_s9,True,success,success,32,2,18,1,0,29,11,4,5,0,0.0
pg,baseline,9,10,1,20260813-16:08:46_libero_spatial_task_t9_s10,False,success,place_partial,40,1,20,1,0,40,20,6,12,0,0.18
pg,baseline,0,1,2,20260814-19:05:48_baseline_libero_spatial_task_t0_s1_r2,False,policy_fail,place_stall,40,1,28,0,0,,,4,7,0,0.0
pg,baseline,0,1,3,20260814-19:05:48_baseline_libero_spatial_task_t0_s1_r3,False,policy_fail,no_pick,21,0,,0,0,,,0,0,0,0.17
pg,baseline,0,2,2,20260814-19:19:20_baseline_libero_spatial_task_t0_s2_r2,False,policy_fail,place_fail,40,1,23,1,1,38,15,3,12,0,0.0
pg,baseline,0,2,3,20260814-19:21:22_baseline_libero_spatial_task_t0_s2_r3,False,success,place_partial,40,1,26,1,0,40,14,4,8,0,0.0
pg,baseline,0,3,2,20260814-19:31:03_baseline_libero_spatial_task_t0_s3_r2,False,policy_fail,place_stall,40,1,28,0,0,,,1,10,0,0.1
pg,baseline,0,3,3,20260814-19:31:14_baseline_libero_spatial_task_t0_s3_r3,False,policy_fail,place_stall,40,1,31,0,0,,,3,5,0,0.0
pg,baseline,0,4,2,20260814-19:43:36_baseline_libero_spatial_task_t0_s4_r2,False,policy_fail,place_fail,40,1,20,1,1,39,19,3,15,0,0.11
pg,baseline,0,4,3,20260814-19:44:42_baseline_libero_spatial_task_t0_s4_r3,False,policy_fail,place_fail,40,1,23,1,1,36,13,5,10,0,0.0
pg,baseline,0,5,2,20260814-19:57:23_baseline_libero_spatial_task_t0_s5_r2,True,success,success,31,1,18,1,1,29,11,4,5,0,0.0
pg,baseline,0,5,3,20260814-19:58:01_baseline_libero_spatial_task_t0_s5_r3,False,policy_fail,place_fail,40,1,17,1,1,26,9,6,14,0,0.0
pg,baseline,0,6,3,20260814-20:11:57_baseline_libero_spatial_task_t0_s6_r3,True,success,success,34,1,19,1,0,31,12,4,7,0,0.0
pg,baseline,0,6,2,20260814-20:10:51_baseline_libero_spatial_task_t0_s6_r2,False,policy_fail,place_fail,40,1,21,1,1,33,12,6,11,0,0.0
pg,baseline,0,7,2,20260814-20:26:17_baseline_libero_spatial_task_t0_s7_r2,False,policy_fail,no_pick,15,0,,0,0,,,0,0,0,0.0
pg,baseline,0,7,3,20260814-20:27:16_baseline_libero_spatial_task_t0_s7_r3,False,policy_fail,place_stall,40,1,25,0,0,,,4,9,0,0.2
pg,baseline,0,8,2,20260814-20:39:11_baseline_libero_spatial_task_t0_s8_r2,True,success,success,32,1,18,1,0,28,10,4,6,0,0.11
pg,baseline,0,8,3,20260814-20:39:31_baseline_libero_spatial_task_t0_s8_r3,True,success,success,32,1,17,1,0,29,12,4,8,0,0.0
pg,baseline,0,9,2,20260814-20:52:54_baseline_libero_spatial_task_t0_s9_r2,True,success,success,31,1,20,1,0,29,9,3,4,0,0.29
pg,baseline,0,9,3,20260814-20:53:05_baseline_libero_spatial_task_t0_s9_r3,True,success,success,32,2,12,1,1,21,9,7,8,0,0.0
pg,baseline,0,10,2,20260814-21:04:45_baseline_libero_spatial_task_t0_s10_r2,True,success,success,30,1,16,1,0,27,11,4,6,0,0.0
pg,baseline,0,10,3,20260814-21:06:12_baseline_libero_spatial_task_t0_s10_r3,True,success,success,40,1,24,1,0,38,14,3,9,0,0.0
pg,baseline,7,1,3,20260814-21:18:43_baseline_libero_spatial_task_t7_s1_r3,False,policy_fail,place_stall,40,2,27,0,0,,,3,8,0,0.09
pg,baseline,7,1,2,20260814-21:18:36_baseline_libero_spatial_task_t7_s1_r2,False,policy_fail,place_stall,40,3,26,0,0,,,2,9,0,0.0
pg,baseline,7,2,3,20260814-21:34:48_baseline_libero_spatial_task_t7_s2_r3,False,policy_fail,place_stall,40,1,21,0,0,,,5,12,0,0.0
pg,baseline,7,2,2,20260814-21:34:35_baseline_libero_spatial_task_t7_s2_r2,True,success,success,39,2,21,1,1,32,11,5,8,0,0.17
pg,baseline,7,3,3,20260814-21:50:48_baseline_libero_spatial_task_t7_s3_r3,False,policy_fail,place_stall,40,2,24,0,0,,,4,11,0,0.0
pg,baseline,7,3,2,20260814-21:49:17_baseline_libero_spatial_task_t7_s3_r2,False,success,place_partial,40,1,24,1,0,38,14,5,8,0,0.15
pg,baseline,7,4,2,20260814-22:02:59_baseline_libero_spatial_task_t7_s4_r2,False,policy_fail,place_fail,40,1,23,1,1,38,15,5,9,0,0.0
pg,baseline,7,4,3,20260814-22:04:40_baseline_libero_spatial_task_t7_s4_r3,False,policy_fail,place_stall,40,2,25,0,0,,,4,9,0,0.2
pg,baseline,7,5,2,20260814-22:16:24_baseline_libero_spatial_task_t7_s5_r2,False,success,place_partial,40,1,24,1,0,40,16,6,8,0,0.0
pg,baseline,7,5,3,20260814-22:17:53_baseline_libero_spatial_task_t7_s5_r3,True,success,success,40,1,24,1,0,37,13,6,6,0,0.22
pg,baseline,7,6,2,20260814-22:31:45_baseline_libero_spatial_task_t7_s6_r2,False,policy_fail,place_stall,40,2,37,0,0,,,0,2,0,0.05
pg,baseline,7,6,3,20260814-22:32:56_baseline_libero_spatial_task_t7_s6_r3,False,policy_fail,place_stall,40,1,27,0,0,,,4,10,0,0.15
pg,baseline,7,7,2,20260814-22:43:36_baseline_libero_spatial_task_t7_s7_r2,True,success,success,32,1,18,1,0,30,12,4,6,0,0.17
pg,baseline,7,7,3,20260814-22:45:21_baseline_libero_spatial_task_t7_s7_r3,False,success,place_partial,40,1,22,1,0,40,18,6,10,0,0.1
pg,baseline,7,8,3,20260814-22:59:19_baseline_libero_spatial_task_t7_s8_r3,False,policy_fail,place_stall,40,2,21,0,0,,,5,12,0,0.09
pg,baseline,7,8,2,20260814-22:59:19_baseline_libero_spatial_task_t7_s8_r2,False,policy_fail,place_fail,40,2,23,1,1,40,17,6,8,0,0.0
pg,baseline,7,9,2,20260814-23:13:47_baseline_libero_spatial_task_t7_s9_r2,True,success,success,35,1,21,1,0,33,12,3,7,0,0.0
pg,baseline,7,9,3,20260814-23:15:13_baseline_libero_spatial_task_t7_s9_r3,False,success,place_partial,40,1,24,1,0,40,16,4,10,0,0.0
pg,baseline,7,10,2,20260814-23:26:36_baseline_libero_spatial_task_t7_s10_r2,False,policy_fail,place_stall,40,2,24,0,0,,,4,11,0,0.08
pg,baseline,7,10,3,20260814-23:27:05_baseline_libero_spatial_task_t7_s10_r3,False,policy_fail,place_fail,40,2,20,1,1,32,12,6,13,0,0.12
pg,baseline,9,1,2,20260814-23:39:57_baseline_libero_spatial_task_t9_s1_r2,False,policy_fail,place_fail,40,2,18,2,2,29,11,7,10,0,0.18
pg,baseline,9,1,3,20260814-23:41:40_baseline_libero_spatial_task_t9_s1_r3,False,policy_fail,place_stall,40,2,23,0,0,,,3,12,0,0.06
pg,baseline,9,2,2,20260814-23:55:21_baseline_libero_spatial_task_t9_s2_r2,True,success,success,38,1,25,1,0,35,10,4,5,0,0.29
pg,baseline,9,2,3,20260814-23:56:05_baseline_libero_spatial_task_t9_s2_r3,False,policy_fail,place_fail,40,1,21,1,1,31,10,7,9,0,0.17
pg,baseline,9,3,3,20260815-00:10:12_baseline_libero_spatial_task_t9_s3_r3,False,policy_fail,place_stall,40,2,25,0,0,,,4,9,0,0.31
pg,baseline,9,3,2,20260815-00:09:44_baseline_libero_spatial_task_t9_s3_r2,True,success,success,36,1,20,1,0,34,14,5,9,0,0.0
pg,baseline,9,4,2,20260815-00:21:33_baseline_libero_spatial_task_t9_s4_r2,True,success,success,35,1,21,1,0,33,12,5,5,0,0.22
pg,baseline,9,4,3,20260815-00:23:23_baseline_libero_spatial_task_t9_s4_r3,True,success,success,37,1,22,1,0,34,12,4,7,0,0.2
pg,baseline,9,5,2,20260815-00:34:33_baseline_libero_spatial_task_t9_s5_r2,True,success,success,34,1,20,1,0,32,12,4,6,0,0.36
pg,baseline,9,5,3,20260815-00:35:13_baseline_libero_spatial_task_t9_s5_r3,True,success,success,31,2,16,1,0,28,12,5,5,0,0.5
pg,baseline,9,6,2,20260815-00:45:31_baseline_libero_spatial_task_t9_s6_r2,False,policy_fail,place_fail,40,2,19,2,2,33,14,7,11,0,0.11
pg,baseline,9,6,3,20260815-00:47:37_baseline_libero_spatial_task_t9_s6_r3,False,policy_fail,place_stall,40,2,25,0,0,,,2,11,0,0.21
pg,baseline,9,7,2,20260815-00:59:15_baseline_libero_spatial_task_t9_s7_r2,True,success,success,40,2,20,2,2,31,11,5,9,0,0.0
pg,baseline,9,7,3,20260815-01:01:39_baseline_libero_spatial_task_t9_s7_r3,False,policy_fail,place_stall,40,1,25,0,0,,,6,8,0,0.47
pg,baseline,9,8,2,20260815-01:12:59_baseline_libero_spatial_task_t9_s8_r2,True,success,success,31,1,18,1,0,29,11,4,5,0,0.2
pg,baseline,9,8,3,20260815-01:13:24_baseline_libero_spatial_task_t9_s8_r3,False,policy_fail,place_fail,40,1,19,1,1,34,15,6,13,0,0.25
pg,baseline,9,9,2,20260815-01:25:39_baseline_libero_spatial_task_t9_s9_r2,False,policy_fail,place_fail,40,1,21,1,1,39,18,6,11,0,0.17
pg,baseline,9,9,3,20260815-01:27:33_baseline_libero_spatial_task_t9_s9_r3,False,success,place_stall,40,1,16,0,0,,,9,14,0,0.17
pg,baseline,9,10,2,20260815-01:40:14_baseline_libero_spatial_task_t9_s10_r2,False,success,place_partial,40,2,28,1,0,40,12,2,7,0,0.14
pg,baseline,9,10,3,20260815-01:40:28_baseline_libero_spatial_task_t9_s10_r3,False,policy_fail,place_stall,40,1,24,0,0,,,4,11,0,0.06
pg,ours,0,2,3,20260817-13:51:45_ours_libero_spatial_task_t0_s2_r3,False,policy_fail,no_pick,18,0,,0,0,,,0,0,0,0.0
pg,ours,0,3,2,20260817-13:51:45_ours_libero_spatial_task_t0_s3_r2,False,policy_fail,place_stall,40,1,39,0,0,,,0,1,0,0.17
pg,ours,0,2,2,20260817-13:51:45_ours_libero_spatial_task_t0_s2_r2,False,policy_fail,place_fail,40,1,26,1,1,37,11,4,8,0,0.0
pg,ours,0,1,2,20260817-13:51:45_ours_libero_spatial_task_t0_s1_r2,False,policy_fail,no_pick,40,0,,0,0,,,0,0,0,0.06
pg,ours,0,1,3,20260817-13:51:45_ours_libero_spatial_task_t0_s1_r3,False,policy_fail,place_stall,40,1,32,0,0,,,2,5,0,0.07
pg,ours,0,3,1,20260817-13:51:45_ours_libero_spatial_task_t0_s3_r1,False,policy_fail,place_fail,40,2,13,1,1,25,12,7,16,0,0.0
pg,ours,0,1,1,20260817-13:51:45_ours_libero_spatial_task_t0_s1_r1,False,policy_fail,place_fail,40,1,19,1,1,37,18,7,12,0,0.0
pg,ours,0,2,1,20260817-13:51:45_ours_libero_spatial_task_t0_s2_r1,False,policy_fail,place_stall,40,1,31,0,0,,,2,6,0,0.08
pg,ours,0,5,1,20260817-14:02:52_ours_libero_spatial_task_t0_s5_r1,True,success,success,29,1,16,1,0,26,10,3,6,0,0.0
pg,ours,0,4,2,20260817-14:00:55_ours_libero_spatial_task_t0_s4_r2,False,policy_fail,place_stall,40,1,20,0,0,,,5,13,0,0.08
pg,ours,0,4,1,20260817-14:00:40_ours_libero_spatial_task_t0_s4_r1,False,policy_fail,place_fail,40,1,19,2,2,34,15,4,13,0,0.08
pg,ours,0,5,2,20260817-14:03:31_ours_libero_spatial_task_t0_s5_r2,True,success,success,40,1,24,1,0,37,13,2,10,0,0.08
pg,ours,0,3,3,20260817-14:00:33_ours_libero_spatial_task_t0_s3_r3,True,success,success,36,1,24,1,0,34,10,3,5,0,0.0
pg,ours,0,4,3,20260817-14:02:07_ours_libero_spatial_task_t0_s4_r3,False,policy_fail,place_fail,40,1,31,1,1,40,9,3,4,0,0.2
pg,ours,0,6,1,20260817-14:04:58_ours_libero_spatial_task_t0_s6_r1,False,policy_fail,place_fail,40,1,20,1,1,34,14,6,12,0,0.09
pg,ours,0,6,2,20260817-14:09:49_ours_libero_spatial_task_t0_s6_r2,False,policy_fail,place_stall,40,1,34,0,0,,,1,4,0,0.18
pg,ours,0,7,1,20260817-14:12:49_ours_libero_spatial_task_t0_s7_r1,False,policy_fail,place_stall,40,3,37,0,0,,,1,1,0,0.0
pg,ours,0,5,3,20260817-14:04:08_ours_libero_spatial_task_t0_s5_r3,False,success,place_partial,40,1,22,1,0,38,16,3,12,0,0.0
pg,ours,0,7,2,20260817-14:14:05_ours_libero_spatial_task_t0_s7_r2,False,policy_fail,grasp_fail,40,3,,0,0,,,0,0,0,0.08
pg,ours,0,6,3,20260817-14:11:20_ours_libero_spatial_task_t0_s6_r3,True,success,success,32,1,18,1,0,29,11,4,6,0,0.0
pg,ours,0,8,2,20260817-14:16:14_ours_libero_spatial_task_t0_s8_r2,True,success,success,37,1,24,1,0,34,10,3,6,0,0.0
pg,ours,0,8,3,20260817-14:17:36_ours_libero_spatial_task_t0_s8_r3,False,success,place_partial,40,1,28,1,0,40,12,3,7,0,0.05
pg,ours,0,7,3,20260817-14:14:12_ours_libero_spatial_task_t0_s7_r3,True,success,place_stall,40,1,21,0,0,,,4,10,0,0.0
pg,ours,0,8,1,20260817-14:16:10_ours_libero_spatial_task_t0_s8_r1,True,success,success,34,1,20,1,0,31,11,3,7,0,0.0
pg,ours,0,9,1,20260817-14:22:04_ours_libero_spatial_task_t0_s9_r1,True,success,success,40,1,28,1,0,38,10,3,5,0,0.0
pg,ours,0,9,3,20260817-14:24:02_ours_libero_spatial_task_t0_s9_r3,True,success,success,35,1,22,1,0,32,10,3,6,0,0.11
pg,ours,0,10,3,20260817-14:25:13_ours_libero_spatial_task_t0_s10_r3,False,policy_fail,place_fail,40,1,21,1,1,33,12,4,13,0,0.0
pg,ours,7,1,1,20260817-14:25:17_ours_libero_spatial_task_t7_s1_r1,False,policy_fail,place_stall,40,3,28,0,0,,,2,7,0,0.25
pg,ours,0,9,2,20260817-14:22:36_ours_libero_spatial_task_t0_s9_r2,True,success,success,36,1,22,1,0,33,11,3,7,0,0.0
pg,ours,0,10,2,20260817-14:25:07_ours_libero_spatial_task_t0_s10_r2,False,policy_fail,place_fail,40,1,22,1,1,33,11,2,12,0,0.0
pg,ours,7,1,2,20260817-14:29:23_ours_libero_spatial_task_t7_s1_r2,False,policy_fail,place_stall,40,1,32,0,0,,,2,5,0,0.0
pg,ours,0,10,1,20260817-14:24:50_ours_libero_spatial_task_t0_s10_r1,False,policy_fail,place_fail,40,1,22,1,1,38,16,4,12,0,0.0
pg,ours,7,1,3,20260817-14:30:16_ours_libero_spatial_task_t7_s1_r3,False,policy_fail,grasp_fail,40,3,,0,0,,,0,0,0,0.25
pg,ours,7,2,2,20260817-14:37:11_ours_libero_spatial_task_t7_s2_r2,True,success,success,31,1,19,1,0,29,10,4,3,0,
pg,ours,7,2,1,20260817-14:34:19_ours_libero_spatial_task_t7_s2_r1,False,policy_fail,grasp_fail,40,4,,0,0,,,0,0,0,0.08
pg,ours,7,2,3,20260817-14:37:49_ours_libero_spatial_task_t7_s2_r3,True,success,success,38,1,25,1,1,36,11,4,5,0,0.1
pg,ours,7,3,1,20260817-14:38:12_ours_libero_spatial_task_t7_s3_r1,False,success,place_partial,40,1,25,1,0,38,13,5,7,0,0.0
pg,ours,7,3,2,20260817-14:39:35_ours_libero_spatial_task_t7_s3_r2,True,success,success,36,1,20,1,0,34,14,6,6,0,0.0
pg,ours,7,3,3,20260817-14:41:03_ours_libero_spatial_task_t7_s3_r3,False,policy_fail,place_fail,40,4,26,1,1,38,12,4,6,0,0.11
pg,ours,7,4,2,20260817-14:45:05_ours_libero_spatial_task_t7_s4_r2,False,policy_fail,place_stall,40,2,24,0,0,,,5,7,0,0.08
pg,ours,7,4,1,20260817-14:44:41_ours_libero_spatial_task_t7_s4_r1,False,policy_fail,place_stall,40,2,24,0,0,,,4,11,0,0.1
pg,ours,7,5,2,20260817-14:48:17_ours_libero_spatial_task_t7_s5_r2,True,success,success,38,1,21,1,0,36,15,2,10,0,0.0
pg,ours,7,4,3,20260817-14:45:45_ours_libero_spatial_task_t7_s4_r3,True,success,success,36,2,24,1,0,34,10,5,2,0,0.0
pg,ours,7,5,1,20260817-14:47:25_ours_libero_spatial_task_t7_s5_r1,False,policy_fail,place_fail,40,1,23,1,1,37,14,6,9,0,0.09
pg,ours,7,6,1,20260817-14:51:50_ours_libero_spatial_task_t7_s6_r1,False,policy_fail,place_fail,40,1,25,1,1,37,12,6,7,0,0.0
pg,ours,7,5,3,20260817-14:51:36_ours_libero_spatial_task_t7_s5_r3,True,success,success,40,1,22,1,0,37,15,6,8,0,0.0
pg,ours,7,6,2,20260817-14:52:58_ours_libero_spatial_task_t7_s6_r2,False,policy_fail,place_stall,40,1,24,0,0,,,4,11,0,0.15
pg,ours,7,6,3,20260817-14:56:26_ours_libero_spatial_task_t7_s6_r3,False,policy_fail,place_fail,40,1,18,1,1,33,15,6,14,0,0.0
pg,ours,7,7,1,20260817-14:57:49_ours_libero_spatial_task_t7_s7_r1,False,policy_fail,no_pick,40,0,,0,0,,,0,0,0,0.35
pg,ours,7,7,2,20260817-14:59:35_ours_libero_spatial_task_t7_s7_r2,False,policy_fail,grasp_fail,40,2,,0,0,,,0,0,0,0.12
pg,ours,7,7,3,20260817-15:00:02_ours_libero_spatial_task_t7_s7_r3,False,policy_fail,grasp_fail,40,3,,0,0,,,0,0,0,0.17
pg,ours,7,8,1,20260817-15:00:23_ours_libero_spatial_task_t7_s8_r1,False,policy_fail,place_fail,40,1,25,1,1,35,10,6,8,0,0.08
pg,ours,7,8,2,20260817-15:01:47_ours_libero_spatial_task_t7_s8_r2,False,policy_fail,grasp_fail,40,7,,0,0,,,0,0,0,0.17
pg,ours,7,9,2,20260817-15:07:40_ours_libero_spatial_task_t7_s9_r2,True,success,success,32,1,19,1,0,29,10,4,5,0,0.0
pg,ours,7,9,1,20260817-15:06:31_ours_libero_spatial_task_t7_s9_r1,False,policy_fail,place_stall,40,2,23,0,0,,,2,17,0,0.13
pg,ours,7,8,3,20260817-15:04:06_ours_libero_spatial_task_t7_s8_r3,False,policy_fail,place_stall,40,3,29,0,0,,,2,6,0,0.0
pg,ours,7,9,3,20260817-15:07:54_ours_libero_spatial_task_t7_s9_r3,False,policy_fail,grasp_fail,40,5,,0,0,,,0,0,0,0.12
pg,ours,7,10,1,20260817-15:08:33_ours_libero_spatial_task_t7_s10_r1,False,policy_fail,place_fail,40,4,24,1,1,40,16,6,7,0,0.0
pg,ours,7,10,2,20260817-15:11:28_ours_libero_spatial_task_t7_s10_r2,True,success,success,38,1,23,1,0,36,13,4,7,0,0.0
pg,ours,7,10,3,20260817-15:11:52_ours_libero_spatial_task_t7_s10_r3,False,success,place_partial,40,1,21,1,0,39,18,9,8,0,0.0
pg,ours,9,1,1,20260817-15:13:52_ours_libero_spatial_task_t9_s1_r1,True,success,success,37,2,19,1,0,34,15,5,8,0,0.0
pg,ours,9,1,3,20260817-15:18:31_ours_libero_spatial_task_t9_s1_r3,False,policy_fail,place_fail,40,1,24,1,1,40,16,5,9,0,0.2
pg,ours,9,2,1,20260817-15:19:00_ours_libero_spatial_task_t9_s2_r1,False,policy_fail,place_stall,40,2,24,0,0,,,3,11,0,0.27
pg,ours,9,1,2,20260817-15:16:46_ours_libero_spatial_task_t9_s1_r2,False,policy_fail,place_fail,40,1,23,1,1,32,9,8,6,0,0.3
pg,ours,9,3,1,20260817-15:21:41_ours_libero_spatial_task_t9_s3_r1,False,policy_fail,place_stall,40,1,23,0,0,,,3,13,0,0.11
pg,ours,9,2,2,20260817-15:20:00_ours_libero_spatial_task_t9_s2_r2,True,success,success,39,1,24,1,0,36,12,5,6,0,0.25
pg,ours,9,2,3,20260817-15:20:23_ours_libero_spatial_task_t9_s2_r3,True,success,success,38,1,19,1,0,35,16,6,9,0,0.09
pg,ours,9,3,2,20260817-15:22:48_ours_libero_spatial_task_t9_s3_r2,False,policy_fail,place_stall,40,1,25,0,0,,,5,9,0,0.17
pg,ours,9,3,3,20260817-15:24:11_ours_libero_spatial_task_t9_s3_r3,True,success,success,40,2,22,1,0,38,16,5,8,0,0.09
pg,ours,9,4,1,20260817-15:27:21_ours_libero_spatial_task_t9_s4_r1,True,success,success,36,1,21,1,0,33,12,6,5,0,0.2
pg,ours,9,4,2,20260817-15:29:54_ours_libero_spatial_task_t9_s4_r2,False,policy_fail,place_stall,40,2,15,0,0,,,4,19,0,0.29
pg,ours,9,4,3,20260817-15:30:29_ours_libero_spatial_task_t9_s4_r3,True,success,success,35,2,24,1,0,32,8,4,3,0,0.11
pg,ours,9,5,3,20260817-15:31:54_ours_libero_spatial_task_t9_s5_r3,True,success,success,34,1,19,1,0,31,12,5,6,0,0.12
pg,ours,9,5,1,20260817-15:31:20_ours_libero_spatial_task_t9_s5_r1,False,policy_fail,place_stall,40,1,29,0,0,,,3,7,0,0.29
pg,ours,9,5,2,20260817-15:31:37_ours_libero_spatial_task_t9_s5_r2,False,policy_fail,place_fail,40,2,19,1,1,34,15,8,9,0,0.0
pg,ours,9,6,1,20260817-15:33:11_ours_libero_spatial_task_t9_s6_r1,False,policy_fail,place_stall,40,2,23,0,0,,,5,10,0,0.21
pg,ours,9,6,2,20260817-15:35:40_ours_libero_spatial_task_t9_s6_r2,True,success,success,40,3,20,1,0,38,18,7,7,0,0.0
pg,ours,9,6,3,20260817-15:36:02_ours_libero_spatial_task_t9_s6_r3,False,policy_fail,place_fail,40,1,25,1,1,39,14,4,9,0,0.17
pg,ours,9,7,1,20260817-15:41:08_ours_libero_spatial_task_t9_s7_r1,True,success,success,34,1,18,1,0,31,13,4,8,0,0.0
pg,ours,9,7,3,20260817-15:42:46_ours_libero_spatial_task_t9_s7_r3,True,success,success,40,1,23,1,0,38,15,5,8,0,0.15
pg,ours,9,7,2,20260817-15:42:00_ours_libero_spatial_task_t9_s7_r2,True,success,success,39,1,20,1,0,36,16,6,9,0,0.0
pg,ours,9,9,1,20260817-15:46:00_ours_libero_spatial_task_t9_s9_r1,True,success,place_stall,29,2,19,0,0,,,1,5,0,0.0
pg,ours,9,8,2,20260817-15:43:57_ours_libero_spatial_task_t9_s8_r2,True,success,success,29,2,11,1,1,20,9,5,8,0,
pg,ours,9,8,1,20260817-15:43:44_ours_libero_spatial_task_t9_s8_r1,False,policy_fail,place_fail,40,1,20,1,1,39,19,10,8,0,0.0
pg,ours,9,8,3,20260817-15:44:36_ours_libero_spatial_task_t9_s8_r3,False,policy_fail,place_fail,40,1,21,1,1,36,15,7,9,0,0.0
pg,ours,9,9,2,20260817-15:47:15_ours_libero_spatial_task_t9_s9_r2,False,policy_fail,place_stall,40,2,19,0,0,,,4,14,0,0.15
pg,ours,9,10,1,20260817-15:53:23_ours_libero_spatial_task_t9_s10_r1,True,success,success,39,2,22,1,0,36,14,3,9,0,0.08
pg,ours,9,10,3,20260817-15:54:16_ours_libero_spatial_task_t9_s10_r3,False,policy_fail,place_stall,40,1,24,0,0,,,5,10,0,0.45
pg,ours,9,9,3,20260817-15:52:26_ours_libero_spatial_task_t9_s9_r3,False,success,place_fail,40,3,19,1,1,40,21,6,11,0,0.15
pg,ours,9,10,2,20260817-15:53:55_ours_libero_spatial_task_t9_s10_r2,True,success,success,32,1,20,1,0,30,10,4,4,0,0.0
pg,hardcap,0,3,1,20260817-16:09:57_hardcap_libero_spatial_task_t0_s3_r1,True,success,success,35,1,19,1,0,32,13,4,8,1,0.0
pg,hardcap,0,1,2,20260817-16:09:57_hardcap_libero_spatial_task_t0_s1_r2,False,policy_fail,place_fail,40,1,30,1,1,40,10,4,4,3,0.0
pg,hardcap,0,2,1,20260817-16:09:57_hardcap_libero_spatial_task_t0_s2_r1,True,success,success,39,1,22,1,0,35,13,5,8,2,0.0
pg,hardcap,0,3,2,20260817-16:09:57_hardcap_libero_spatial_task_t0_s3_r2,True,success,success,32,1,19,1,0,30,11,4,5,1,0.0
pg,hardcap,0,2,3,20260817-16:09:57_hardcap_libero_spatial_task_t0_s2_r3,True,success,success,36,1,21,1,0,33,12,4,7,4,0.0
pg,hardcap,0,2,2,20260817-16:09:57_hardcap_libero_spatial_task_t0_s2_r2,False,policy_fail,place_stall,40,2,24,0,0,,,4,9,1,0.0
pg,hardcap,0,1,3,20260817-16:09:57_hardcap_libero_spatial_task_t0_s1_r3,True,success,success,37,1,23,1,1,35,12,4,6,0,0.0
pg,hardcap,0,1,1,20260817-16:09:57_hardcap_libero_spatial_task_t0_s1_r1,False,policy_fail,place_stall,40,1,33,0,0,,,2,4,4,0.09
pg,hardcap,0,3,3,20260817-16:20:16_hardcap_libero_spatial_task_t0_s3_r3,True,success,success,33,1,20,1,0,30,10,3,6,1,0.0
pg,hardcap,0,4,1,20260817-16:22:28_hardcap_libero_spatial_task_t0_s4_r1,False,policy_fail,place_fail,40,2,21,1,1,33,12,5,11,1,0.0
pg,hardcap,0,6,1,20260817-16:26:34_hardcap_libero_spatial_task_t0_s6_r1,True,success,success,34,1,23,1,0,32,9,3,4,2,0.0
pg,hardcap,0,4,3,20260817-16:24:39_hardcap_libero_spatial_task_t0_s4_r3,False,policy_fail,place_fail,40,1,21,1,1,36,15,6,11,1,0.0
pg,hardcap,0,5,3,20260817-16:26:02_hardcap_libero_spatial_task_t0_s5_r3,True,success,success,34,1,20,1,0,32,12,4,6,0,0.0
pg,hardcap,0,5,1,20260817-16:24:41_hardcap_libero_spatial_task_t0_s5_r1,False,policy_fail,place_fail,40,1,22,1,1,32,10,7,9,1,0.0
pg,hardcap,0,5,2,20260817-16:26:02_hardcap_libero_spatial_task_t0_s5_r2,False,policy_fail,place_fail,40,2,14,2,2,25,11,7,15,2,0.0
pg,hardcap,0,4,2,20260817-16:24:25_hardcap_libero_spatial_task_t0_s4_r2,False,policy_fail,place_fail,40,2,31,1,1,26,-5,4,4,1,0.0
pg,hardcap,0,6,2,20260817-16:31:05_hardcap_libero_spatial_task_t0_s6_r2,True,success,success,28,1,17,1,0,26,9,3,4,0,0.0
pg,hardcap,0,7,1,20260817-16:37:43_hardcap_libero_spatial_task_t0_s7_r1,False,policy_fail,no_pick,13,0,,0,0,,,0,0,0,
pg,hardcap,0,6,3,20260817-16:33:01_hardcap_libero_spatial_task_t0_s6_r3,False,policy_fail,place_fail,40,1,21,1,1,37,16,5,11,3,0.0
pg,hardcap,0,8,2,20260817-16:40:36_hardcap_libero_spatial_task_t0_s8_r2,True,success,success,30,1,20,1,0,28,8,3,3,1,0.0
pg,hardcap,0,7,2,20260817-16:38:36_hardcap_libero_spatial_task_t0_s7_r2,False,policy_fail,place_stall,40,1,24,0,0,,,5,10,2,0.15
pg,hardcap,0,8,1,20260817-16:40:06_hardcap_libero_spatial_task_t0_s8_r1,True,success,success,24,1,14,1,0,21,7,4,2,1,0.0
pg,hardcap,0,8,3,20260817-16:41:52_hardcap_libero_spatial_task_t0_s8_r3,False,policy_fail,place_fail,40,1,23,1,1,37,14,4,11,1,0.0
pg,hardcap,0,9,1,20260817-16:41:55_hardcap_libero_spatial_task_t0_s9_r1,False,policy_fail,place_stall,40,1,20,0,0,,,4,15,2,0.0
pg,hardcap,0,9,2,20260817-16:47:33_hardcap_libero_spatial_task_t0_s9_r2,True,success,success,36,1,20,1,1,30,10,4,8,1,0.12
pg,hardcap,0,9,3,20260817-16:48:50_hardcap_libero_spatial_task_t0_s9_r3,True,success,success,34,1,22,1,0,31,9,3,5,2,0.0
pg,hardcap,0,10,1,20260817-16:50:31_hardcap_libero_spatial_task_t0_s10_r1,True,success,success,31,1,18,1,0,29,11,3,6,0,0.0
pg,hardcap,0,10,3,20260817-16:51:56_hardcap_libero_spatial_task_t0_s10_r3,False,success,place_partial,40,1,27,1,0,39,12,3,8,3,0.0
pg,hardcap,0,7,3,20260817-16:39:26_hardcap_libero_spatial_task_t0_s7_r3,False,policy_fail,place_stall,40,2,22,0,0,,,7,7,1,0.0
pg,hardcap,0,10,2,20260817-16:51:54_hardcap_libero_spatial_task_t0_s10_r2,False,success,place_fail,40,2,21,1,1,33,12,5,10,0,0.0
pg,hardcap,7,1,1,20260817-16:55:37_hardcap_libero_spatial_task_t7_s1_r1,False,policy_fail,place_stall,40,3,26,0,0,,,2,9,1,0.08
pg,hardcap,7,1,3,20260817-16:58:22_hardcap_libero_spatial_task_t7_s1_r3,False,policy_fail,place_stall,40,1,40,0,0,,,0,0,0,0.2
pg,hardcap,7,1,2,20260817-16:56:36_hardcap_libero_spatial_task_t7_s1_r2,True,success,success,38,1,22,1,0,35,13,5,7,1,0.25
pg,hardcap,7,2,1,20260817-16:59:57_hardcap_libero_spatial_task_t7_s2_r1,True,success,success,38,3,15,1,0,36,21,6,11,2,0.0
pg,hardcap,7,2,2,20260817-17:03:49_hardcap_libero_spatial_task_t7_s2_r2,False,policy_fail,place_stall,40,3,35,0,0,,,1,3,1,0.33
pg,hardcap,7,2,3,20260817-17:05:04_hardcap_libero_spatial_task_t7_s2_r3,False,policy_fail,place_fail,40,1,24,1,1,34,10,6,8,1,0.1
pg,hardcap,7,3,1,20260817-17:06:51_hardcap_libero_spatial_task_t7_s3_r1,False,policy_fail,place_fail,40,2,21,1,1,33,12,5,11,1,0.12
pg,hardcap,7,4,1,20260817-17:10:27_hardcap_libero_spatial_task_t7_s4_r1,True,success,success,33,2,22,1,0,31,9,4,3,1,0.0
pg,hardcap,7,3,3,20260817-17:08:48_hardcap_libero_spatial_task_t7_s3_r3,True,success,success,37,2,24,1,0,35,11,5,4,2,0.0
pg,hardcap,7,3,2,20260817-17:08:00_hardcap_libero_spatial_task_t7_s3_r2,False,policy_fail,place_stall,40,3,24,0,0,,,4,9,2,0.29
pg,hardcap,7,4,2,20260817-17:12:07_hardcap_libero_spatial_task_t7_s4_r2,True,success,success,33,2,20,1,0,31,11,2,6,2,0.0
pg,hardcap,7,4,3,20260817-17:13:09_hardcap_libero_spatial_task_t7_s4_r3,True,success,success,30,1,17,1,0,27,10,3,6,2,0.25
pg,hardcap,7,5,2,20260817-17:15:31_hardcap_libero_spatial_task_t7_s5_r2,True,success,place_stall,32,1,19,0,0,,,6,5,2,0.0
pg,hardcap,7,5,3,20260817-17:19:50_hardcap_libero_spatial_task_t7_s5_r3,True,success,success,32,1,17,1,0,29,12,4,7,1,0.14
pg,hardcap,7,5,1,20260817-17:15:07_hardcap_libero_spatial_task_t7_s5_r1,False,policy_fail,place_fail,40,1,24,1,1,34,10,7,6,1,0.0
pg,hardcap,7,6,1,20260817-17:22:09_hardcap_libero_spatial_task_t7_s6_r1,False,policy_fail,place_stall,40,1,22,0,0,,,6,11,1,0.0
pg,hardcap,7,7,2,20260817-17:25:15_hardcap_libero_spatial_task_t7_s7_r2,True,success,success,34,1,20,1,0,31,11,5,5,1,0.0
pg,hardcap,7,7,1,20260817-17:22:52_hardcap_libero_spatial_task_t7_s7_r1,True,success,success,40,2,19,1,1,29,10,8,8,1,0.29
pg,hardcap,7,6,2,20260817-17:22:36_hardcap_libero_spatial_task_t7_s6_r2,False,policy_fail,place_stall,40,4,36,0,0,,,1,2,2,0.17
pg,hardcap,7,6,3,20260817-17:22:42_hardcap_libero_spatial_task_t7_s6_r3,False,policy_fail,place_fail,40,3,18,2,2,26,8,7,18,6,0.17
pg,hardcap,7,8,1,20260817-17:29:33_hardcap_libero_spatial_task_t7_s8_r1,True,success,success,27,1,16,1,0,24,8,3,4,0,0.29
pg,hardcap,7,7,3,20260817-17:25:58_hardcap_libero_spatial_task_t7_s7_r3,False,policy_fail,place_fail,40,1,17,1,1,30,13,7,14,1,0.18
pg,hardcap,7,9,1,20260817-17:35:56_hardcap_libero_spatial_task_t7_s9_r1,False,policy_fail,grasp_fail,40,7,,0,0,,,0,0,1,0.5
pg,hardcap,7,8,3,20260817-17:34:58_hardcap_libero_spatial_task_t7_s8_r3,False,policy_fail,grasp_fail,40,2,,1,1,38,,0,0,1,0.1
pg,hardcap,7,10,1,20260817-17:38:14_hardcap_libero_spatial_task_t7_s10_r1,False,success,place_partial,40,3,24,1,0,39,15,5,7,1,0.0
pg,hardcap,7,9,2,20260817-17:36:24_hardcap_libero_spatial_task_t7_s9_r2,True,success,success,37,2,12,1,0,34,22,8,12,1,0.0
pg,hardcap,7,8,2,20260817-17:31:19_hardcap_libero_spatial_task_t7_s8_r2,True,success,success,34,1,20,1,0,31,11,4,6,1,0.14
pg,hardcap,7,9,3,20260817-17:37:21_hardcap_libero_spatial_task_t7_s9_r3,True,success,success,39,1,23,1,0,36,13,5,7,2,0.2
pg,hardcap,7,10,2,20260817-17:39:05_hardcap_libero_spatial_task_t7_s10_r2,False,policy_fail,place_stall,40,1,21,0,0,,,5,12,0,0.0
pg,hardcap,7,10,3,20260817-17:42:02_hardcap_libero_spatial_task_t7_s10_r3,True,success,success,35,1,21,1,0,32,11,4,6,2,0.4
pg,hardcap,9,1,1,20260818-10:06:51_hardcap_libero_spatial_task_t9_s1_r1,False,policy_fail,place_fail,40,1,23,1,1,36,13,6,9,1,0.18
pg,hardcap,9,2,2,20260818-10:06:51_hardcap_libero_spatial_task_t9_s2_r2,False,policy_fail,place_stall,40,2,26,0,0,,,3,9,1,0.06
pg,hardcap,9,1,3,20260818-10:06:51_hardcap_libero_spatial_task_t9_s1_r3,False,policy_fail,place_fail,40,1,19,1,1,35,16,5,13,1,0.08
pg,hardcap,9,3,1,20260818-10:06:51_hardcap_libero_spatial_task_t9_s3_r1,True,success,success,34,1,17,1,0,31,14,7,7,0,0.0
pg,hardcap,9,3,2,20260818-10:06:51_hardcap_libero_spatial_task_t9_s3_r2,False,policy_fail,place_fail,40,2,19,1,1,38,19,7,11,0,0.11
pg,hardcap,9,2,3,20260818-10:06:51_hardcap_libero_spatial_task_t9_s2_r3,False,policy_fail,place_stall,40,1,22,0,0,,,6,11,1,0.09
pg,hardcap,9,2,1,20260818-10:06:51_hardcap_libero_spatial_task_t9_s2_r1,False,policy_fail,place_fail,40,2,20,1,1,35,15,6,11,1,0.0
pg,hardcap,9,1,2,20260818-10:06:51_hardcap_libero_spatial_task_t9_s1_r2,False,policy_fail,place_stall,40,2,18,0,0,,,7,12,2,0.0
pg,hardcap,9,3,3,20260818-10:15:13_hardcap_libero_spatial_task_t9_s3_r3,False,policy_fail,place_stall,40,2,21,0,0,,,4,13,1,0.36
pg,hardcap,9,4,1,20260818-10:15:25_hardcap_libero_spatial_task_t9_s4_r1,False,policy_fail,place_fail,40,2,17,2,2,25,8,10,8,0,0.0
pg,hardcap,9,4,2,20260818-10:15:36_hardcap_libero_spatial_task_t9_s4_r2,False,policy_fail,place_fail,40,1,18,1,1,30,12,10,9,2,0.25
pg,hardcap,9,6,1,20260818-10:19:49_hardcap_libero_spatial_task_t9_s6_r1,False,policy_fail,place_stall,40,1,25,0,0,,,3,11,3,0.0
pg,hardcap,9,4,3,20260818-10:17:46_hardcap_libero_spatial_task_t9_s4_r3,False,success,place_fail,40,3,20,1,1,29,9,6,10,0,0.29
pg,hardcap,9,5,2,20260818-10:19:24_hardcap_libero_spatial_task_t9_s5_r2,False,policy_fail,place_fail,40,1,24,1,1,36,12,5,9,0,0.0
pg,hardcap,9,5,1,20260818-10:18:53_hardcap_libero_spatial_task_t9_s5_r1,False,policy_fail,place_fail,40,2,22,1,1,40,18,5,10,1,0.08
pg,hardcap,9,5,3,20260818-10:19:45_hardcap_libero_spatial_task_t9_s5_r3,False,policy_fail,place_stall,40,2,19,0,0,,,5,14,2,0.0
pg,hardcap,9,6,3,20260818-10:24:06_hardcap_libero_spatial_task_t9_s6_r3,True,success,success,34,1,19,1,0,32,13,5,6,1,0.0
pg,hardcap,9,7,3,20260818-10:27:39_hardcap_libero_spatial_task_t9_s7_r3,True,success,success,37,1,25,1,0,34,9,3,5,1,0.2
pg,hardcap,9,7,1,20260818-10:26:25_hardcap_libero_spatial_task_t9_s7_r1,True,success,success,31,1,18,1,0,28,10,4,5,1,
pg,hardcap,9,6,2,20260818-10:24:01_hardcap_libero_spatial_task_t9_s6_r2,False,success,place_partial,40,4,19,1,0,40,21,5,11,0,0.33
pg,hardcap,9,8,1,20260818-10:29:41_hardcap_libero_spatial_task_t9_s8_r1,True,success,success,34,1,17,1,0,31,14,4,9,2,0.0
pg,hardcap,9,7,2,20260818-10:27:11_hardcap_libero_spatial_task_t9_s7_r2,False,success,place_partial,40,2,12,2,1,27,15,13,10,1,0.0
pg,hardcap,9,8,2,20260818-10:29:57_hardcap_libero_spatial_task_t9_s8_r2,False,policy_fail,place_fail,40,1,18,1,1,29,11,6,14,1,0.0
pg,hardcap,9,8,3,20260818-10:30:39_hardcap_libero_spatial_task_t9_s8_r3,False,policy_fail,place_fail,40,1,18,1,1,32,14,7,12,1,0.1
pg,hardcap,9,9,2,20260818-10:35:25_hardcap_libero_spatial_task_t9_s9_r2,True,success,success,26,1,13,1,0,24,11,5,4,0,0.0
pg,hardcap,9,9,1,20260818-10:33:23_hardcap_libero_spatial_task_t9_s9_r1,False,policy_fail,place_stall,40,1,18,0,0,,,6,15,3,0.18
pg,hardcap,9,10,2,20260818-10:38:24_hardcap_libero_spatial_task_t9_s10_r2,True,success,success,30,1,12,1,1,27,15,6,9,2,0.0
pg,hardcap,9,10,1,20260818-10:37:13_hardcap_libero_spatial_task_t9_s10_r1,False,policy_fail,place_fail,40,1,18,1,1,36,18,7,12,0,0.0
pg,hardcap,9,9,3,20260818-10:35:50_hardcap_libero_spatial_task_t9_s9_r3,False,policy_fail,place_fail,40,1,20,1,1,35,15,7,8,2,0.5
pg,hardcap,9,10,3,20260818-10:39:25_hardcap_libero_spatial_task_t9_s10_r3,False,policy_fail,place_fail,40,2,20,1,1,40,20,8,9,1,0.11
sm,structured,0,3,1,20260818-15:51:59_structured_libero_spatial_task_t0_s3_r1,True,success,success,22,1,11,1,1,20,9,5,2,0,0.0
sm,structured,0,5,1,20260818-15:51:59_structured_libero_spatial_task_t0_s5_r1,True,success,place_stall,21,2,12,0,0,,,3,3,0,0.0
sm,structured,0,4,1,20260818-15:51:59_structured_libero_spatial_task_t0_s4_r1,False,policy_fail,place_fail,40,2,16,1,1,29,13,9,12,0,0.0
sm,structured,0,2,1,20260818-15:51:59_structured_libero_spatial_task_t0_s2_r1,False,success,place_fail,40,2,26,1,1,37,11,2,9,0,0.1
sm,structured,0,6,1,20260818-15:51:59_structured_libero_spatial_task_t0_s6_r1,True,success,success,22,1,11,1,0,20,9,2,5,0,0.0
sm,structured,0,7,1,20260818-15:51:59_structured_libero_spatial_task_t0_s7_r1,True,success,place_stall,35,1,23,0,0,,,2,5,0,0.12
sm,structured,0,1,1,20260818-15:51:59_structured_libero_spatial_task_t0_s1_r1,False,policy_fail,no_pick,12,0,,0,0,,,0,0,0,0.0
sm,structured,0,8,1,20260818-15:51:59_structured_libero_spatial_task_t0_s8_r1,False,policy_fail,place_fail,40,3,12,1,1,23,11,10,12,0,0.0
sm,structured,0,10,1,20260818-16:02:01_structured_libero_spatial_task_t0_s10_r1,True,success,success,24,1,15,1,0,22,7,3,2,0,0.0
sm,structured,0,9,1,20260818-15:59:58_structured_libero_spatial_task_t0_s9_r1,False,policy_fail,place_stall,40,1,36,0,0,,,1,2,0,0.21
sm,structured,7,6,1,20260818-16:08:38_structured_libero_spatial_task_t7_s6_r1,True,success,success,29,1,16,1,0,25,9,5,4,0,0.0
sm,structured,7,1,1,20260818-16:04:34_structured_libero_spatial_task_t7_s1_r1,True,success,grasp_fail,33,2,,2,2,17,,0,0,0,0.0
sm,structured,7,3,1,20260818-16:04:49_structured_libero_spatial_task_t7_s3_r1,True,success,success,37,2,11,1,1,21,10,10,11,0,0.0
sm,structured,7,2,1,20260818-16:04:37_structured_libero_spatial_task_t7_s2_r1,True,success,success,31,1,13,1,0,29,16,4,11,0,0.14
sm,structured,7,5,1,20260818-16:05:43_structured_libero_spatial_task_t7_s5_r1,False,policy_fail,place_fail,40,4,21,1,1,37,16,6,9,0,0.12
sm,structured,7,4,1,20260818-16:04:52_structured_libero_spatial_task_t7_s4_r1,False,policy_fail,grasp_fail,40,4,,0,0,,,0,0,0,0.0
sm,structured,7,8,1,20260818-16:11:13_structured_libero_spatial_task_t7_s8_r1,False,policy_fail,place_fail,40,2,17,1,1,29,12,7,11,0,0.0
sm,structured,7,9,1,20260818-16:16:53_structured_libero_spatial_task_t7_s9_r1,True,success,success,36,2,18,1,0,34,16,6,7,0,0.29
sm,structured,7,7,1,20260818-16:09:33_structured_libero_spatial_task_t7_s7_r1,False,policy_fail,place_fail,40,5,10,1,1,33,23,9,13,0,0.0
sm,structured,7,10,1,20260818-16:17:27_structured_libero_spatial_task_t7_s10_r1,True,success,success,40,2,15,1,0,38,23,11,8,0,0.25
sm,structured,9,4,1,20260818-16:23:02_structured_libero_spatial_task_t9_s4_r1,True,success,success,18,1,9,1,0,16,7,3,2,0,0.0
sm,structured,9,2,1,20260818-16:21:43_structured_libero_spatial_task_t9_s2_r1,True,success,success,29,1,13,1,0,26,13,5,7,0,0.4
sm,structured,9,5,1,20260818-16:25:37_structured_libero_spatial_task_t9_s5_r1,True,success,success,17,1,8,1,0,15,7,3,2,0,0.0
sm,structured,9,3,1,20260818-16:22:16_structured_libero_spatial_task_t9_s3_r1,False,policy_fail,place_fail,39,3,16,1,1,31,15,7,10,0,0.0
sm,structured,9,1,1,20260818-16:20:31_structured_libero_spatial_task_t9_s1_r1,False,success,place_partial,40,3,7,2,1,26,19,10,12,0,0.0
sm,structured,9,6,1,20260818-16:27:59_structured_libero_spatial_task_t9_s6_r1,True,success,success,31,2,16,1,0,29,13,3,7,0,0.0
sm,structured,9,9,1,20260818-16:30:37_structured_libero_spatial_task_t9_s9_r1,True,success,success,32,2,14,1,0,29,15,4,11,0,0.0
sm,structured,9,8,1,20260818-16:30:14_structured_libero_spatial_task_t9_s8_r1,False,policy_fail,place_fail,40,4,9,3,3,18,9,13,9,0,0.33
sm,baseline,7,2,2,20260818-16:34:28_baseline_libero_spatial_task_t7_s2_r2,True,success,success,33,2,19,1,0,31,12,2,7,0,0.0
sm,structured,9,7,1,20260818-16:28:06_structured_libero_spatial_task_t9_s7_r1,True,success,success,38,3,12,3,2,21,9,10,7,0,0.0
sm,baseline,9,9,2,20260818-16:37:46_baseline_libero_spatial_task_t9_s9_r2,True,success,success,39,1,24,1,0,36,12,5,6,0,0.29
sm,baseline,0,5,2,20260818-16:35:53_baseline_libero_spatial_task_t0_s5_r2,True,success,success,35,1,20,1,0,32,12,4,7,0,0.0
sm,structured,9,10,1,20260818-16:33:23_structured_libero_spatial_task_t9_s10_r1,False,policy_fail,place_fail,40,5,13,2,2,26,13,7,11,0,0.17
