procedure,snapshot_id,segment_id,arm,rollout_idx,tercile,task,seed,t0,end_reason,n_actions,n_picks,success,target_name,target_dz_m,target_dxy_m,other_max_dxy_m,realized,n_prov,n_realized,restore_readback,wall_s,infra_abort
P2_FG_RETRY,snap_00,20260907-03:22:59_glm-5.3-flash_armB_libero_spatial_task_t9_s9_r2#f0,M,0,S,9,9,4,MACRO_DONE,5,1,False,akita_black_bowl_1,0.0,0.0,0.0004,False,1,0,0.0,51.8,
P2_FG_RETRY,snap_00,20260907-03:22:59_glm-5.3-flash_armB_libero_spatial_task_t9_s9_r2#f0,O,0,S,9,9,4,CARRY_END,5,1,False,akita_black_bowl_1,0.0,0.0,0.0089,False,2,0,0.0,50.4,
P2_FG_RETRY,snap_00,20260907-03:22:59_glm-5.3-flash_armB_libero_spatial_task_t9_s9_r2#f0,M,1,S,9,9,4,MACRO_DONE,5,1,False,akita_black_bowl_1,0.0,0.0,0.0036,False,1,0,0.0,48.1,
P2_FG_RETRY,snap_00,20260907-03:22:59_glm-5.3-flash_armB_libero_spatial_task_t9_s9_r2#f0,O,1,S,9,9,4,RETRY_DONE,4,2,False,akita_black_bowl_1,0.0,0.0,0.012,True,2,1,0.0,52.8,
P2_FG_RETRY,snap_00,20260907-03:22:59_glm-5.3-flash_armB_libero_spatial_task_t9_s9_r2#f0,M,2,S,9,9,4,MACRO_DONE,5,1,False,akita_black_bowl_1,0.0386,0.0352,0.2076,False,1,0,0.0,46.5,
P2_FG_RETRY,snap_00,20260907-03:22:59_glm-5.3-flash_armB_libero_spatial_task_t9_s9_r2#f0,O,2,S,9,9,4,CARRY_END,5,1,False,akita_black_bowl_1,0.0,0.0755,0.1059,False,2,0,0.0,46.4,
P2_FG_RETRY,snap_01,20260907-17:36:15_glm-5.3-flash_armC_libero_spatial_task_t9_s4_r2#f2,M,0,S,9,4,12,MACRO_DONE,5,1,False,akita_black_bowl_1,0.0,0.0,0.0395,False,1,0,0.0,41.2,
P2_FG_RETRY,snap_01,20260907-17:36:15_glm-5.3-flash_armC_libero_spatial_task_t9_s4_r2#f2,O,0,S,9,4,12,RETRY_DONE,4,2,False,akita_black_bowl_1,0.0,0.0,0.0,True,2,1,0.0,52.8,
P2_FG_RETRY,snap_01,20260907-17:36:15_glm-5.3-flash_armC_libero_spatial_task_t9_s4_r2#f2,M,1,S,9,4,12,MACRO_DONE,5,1,False,akita_black_bowl_1,0.0,0.0,0.0,False,1,0,0.0,47.5,
P2_FG_RETRY,snap_01,20260907-17:36:15_glm-5.3-flash_armC_libero_spatial_task_t9_s4_r2#f2,O,1,S,9,4,12,CARRY_END,5,1,False,akita_black_bowl_1,-0.228,0.1752,0.0,False,2,0,0.0,49.0,
P2_FG_RETRY,snap_01,20260907-17:36:15_glm-5.3-flash_armC_libero_spatial_task_t9_s4_r2#f2,M,2,S,9,4,12,MACRO_DONE,5,1,False,akita_black_bowl_1,0.0,0.0,0.0,False,1,0,0.0,46.7,
P2_FG_RETRY,snap_01,20260907-17:36:15_glm-5.3-flash_armC_libero_spatial_task_t9_s4_r2#f2,O,2,S,9,4,12,RETRY_DONE,4,2,False,akita_black_bowl_1,0.0,0.0,0.0,True,2,1,0.0,51.8,
P1_RPS_REPICK,snap_02,20260915-15:01:23_glm-5.3-flash_armB2_libero_spatial_task_t9_s7_r2#f0,M,0,S,9,7,11,MACRO_DONE,4,2,False,akita_black_bowl_1,0.0,0.0,0.0824,False,3,0,0.0,37.6,
P1_RPS_REPICK,snap_02,20260915-15:01:23_glm-5.3-flash_armB2_libero_spatial_task_t9_s7_r2#f0,O,0,S,9,7,11,RETRY_DONE,5,2,False,akita_black_bowl_1,0.0,0.0,0.0,True,3,2,0.0,53.6,
P1_RPS_REPICK,snap_02,20260915-15:01:23_glm-5.3-flash_armB2_libero_spatial_task_t9_s7_r2#f0,M,1,S,9,7,11,MACRO_DONE,4,2,False,akita_black_bowl_1,0.0,0.0,0.0273,False,3,0,0.0,38.3,
P1_RPS_REPICK,snap_02,20260915-15:01:23_glm-5.3-flash_armB2_libero_spatial_task_t9_s7_r2#f0,O,1,S,9,7,11,RETRY_DONE,5,2,False,akita_black_bowl_1,0.0,0.0,0.0,True,3,2,0.0,57.0,
P1_RPS_REPICK,snap_02,20260915-15:01:23_glm-5.3-flash_armB2_libero_spatial_task_t9_s7_r2#f0,M,2,S,9,7,11,MACRO_DONE,4,2,False,akita_black_bowl_1,0.0,0.0,0.0056,False,3,0,0.0,37.1,
P1_RPS_REPICK,snap_02,20260915-15:01:23_glm-5.3-flash_armB2_libero_spatial_task_t9_s7_r2#f0,O,2,S,9,7,11,RETRY_DONE,5,2,False,akita_black_bowl_1,0.0,0.0,0.0,True,3,2,0.0,50.9,
P1_RPS_REPICK,snap_03,20260915-18:12:34_glm-5.3-flash_armA_libero_spatial_task_t5_s5_r1#f0,M,0,L,5,5,7,MACRO_DONE,4,2,False,akita_black_bowl_1,-0.0,0.0,0.058,False,3,0,0.0,34.4,
P1_RPS_REPICK,snap_03,20260915-18:12:34_glm-5.3-flash_armA_libero_spatial_task_t5_s5_r1#f0,O,0,L,5,5,7,HOLD_END,3,1,False,akita_black_bowl_1,-0.0,0.0,0.0101,True,3,2,0.0,28.1,
P1_RPS_REPICK,snap_03,20260915-18:12:34_glm-5.3-flash_armA_libero_spatial_task_t5_s5_r1#f0,M,1,L,5,5,7,MACRO_DONE,4,2,False,akita_black_bowl_1,-0.0,0.0,0.1573,False,3,0,0.0,35.5,
P1_RPS_REPICK,snap_03,20260915-18:12:34_glm-5.3-flash_armA_libero_spatial_task_t5_s5_r1#f0,O,1,L,5,5,7,HOLD_END,3,1,False,akita_black_bowl_1,-0.0,0.0,0.1729,True,3,2,0.0,27.7,
P1_RPS_REPICK,snap_03,20260915-18:12:34_glm-5.3-flash_armA_libero_spatial_task_t5_s5_r1#f0,M,2,L,5,5,7,MACRO_DONE,4,2,False,akita_black_bowl_1,-0.0,0.0,0.1546,False,3,0,0.0,35.7,
P1_RPS_REPICK,snap_03,20260915-18:12:34_glm-5.3-flash_armA_libero_spatial_task_t5_s5_r1#f0,O,2,L,5,5,7,HOLD_END,3,1,False,akita_black_bowl_1,-0.0,0.0,0.1751,True,3,2,0.0,27.6,
P1_RPS_REPICK,snap_04,20260916-04:38:31_glm-5.3-flash_armB_libero_spatial_task_t5_s4_r1#f0,M,0,S,5,4,6,MACRO_DONE,4,2,False,akita_black_bowl_1,-0.0,0.0,0.0108,False,3,0,0.0,35.5,
P1_RPS_REPICK,snap_04,20260916-04:38:31_glm-5.3-flash_armB_libero_spatial_task_t5_s4_r1#f0,O,0,S,5,4,6,RETRY_DONE,5,2,False,akita_black_bowl_1,-0.0,0.0,0.0136,True,3,2,0.0,39.4,
P1_RPS_REPICK,snap_04,20260916-04:38:31_glm-5.3-flash_armB_libero_spatial_task_t5_s4_r1#f0,M,1,S,5,4,6,MACRO_DONE,4,2,False,akita_black_bowl_1,-0.0,0.0,0.0092,False,3,0,0.0,36.6,
P1_RPS_REPICK,snap_04,20260916-04:38:31_glm-5.3-flash_armB_libero_spatial_task_t5_s4_r1#f0,O,1,S,5,4,6,RETRY_DONE,5,2,False,akita_black_bowl_1,-0.0,0.0,0.0281,True,3,2,0.0,39.6,
P1_RPS_REPICK,snap_04,20260916-04:38:31_glm-5.3-flash_armB_libero_spatial_task_t5_s4_r1#f0,M,2,S,5,4,6,MACRO_DONE,4,2,False,akita_black_bowl_1,-0.0,0.0,0.0221,False,3,0,0.0,36.1,
P1_RPS_REPICK,snap_04,20260916-04:38:31_glm-5.3-flash_armB_libero_spatial_task_t5_s4_r1#f0,O,2,S,5,4,6,RETRY_DONE,5,2,False,akita_black_bowl_1,-0.0,0.0,0.0345,True,3,2,0.0,40.5,
P1_RPS_REPICK,snap_05,20260916-07:01:11_glm-5.3-flash_armB2_libero_spatial_task_t5_s2_r1#f0,M,0,L,5,2,7,MACRO_DONE,4,2,False,akita_black_bowl_1,-0.0,0.0,0.0536,False,3,0,0.0,34.8,
P1_RPS_REPICK,snap_05,20260916-07:01:11_glm-5.3-flash_armB2_libero_spatial_task_t5_s2_r1#f0,O,0,L,5,2,7,HOLD_END,3,1,False,akita_black_bowl_1,-0.0,0.0,0.0196,True,3,2,0.0,23.6,
P1_RPS_REPICK,snap_05,20260916-07:01:11_glm-5.3-flash_armB2_libero_spatial_task_t5_s2_r1#f0,M,1,L,5,2,7,MACRO_DONE,4,2,False,akita_black_bowl_1,-0.0,0.0,0.0658,False,3,0,0.0,34.8,
P1_RPS_REPICK,snap_05,20260916-07:01:11_glm-5.3-flash_armB2_libero_spatial_task_t5_s2_r1#f0,O,1,L,5,2,7,HOLD_END,3,1,False,akita_black_bowl_1,-0.0,0.0,0.0344,True,3,2,0.0,22.4,
P1_RPS_REPICK,snap_05,20260916-07:01:11_glm-5.3-flash_armB2_libero_spatial_task_t5_s2_r1#f0,M,2,L,5,2,7,MACRO_DONE,4,2,False,akita_black_bowl_1,-0.0,0.0,0.0385,False,3,0,0.0,34.6,
P1_RPS_REPICK,snap_05,20260916-07:01:11_glm-5.3-flash_armB2_libero_spatial_task_t5_s2_r1#f0,O,2,L,5,2,7,RETRY_DONE,5,2,False,akita_black_bowl_1,-0.0,0.0,0.0481,True,3,2,0.0,39.3,
P2_FG_RETRY,snap_06,20260916-07:39:29_glm-5.3-flash_armB2_libero_spatial_task_t5_s10_r1#f0,M,0,M,5,10,1,MACRO_DONE,5,1,False,akita_black_bowl_1,-0.0,0.0,0.0243,False,1,0,0.0,34.1,
P2_FG_RETRY,snap_06,20260916-07:39:29_glm-5.3-flash_armB2_libero_spatial_task_t5_s10_r1#f0,O,0,M,5,10,1,CARRY_END,5,1,False,akita_black_bowl_1,-0.0,0.0,0.0413,False,2,0,0.0,35.8,
P2_FG_RETRY,snap_06,20260916-07:39:29_glm-5.3-flash_armB2_libero_spatial_task_t5_s10_r1#f0,M,1,M,5,10,1,MACRO_DONE,5,1,False,akita_black_bowl_1,-0.0,0.0,0.0096,False,1,0,0.0,36.9,
P2_FG_RETRY,snap_06,20260916-07:39:29_glm-5.3-flash_armB2_libero_spatial_task_t5_s10_r1#f0,O,1,M,5,10,1,CARRY_END,5,1,False,akita_black_bowl_1,-0.0,0.0,0.0219,False,2,0,0.0,38.4,
P2_FG_RETRY,snap_06,20260916-07:39:29_glm-5.3-flash_armB2_libero_spatial_task_t5_s10_r1#f0,M,2,M,5,10,1,MACRO_DONE,5,1,False,akita_black_bowl_1,-0.0,0.0,0.0151,False,1,0,0.0,37.8,
P2_FG_RETRY,snap_06,20260916-07:39:29_glm-5.3-flash_armB2_libero_spatial_task_t5_s10_r1#f0,O,2,M,5,10,1,CARRY_END,5,1,False,akita_black_bowl_1,-0.0,0.0,0.0198,False,2,0,0.0,37.7,
P1_RPS_REPICK,snap_07,20260916-08:04:05_glm-5.3-flash_armB2_libero_spatial_task_t5_s3_r1#f0,M,0,S,5,3,7,MACRO_DONE,4,2,False,akita_black_bowl_1,-0.0,0.0,0.0603,False,3,0,0.0,35.3,
P1_RPS_REPICK,snap_07,20260916-08:04:05_glm-5.3-flash_armB2_libero_spatial_task_t5_s3_r1#f0,O,0,S,5,3,7,HOLD_END,3,1,False,akita_black_bowl_1,-0.0,0.0,0.0347,True,3,2,0.0,22.9,
P1_RPS_REPICK,snap_07,20260916-08:04:05_glm-5.3-flash_armB2_libero_spatial_task_t5_s3_r1#f0,M,1,S,5,3,7,MACRO_DONE,4,2,False,akita_black_bowl_1,-0.0,0.0,0.0249,False,3,0,0.0,35.5,
P1_RPS_REPICK,snap_07,20260916-08:04:05_glm-5.3-flash_armB2_libero_spatial_task_t5_s3_r1#f0,O,1,S,5,3,7,RETRY_DONE,5,2,False,akita_black_bowl_1,-0.0,0.0,0.039,True,3,2,0.0,40.2,
P1_RPS_REPICK,snap_07,20260916-08:04:05_glm-5.3-flash_armB2_libero_spatial_task_t5_s3_r1#f0,M,2,S,5,3,7,MACRO_DONE,4,2,False,akita_black_bowl_1,-0.0,0.0,0.0368,False,3,0,0.0,35.6,
P1_RPS_REPICK,snap_07,20260916-08:04:05_glm-5.3-flash_armB2_libero_spatial_task_t5_s3_r1#f0,O,2,S,5,3,7,RETRY_DONE,5,2,False,akita_black_bowl_1,-0.0,0.0,0.0257,True,3,2,0.0,41.0,
P1_RPS_REPICK,snap_08,20260917-06:09:48_glm-5.3-flash_memB1_libero_spatial_task_t5_s7_r1#f0,M,0,S,5,7,8,MACRO_DONE,4,2,False,akita_black_bowl_1,-0.0,0.0,0.0,False,3,0,0.0,35.1,
P1_RPS_REPICK,snap_08,20260917-06:09:48_glm-5.3-flash_memB1_libero_spatial_task_t5_s7_r1#f0,O,0,S,5,7,8,RETRY_DONE,5,2,False,akita_black_bowl_1,-0.0,0.0,0.0,True,3,2,0.0,36.0,
P1_RPS_REPICK,snap_08,20260917-06:09:48_glm-5.3-flash_memB1_libero_spatial_task_t5_s7_r1#f0,M,1,S,5,7,8,MACRO_DONE,4,2,False,akita_black_bowl_1,-0.0,0.0,0.0207,False,3,0,0.0,34.2,
P1_RPS_REPICK,snap_08,20260917-06:09:48_glm-5.3-flash_memB1_libero_spatial_task_t5_s7_r1#f0,O,1,S,5,7,8,RETRY_DONE,5,2,False,akita_black_bowl_1,-0.0,0.0,0.0134,True,3,2,0.0,39.6,
P1_RPS_REPICK,snap_08,20260917-06:09:48_glm-5.3-flash_memB1_libero_spatial_task_t5_s7_r1#f0,M,2,S,5,7,8,MACRO_DONE,4,2,False,akita_black_bowl_1,-0.0,0.0,0.0074,False,3,0,0.0,39.2,
P1_RPS_REPICK,snap_08,20260917-06:09:48_glm-5.3-flash_memB1_libero_spatial_task_t5_s7_r1#f0,O,2,S,5,7,8,RETRY_DONE,5,2,False,akita_black_bowl_1,-0.0,0.0,0.0079,True,3,2,0.0,46.9,
P1_RPS_REPICK,snap_09,20260917-13:23:56_glm-5.3-flash_memB3_libero_spatial_task_t9_s10_r1#f0,M,0,L,9,10,10,MACRO_DONE,4,2,False,akita_black_bowl_1,0.0,0.0,0.0134,False,3,0,0.0,39.2,
P1_RPS_REPICK,snap_09,20260917-13:23:56_glm-5.3-flash_memB3_libero_spatial_task_t9_s10_r1#f0,O,0,L,9,10,10,RETRY_DONE,5,2,False,akita_black_bowl_1,0.0,0.0,0.0196,True,3,2,0.0,57.9,
P1_RPS_REPICK,snap_09,20260917-13:23:56_glm-5.3-flash_memB3_libero_spatial_task_t9_s10_r1#f0,M,1,L,9,10,10,MACRO_DONE,4,2,False,akita_black_bowl_1,0.0,0.0,0.0133,False,3,0,0.0,41.0,
P1_RPS_REPICK,snap_09,20260917-13:23:56_glm-5.3-flash_memB3_libero_spatial_task_t9_s10_r1#f0,O,1,L,9,10,10,RETRY_DONE,5,2,False,akita_black_bowl_1,-0.0,0.0,0.003,True,3,2,0.0,57.2,
P1_RPS_REPICK,snap_09,20260917-13:23:56_glm-5.3-flash_memB3_libero_spatial_task_t9_s10_r1#f0,M,2,L,9,10,10,MACRO_DONE,4,2,False,akita_black_bowl_1,0.0,0.0,0.0177,False,3,0,0.0,42.3,
P1_RPS_REPICK,snap_09,20260917-13:23:56_glm-5.3-flash_memB3_libero_spatial_task_t9_s10_r1#f0,O,2,L,9,10,10,RETRY_DONE,5,2,False,akita_black_bowl_1,0.0,0.0,0.0401,True,3,2,0.0,57.7,
P1_RPS_REPICK,snap_10,20260918-09:48:43_glm-5.3-flash_memO2_libero_spatial_task_t5_s8_r1#f0,M,0,M,5,8,8,MACRO_DONE,4,2,False,akita_black_bowl_1,-0.0,0.0,0.1271,False,3,0,0.0,34.6,
P1_RPS_REPICK,snap_10,20260918-09:48:43_glm-5.3-flash_memO2_libero_spatial_task_t5_s8_r1#f0,O,0,M,5,8,8,RETRY_DONE,5,2,False,akita_black_bowl_1,-0.0,0.0,0.1518,True,3,2,0.0,44.2,
P1_RPS_REPICK,snap_10,20260918-09:48:43_glm-5.3-flash_memO2_libero_spatial_task_t5_s8_r1#f0,M,1,M,5,8,8,MACRO_DONE,4,2,False,akita_black_bowl_1,-0.0,0.0,0.1447,False,3,0,0.0,35.7,
P1_RPS_REPICK,snap_10,20260918-09:48:43_glm-5.3-flash_memO2_libero_spatial_task_t5_s8_r1#f0,O,1,M,5,8,8,HOLD_END,3,1,False,akita_black_bowl_1,-0.0,0.0,0.1474,True,3,2,0.0,27.1,
P1_RPS_REPICK,snap_10,20260918-09:48:43_glm-5.3-flash_memO2_libero_spatial_task_t5_s8_r1#f0,M,2,M,5,8,8,MACRO_DONE,4,2,False,akita_black_bowl_1,-0.0,0.0,0.1406,False,3,0,0.0,35.9,
P1_RPS_REPICK,snap_10,20260918-09:48:43_glm-5.3-flash_memO2_libero_spatial_task_t5_s8_r1#f0,O,2,M,5,8,8,HOLD_END,3,1,False,akita_black_bowl_1,-0.0,0.0,0.1474,True,3,2,0.0,26.6,
P1_RPS_REPICK,snap_11,20260922-03:21:14_glm-5.3-flash_g05P0_libero_spatial_task_t5_s13_r1#f0,M,0,L,5,13,8,MACRO_DONE,4,2,False,akita_black_bowl_1,-0.0,0.0,0.0427,False,3,0,0.0,33.5,
P1_RPS_REPICK,snap_11,20260922-03:21:14_glm-5.3-flash_g05P0_libero_spatial_task_t5_s13_r1#f0,O,0,L,5,13,8,RETRY_DONE,5,2,False,akita_black_bowl_1,-0.0,0.0,0.021,True,3,2,0.0,36.1,
P1_RPS_REPICK,snap_11,20260922-03:21:14_glm-5.3-flash_g05P0_libero_spatial_task_t5_s13_r1#f0,M,1,L,5,13,8,MACRO_DONE,4,2,False,akita_black_bowl_1,-0.0,0.0,0.0067,False,3,0,0.0,34.2,
P1_RPS_REPICK,snap_11,20260922-03:21:14_glm-5.3-flash_g05P0_libero_spatial_task_t5_s13_r1#f0,O,1,L,5,13,8,RETRY_DONE,5,2,False,akita_black_bowl_1,0.0013,0.0126,0.0193,True,3,2,0.0,40.9,
P1_RPS_REPICK,snap_11,20260922-03:21:14_glm-5.3-flash_g05P0_libero_spatial_task_t5_s13_r1#f0,M,2,L,5,13,8,MACRO_DONE,4,2,False,akita_black_bowl_1,-0.0,0.0,0.0403,False,3,0,0.0,40.3,
P1_RPS_REPICK,snap_11,20260922-03:21:14_glm-5.3-flash_g05P0_libero_spatial_task_t5_s13_r1#f0,O,2,L,5,13,8,RETRY_DONE,5,2,False,akita_black_bowl_1,-0.0,0.0,0.0406,True,3,2,0.0,57.3,
P1_RPS_REPICK,snap_12,20260922-04:05:27_glm-5.3-flash_g05P0_libero_spatial_task_t9_s16_r1#f0,M,0,M,9,16,10,MACRO_DONE,4,2,False,akita_black_bowl_1,0.0,0.0,0.0908,False,3,0,0.0,35.0,
P1_RPS_REPICK,snap_12,20260922-04:05:27_glm-5.3-flash_g05P0_libero_spatial_task_t9_s16_r1#f0,O,0,M,9,16,10,RETRY_DONE,5,2,False,akita_black_bowl_1,0.0,0.0,0.0112,True,3,2,0.0,51.9,
P1_RPS_REPICK,snap_12,20260922-04:05:27_glm-5.3-flash_g05P0_libero_spatial_task_t9_s16_r1#f0,M,1,M,9,16,10,MACRO_DONE,4,2,False,akita_black_bowl_1,-0.0,0.0,0.0942,False,3,0,0.0,34.5,
P1_RPS_REPICK,snap_12,20260922-04:05:27_glm-5.3-flash_g05P0_libero_spatial_task_t9_s16_r1#f0,O,1,M,9,16,10,RETRY_DONE,5,2,False,akita_black_bowl_1,0.0,0.0,0.0,True,3,2,0.0,56.1,
P1_RPS_REPICK,snap_12,20260922-04:05:27_glm-5.3-flash_g05P0_libero_spatial_task_t9_s16_r1#f0,M,2,M,9,16,10,MACRO_DONE,4,2,False,akita_black_bowl_1,0.0,0.0,0.068,False,3,0,0.0,38.0,
P1_RPS_REPICK,snap_12,20260922-04:05:27_glm-5.3-flash_g05P0_libero_spatial_task_t9_s16_r1#f0,O,2,M,9,16,10,RETRY_DONE,5,2,False,akita_black_bowl_1,0.0,0.0,0.0,True,3,2,0.0,52.7,
P1_RPS_REPICK,snap_13,20260922-04:53:54_glm-5.3-flash_g05P0_libero_spatial_task_t9_s20_r1#f0,M,0,M,9,20,10,MACRO_DONE,4,2,False,akita_black_bowl_1,0.0,0.0,0.0367,False,3,0,0.0,40.9,
P1_RPS_REPICK,snap_13,20260922-04:53:54_glm-5.3-flash_g05P0_libero_spatial_task_t9_s20_r1#f0,O,0,M,9,20,10,RETRY_DONE,5,2,False,akita_black_bowl_1,0.0,0.0,0.0676,True,3,2,0.0,46.3,
P1_RPS_REPICK,snap_13,20260922-04:53:54_glm-5.3-flash_g05P0_libero_spatial_task_t9_s20_r1#f0,M,1,M,9,20,10,MACRO_DONE,4,2,False,akita_black_bowl_1,0.0,0.0,0.0975,False,3,0,0.0,38.3,
P1_RPS_REPICK,snap_13,20260922-04:53:54_glm-5.3-flash_g05P0_libero_spatial_task_t9_s20_r1#f0,O,1,M,9,20,10,RETRY_DONE,5,2,False,akita_black_bowl_1,0.0,0.0,0.007,True,3,2,0.0,58.1,
P1_RPS_REPICK,snap_13,20260922-04:53:54_glm-5.3-flash_g05P0_libero_spatial_task_t9_s20_r1#f0,M,2,M,9,20,10,MACRO_DONE,4,2,False,akita_black_bowl_1,0.0,0.0,0.0813,False,3,0,0.0,37.0,
P1_RPS_REPICK,snap_13,20260922-04:53:54_glm-5.3-flash_g05P0_libero_spatial_task_t9_s20_r1#f0,O,2,M,9,20,10,RETRY_DONE,5,2,False,akita_black_bowl_1,0.0,0.0,0.0419,True,3,2,0.0,58.9,
P2_FG_RETRY,snap_14,20260928-14:51:26_glm-5.3-flash_h1G_libero_spatial_task_t3_s19_r1#f0,M,0,L,3,19,4,MACRO_DONE,5,1,False,akita_black_bowl_1,-0.0052,0.0555,0.0005,False,1,0,0.0,39.1,
P2_FG_RETRY,snap_14,20260928-14:51:26_glm-5.3-flash_h1G_libero_spatial_task_t3_s19_r1#f0,O,0,L,3,19,4,CARRY_END,5,1,False,akita_black_bowl_1,-0.0026,0.0346,0.0004,False,2,0,0.0,37.9,
P2_FG_RETRY,snap_14,20260928-14:51:26_glm-5.3-flash_h1G_libero_spatial_task_t3_s19_r1#f0,M,1,L,3,19,4,MACRO_DONE,5,1,False,akita_black_bowl_1,-0.0,0.0,0.0288,False,1,0,0.0,48.3,
P2_FG_RETRY,snap_14,20260928-14:51:26_glm-5.3-flash_h1G_libero_spatial_task_t3_s19_r1#f0,O,1,L,3,19,4,CARRY_END,5,1,False,akita_black_bowl_1,-0.0,0.0,0.0,False,2,0,0.0,48.5,
P2_FG_RETRY,snap_14,20260928-14:51:26_glm-5.3-flash_h1G_libero_spatial_task_t3_s19_r1#f0,M,2,L,3,19,4,MACRO_DONE,5,1,False,akita_black_bowl_1,-0.0,0.0,0.0,False,1,0,0.0,46.1,
P2_FG_RETRY,snap_14,20260928-14:51:26_glm-5.3-flash_h1G_libero_spatial_task_t3_s19_r1#f0,O,2,L,3,19,4,RETRY_DONE,4,2,False,akita_black_bowl_1,-0.0,0.0,0.0,True,2,1,0.0,52.5,
P2_FG_RETRY,snap_15,20260928-15:53:57_glm-5.3-flash_h1P2_libero_spatial_task_t3_s4_r1#f1,M,0,M,3,4,6,MACRO_DONE,5,1,False,akita_black_bowl_1,-0.0,0.0082,0.0548,False,1,0,0.0,31.4,
P2_FG_RETRY,snap_15,20260928-15:53:57_glm-5.3-flash_h1P2_libero_spatial_task_t3_s4_r1#f1,O,0,M,3,4,6,CARRY_END,5,1,False,akita_black_bowl_1,0.0651,0.2177,0.0222,False,2,0,0.0,44.4,
P2_FG_RETRY,snap_15,20260928-15:53:57_glm-5.3-flash_h1P2_libero_spatial_task_t3_s4_r1#f1,M,1,M,3,4,6,MACRO_DONE,5,1,False,akita_black_bowl_1,0.0,0.0016,0.0235,False,1,0,0.0,40.0,
P2_FG_RETRY,snap_15,20260928-15:53:57_glm-5.3-flash_h1P2_libero_spatial_task_t3_s4_r1#f1,O,1,M,3,4,6,RETRY_DONE,4,2,False,akita_black_bowl_1,-0.0,0.0,0.0265,True,2,1,0.0,48.5,
P2_FG_RETRY,snap_15,20260928-15:53:57_glm-5.3-flash_h1P2_libero_spatial_task_t3_s4_r1#f1,M,2,M,3,4,6,MACRO_DONE,5,1,False,akita_black_bowl_1,-0.0,0.0,0.0741,False,1,0,0.0,42.1,
P2_FG_RETRY,snap_15,20260928-15:53:57_glm-5.3-flash_h1P2_libero_spatial_task_t3_s4_r1#f1,O,2,M,3,4,6,RETRY_DONE,4,2,False,akita_black_bowl_1,-0.0,0.0,0.0693,True,2,1,0.0,44.2,
P2_FG_RETRY,snap_16,20260928-15:59:57_glm-5.3-flash_h1P2_libero_spatial_task_t3_s8_r1#f1,M,0,S,3,8,4,MACRO_DONE,5,1,False,akita_black_bowl_1,-0.0,0.0,0.0226,False,1,0,0.0,39.4,
P2_FG_RETRY,snap_16,20260928-15:59:57_glm-5.3-flash_h1P2_libero_spatial_task_t3_s8_r1#f1,O,0,S,3,8,4,CARRY_END,5,1,False,akita_black_bowl_1,-0.0,0.0001,0.0736,False,2,0,0.0,53.4,
P2_FG_RETRY,snap_16,20260928-15:59:57_glm-5.3-flash_h1P2_libero_spatial_task_t3_s8_r1#f1,M,1,S,3,8,4,MACRO_DONE,5,1,False,akita_black_bowl_1,-0.0,0.0028,0.0606,False,1,0,0.0,52.6,
P2_FG_RETRY,snap_16,20260928-15:59:57_glm-5.3-flash_h1P2_libero_spatial_task_t3_s8_r1#f1,O,1,S,3,8,4,RETRY_DONE,4,2,False,akita_black_bowl_1,-0.0,0.0045,0.0614,True,2,1,0.0,51.2,
P2_FG_RETRY,snap_16,20260928-15:59:57_glm-5.3-flash_h1P2_libero_spatial_task_t3_s8_r1#f1,M,2,S,3,8,4,MACRO_DONE,5,1,False,akita_black_bowl_1,-0.0,0.0,0.0548,False,1,0,0.0,50.3,
P2_FG_RETRY,snap_16,20260928-15:59:57_glm-5.3-flash_h1P2_libero_spatial_task_t3_s8_r1#f1,O,2,S,3,8,4,CARRY_END,5,1,False,akita_black_bowl_1,0.0,0.0001,0.0655,False,2,0,0.0,49.2,
P2_FG_RETRY,snap_17,20260928-16:51:47_glm-5.3-flash_h1P2_libero_spatial_task_t3_s12_r1#f0,M,0,L,3,12,4,MACRO_DONE,5,1,False,akita_black_bowl_1,-0.0029,0.0354,0.0193,False,1,0,0.0,39.9,
P2_FG_RETRY,snap_17,20260928-16:51:47_glm-5.3-flash_h1P2_libero_spatial_task_t3_s12_r1#f0,O,0,L,3,12,4,CARRY_END,5,1,False,akita_black_bowl_1,0.0066,0.0248,0.0267,False,2,0,0.0,40.6,
P2_FG_RETRY,snap_17,20260928-16:51:47_glm-5.3-flash_h1P2_libero_spatial_task_t3_s12_r1#f0,M,1,L,3,12,4,MACRO_DONE,5,1,False,akita_black_bowl_1,-0.0,0.0,0.0285,False,1,0,0.0,49.5,
P2_FG_RETRY,snap_17,20260928-16:51:47_glm-5.3-flash_h1P2_libero_spatial_task_t3_s12_r1#f0,O,1,L,3,12,4,CARRY_END,5,1,False,akita_black_bowl_1,-0.0,0.0006,0.2747,False,2,0,0.0,50.9,
P2_FG_RETRY,snap_17,20260928-16:51:47_glm-5.3-flash_h1P2_libero_spatial_task_t3_s12_r1#f0,M,2,L,3,12,4,MACRO_DONE,5,1,False,akita_black_bowl_1,-0.0,0.0,0.0305,False,1,0,0.0,48.8,
P2_FG_RETRY,snap_17,20260928-16:51:47_glm-5.3-flash_h1P2_libero_spatial_task_t3_s12_r1#f0,O,2,L,3,12,4,RETRY_DONE,4,2,False,akita_black_bowl_1,-0.0,0.0,0.0343,True,2,1,0.0,54.0,
P1_RPS_REPICK,snap_18,20260928-17:42:42_glm-5.3-flash_h1P2_libero_spatial_task_t9_s2_r1#f0,M,0,M,9,2,10,MACRO_DONE,4,2,False,akita_black_bowl_1,0.0,0.0,0.0729,False,3,0,0.0,39.4,
P1_RPS_REPICK,snap_18,20260928-17:42:42_glm-5.3-flash_h1P2_libero_spatial_task_t9_s2_r1#f0,O,0,M,9,2,10,RETRY_DONE,5,2,False,akita_black_bowl_1,0.0,0.0,0.0141,True,3,2,0.0,56.7,
P1_RPS_REPICK,snap_18,20260928-17:42:42_glm-5.3-flash_h1P2_libero_spatial_task_t9_s2_r1#f0,M,1,M,9,2,10,MACRO_DONE,4,2,False,akita_black_bowl_1,0.0,0.0,0.0964,False,3,0,0.0,38.9,
P1_RPS_REPICK,snap_18,20260928-17:42:42_glm-5.3-flash_h1P2_libero_spatial_task_t9_s2_r1#f0,O,1,M,9,2,10,RETRY_DONE,5,2,False,akita_black_bowl_1,0.0,0.0,0.0,True,3,2,0.0,60.5,
P1_RPS_REPICK,snap_18,20260928-17:42:42_glm-5.3-flash_h1P2_libero_spatial_task_t9_s2_r1#f0,M,2,M,9,2,10,MACRO_DONE,4,2,False,akita_black_bowl_1,0.0,0.0,0.1111,False,3,0,0.0,42.2,
P1_RPS_REPICK,snap_18,20260928-17:42:42_glm-5.3-flash_h1P2_libero_spatial_task_t9_s2_r1#f0,O,2,M,9,2,10,RETRY_DONE,5,2,False,akita_black_bowl_1,0.0,0.0,0.0194,True,3,2,0.0,59.8,
P2_FG_RETRY,snap_19,20260928-19:47:57_glm-5.3-flash_h1C_libero_spatial_task_t3_s11_r1#f0,M,0,L,3,11,4,MACRO_DONE,5,1,False,akita_black_bowl_1,-0.005,0.0505,0.0006,False,1,0,0.0,39.3,
P2_FG_RETRY,snap_19,20260928-19:47:57_glm-5.3-flash_h1C_libero_spatial_task_t3_s11_r1#f0,O,0,L,3,11,4,CARRY_END,5,1,False,akita_black_bowl_1,0.0131,0.0281,0.0014,False,2,0,0.0,40.4,
P2_FG_RETRY,snap_19,20260928-19:47:57_glm-5.3-flash_h1C_libero_spatial_task_t3_s11_r1#f0,M,1,L,3,11,4,MACRO_DONE,5,1,False,akita_black_bowl_1,-0.0,0.0,0.0,False,1,0,0.0,45.8,
P2_FG_RETRY,snap_19,20260928-19:47:57_glm-5.3-flash_h1C_libero_spatial_task_t3_s11_r1#f0,O,1,L,3,11,4,CARRY_END,5,1,False,akita_black_bowl_1,-0.0009,0.0337,0.0012,False,2,0,0.0,40.2,
P2_FG_RETRY,snap_19,20260928-19:47:57_glm-5.3-flash_h1C_libero_spatial_task_t3_s11_r1#f0,M,2,L,3,11,4,MACRO_DONE,5,1,False,akita_black_bowl_1,-0.0,0.0074,0.0025,False,1,0,0.0,41.0,
P2_FG_RETRY,snap_19,20260928-19:47:57_glm-5.3-flash_h1C_libero_spatial_task_t3_s11_r1#f0,O,2,L,3,11,4,CARRY_END,5,1,False,akita_black_bowl_1,-0.0,0.0,0.0,False,2,0,0.0,50.4,
P2_FG_RETRY,snap_20,20260928-21:53:06_glm-5.3-flash_h1G_libero_spatial_task_t3_s1_r1#f0,M,0,S,3,1,3,MACRO_DONE,5,1,False,akita_black_bowl_1,0.0107,0.0332,0.1126,False,1,0,0.0,42.2,
P2_FG_RETRY,snap_20,20260928-21:53:06_glm-5.3-flash_h1G_libero_spatial_task_t3_s1_r1#f0,O,0,S,3,1,3,CARRY_END,5,1,False,akita_black_bowl_1,-0.0,0.0136,0.0049,False,2,0,0.0,39.9,
P2_FG_RETRY,snap_20,20260928-21:53:06_glm-5.3-flash_h1G_libero_spatial_task_t3_s1_r1#f0,M,1,S,3,1,3,MACRO_DONE,5,1,False,akita_black_bowl_1,-0.0,0.0,0.077,False,1,0,0.0,48.5,
P2_FG_RETRY,snap_20,20260928-21:53:06_glm-5.3-flash_h1G_libero_spatial_task_t3_s1_r1#f0,O,1,S,3,1,3,CARRY_END,5,1,False,akita_black_bowl_1,-0.0,0.0,0.2174,False,2,0,0.0,50.9,
P2_FG_RETRY,snap_20,20260928-21:53:06_glm-5.3-flash_h1G_libero_spatial_task_t3_s1_r1#f0,M,2,S,3,1,3,MACRO_DONE,5,1,False,akita_black_bowl_1,-0.0,0.0,0.066,False,1,0,0.0,50.4,
P2_FG_RETRY,snap_20,20260928-21:53:06_glm-5.3-flash_h1G_libero_spatial_task_t3_s1_r1#f0,O,2,S,3,1,3,CARRY_END,5,1,False,akita_black_bowl_1,-0.0,0.0,0.0377,False,2,0,0.0,51.2,
P2_FG_RETRY,snap_21,20260928-22:05:33_glm-5.3-flash_h1G_libero_spatial_task_t3_s3_r1#f0,M,0,L,3,3,3,MACRO_DONE,5,1,False,akita_black_bowl_1,-0.0,0.0,0.4684,False,1,0,0.0,37.5,
P2_FG_RETRY,snap_21,20260928-22:05:33_glm-5.3-flash_h1G_libero_spatial_task_t3_s3_r1#f0,O,0,L,3,3,3,CARRY_END,5,1,False,akita_black_bowl_1,-0.0,0.0,0.4751,False,2,0,0.0,46.0,
P2_FG_RETRY,snap_21,20260928-22:05:33_glm-5.3-flash_h1G_libero_spatial_task_t3_s3_r1#f0,M,1,L,3,3,3,MACRO_DONE,5,1,False,akita_black_bowl_1,-0.0,0.0,0.464,False,1,0,0.0,44.7,
P2_FG_RETRY,snap_21,20260928-22:05:33_glm-5.3-flash_h1G_libero_spatial_task_t3_s3_r1#f0,O,1,L,3,3,3,CARRY_END,5,1,False,akita_black_bowl_1,-0.0,0.0,0.4602,False,2,0,0.0,44.6,
P2_FG_RETRY,snap_21,20260928-22:05:33_glm-5.3-flash_h1G_libero_spatial_task_t3_s3_r1#f0,M,2,L,3,3,3,MACRO_DONE,5,1,False,akita_black_bowl_1,-0.0,0.0,0.4612,False,1,0,0.0,44.5,
P2_FG_RETRY,snap_21,20260928-22:05:33_glm-5.3-flash_h1G_libero_spatial_task_t3_s3_r1#f0,O,2,L,3,3,3,CARRY_END,5,1,False,akita_black_bowl_1,-0.0,0.0,0.4675,False,2,0,0.0,44.6,
P2_FG_RETRY,snap_22,20260929-04:39:00_glm-5.3-flash_h1C_libero_spatial_task_t3_s5_r1#f0,M,0,M,3,5,4,MACRO_DONE,5,1,False,akita_black_bowl_1,-0.0,0.0,0.0305,False,1,0,0.0,51.0,
P2_FG_RETRY,snap_22,20260929-04:39:00_glm-5.3-flash_h1C_libero_spatial_task_t3_s5_r1#f0,O,0,M,3,5,4,CARRY_END,5,1,False,akita_black_bowl_1,-0.0,0.0,0.1759,False,2,0,0.0,45.3,
P2_FG_RETRY,snap_22,20260929-04:39:00_glm-5.3-flash_h1C_libero_spatial_task_t3_s5_r1#f0,M,1,M,3,5,4,MACRO_DONE,5,1,False,akita_black_bowl_1,-0.0,0.0,0.4085,False,1,0,0.0,51.0,
P2_FG_RETRY,snap_22,20260929-04:39:00_glm-5.3-flash_h1C_libero_spatial_task_t3_s5_r1#f0,O,1,M,3,5,4,RETRY_DONE,4,2,False,akita_black_bowl_1,-0.0,0.0,0.0002,True,2,1,0.0,52.4,
P2_FG_RETRY,snap_22,20260929-04:39:00_glm-5.3-flash_h1C_libero_spatial_task_t3_s5_r1#f0,M,2,M,3,5,4,MACRO_DONE,5,1,False,akita_black_bowl_1,-0.0,0.0,0.0368,False,1,0,0.0,46.3,
P2_FG_RETRY,snap_22,20260929-04:39:00_glm-5.3-flash_h1C_libero_spatial_task_t3_s5_r1#f0,O,2,M,3,5,4,CARRY_END,5,1,False,akita_black_bowl_1,-0.0,0.0,0.0002,False,2,0,0.0,44.7,
P2_FG_RETRY,snap_23,20260929-05:18:35_glm-5.3-flash_h1G_libero_spatial_task_t3_s9_r1#f0,M,0,M,3,9,4,MACRO_DONE,5,1,False,akita_black_bowl_1,0.0024,0.0367,0.0298,False,1,0,0.0,41.5,
P2_FG_RETRY,snap_23,20260929-05:18:35_glm-5.3-flash_h1G_libero_spatial_task_t3_s9_r1#f0,O,0,M,3,9,4,CARRY_END,5,1,False,akita_black_bowl_1,-0.0,0.0022,0.0396,False,2,0,0.0,48.3,
P2_FG_RETRY,snap_23,20260929-05:18:35_glm-5.3-flash_h1G_libero_spatial_task_t3_s9_r1#f0,M,1,M,3,9,4,MACRO_DONE,5,1,False,akita_black_bowl_1,0.0622,0.2315,0.0415,False,1,0,0.0,44.7,
P2_FG_RETRY,snap_23,20260929-05:18:35_glm-5.3-flash_h1G_libero_spatial_task_t3_s9_r1#f0,O,1,M,3,9,4,RETRY_DONE,4,2,False,akita_black_bowl_1,0.0001,0.0099,0.0445,True,2,1,0.0,56.4,
P2_FG_RETRY,snap_23,20260929-05:18:35_glm-5.3-flash_h1G_libero_spatial_task_t3_s9_r1#f0,M,2,M,3,9,4,MACRO_DONE,5,1,False,akita_black_bowl_1,0.0044,0.0272,0.0125,False,1,0,0.0,52.1,
P2_FG_RETRY,snap_23,20260929-05:18:35_glm-5.3-flash_h1G_libero_spatial_task_t3_s9_r1#f0,O,2,M,3,9,4,RETRY_DONE,4,2,False,akita_black_bowl_1,-0.0,0.0281,0.0609,True,2,1,0.0,49.1,
