arm,seed,lambda_state,lambda_transition,lambda_harm,best_val_ce,epochs_run
B2,0,0.1,0.3,0.1,0.49291175603866577,20
B2,0,0.1,0.3,0.5,0.49695947766304016,19
B2,0,0.1,0.3,1.0,0.4384840130805969,55
B2,0,0.1,1.0,0.1,0.32214462757110596,68
B2,0,0.1,1.0,0.5,0.33336973190307617,58
B2,0,0.1,1.0,1.0,0.3191034197807312,68
B2,0,0.1,3.0,0.1,0.301828533411026,31
B2,0,0.1,3.0,0.5,0.30729445815086365,29
B2,0,0.1,3.0,1.0,0.3039809763431549,31
B2,0,0.3,0.3,0.1,0.5205782651901245,33
B2,0,0.3,0.3,0.5,0.5200619697570801,22
B2,0,0.3,0.3,1.0,0.5116796493530273,40
B2,0,0.3,1.0,0.1,0.4810974597930908,18
B2,0,0.3,1.0,0.5,0.4665762186050415,33
B2,0,0.3,1.0,1.0,0.4882605969905853,18
B2,0,0.3,3.0,0.1,0.3301059603691101,43
B2,0,0.3,3.0,0.5,0.30221864581108093,68
B2,0,0.3,3.0,1.0,0.31611090898513794,79
B2,0,1.0,0.3,0.1,0.5360742807388306,22
B2,0,1.0,0.3,0.5,0.5254971385002136,31
B2,0,1.0,0.3,1.0,0.5333496332168579,24
B2,0,1.0,1.0,0.1,0.5156677961349487,19
B2,0,1.0,1.0,0.5,0.5223983526229858,28
B2,0,1.0,1.0,1.0,0.5032313466072083,35
B2,0,1.0,3.0,0.1,0.4818292260169983,19
B2,0,1.0,3.0,0.5,0.4819003641605377,18
B2,0,1.0,3.0,1.0,0.4842851758003235,18
