snapshot_id,task,seed,t0,split,cell,cand_idx,cand_sha,n_rep,acq_reps,stable_reps,ee_class,contact_class,obj_class,terminated_in_chunk,final_check_success,pick_chunks_used,wall_s,infra_abort,note
qsnap_00,3,82,3,DEV,PP,1,bd5955ceefc7ff6f,2,0;0,0;0,DESCEND,CLOSING,UNMOVED,0,0,24;24,46.4,,
qsnap_00,3,82,3,DEV,PP,2,a7cfc99d898781ea,2,1;1,1;0,DESCEND,CLOSING,UNMOVED,0,1,24;24,46.5,,
qsnap_00,3,82,3,DEV,PP,3,503313524cacdf5f,2,0;0,0;0,DESCEND,CLOSING,UNMOVED,0,0,24;24,47.7,,
qsnap_01,3,89,3,TEST,PP,1,f7b11724cf5ca5b2,2,0;0,0;0,DESCEND,CLOSING,UNMOVED,0,0,24;24,46.9,,
qsnap_01,3,89,3,TEST,PP,2,fd0b022051e1d550,2,0;0,0;0,DESCEND,HOLD,UNMOVED,0,0,24;24,46.2,,
qsnap_00,3,82,3,DEV,PP,4,5575e84ce33ca834,2,0;1,0;1,DESCEND,HOLD,UNMOVED,0,0,24;24,47.5,,
qsnap_01,3,89,3,TEST,PP,3,3b7be14469f0d030,2,1;1,1;0,DESCEND,CLOSING,UNMOVED,0,1,19;19,35.4,,
qsnap_00,3,82,3,DEV,PO,1,bd5955ceefc7ff6f,2,1;1,1;1,DESCEND,HOLD,UNMOVED,0,0,24;24,45.9,,
qsnap_01,3,89,3,TEST,PP,4,25e84e52e38029f4,2,0;1,0;1,DESCEND,CLOSING,UNMOVED,0,0,24;24,45.6,,
qsnap_00,3,82,3,DEV,PO,2,a7cfc99d898781ea,2,0;1,0;1,DESCEND,HOLD,UNMOVED,0,0,24;24,46.3,,
qsnap_01,3,89,3,TEST,PO,1,f7b11724cf5ca5b2,2,1;1,1;1,DESCEND,OPENING,HARM_DISP,0,1,9;17,23.6,,
qsnap_01,3,89,3,TEST,PO,2,fd0b022051e1d550,2,1;1,1;1,DESCEND,OPENING,HARM_DISP,0,1,8;9,15.2,,
qsnap_01,3,89,3,TEST,PO,3,3b7be14469f0d030,2,1;1,1;1,DESCEND,OPENING,HARM_DISP,0,1,11;10,18.8,,
qsnap_00,3,82,3,DEV,PO,3,503313524cacdf5f,2,0;1,0;1,DESCEND,HOLD,UNMOVED,0,0,24;24,46.1,,
qsnap_01,3,89,3,TEST,PO,4,25e84e52e38029f4,2,1;0,1;0,DESCEND,OPENING,HARM_DISP,0,1,12;11,21.5,,
qsnap_00,3,82,3,DEV,PO,4,5575e84ce33ca834,2,0;1,0;0,DESCEND,HOLD,UNMOVED,0,0,24;24,47.1,,
qsnap_01,3,89,3,TEST,OP,1,27c8952b3d38807d,2,0;1,0;1,DESCEND,CLOSING,UNMOVED,0,1,24;16,37.9,,
qsnap_01,3,89,3,TEST,OP,2,b54662ff27035d77,2,1;1,1;1,DESCEND,CLOSING,UNMOVED,0,1,23;11,31.6,,
qsnap_00,3,82,3,DEV,OP,1,0a4febdac48d7cdb,2,1;1,1;0,STATIONARY,CLOSING,UNMOVED,0,0,24;24,46.4,,
qsnap_01,3,89,3,TEST,OP,3,cc23d86fb751c5fe,2,1;1,1;1,DESCEND,CLOSING,UNMOVED,0,1,17;18,33.1,,
qsnap_00,3,82,3,DEV,OP,2,534c50e229ed8516,2,0;0,0;0,STATIONARY,CLOSING,UNMOVED,0,0,24;24,46.5,,
qsnap_01,3,89,3,TEST,OP,4,2c4384102a84f254,2,1;1,1;1,DESCEND,CLOSING,UNMOVED,0,1,16;12,26.8,,
qsnap_01,3,89,3,TEST,OO,1,27c8952b3d38807d,2,1;1,1;1,DESCEND,OPENING,HARM_DISP,0,1,8;8,14.2,,
qsnap_01,3,89,3,TEST,OO,2,b54662ff27035d77,2,1;1,1;1,DESCEND,HOLD,HARM_DISP,0,1,4;4,6.9,,
qsnap_00,3,82,3,DEV,OP,3,6e5655eaa461447a,2,0;0,0;0,STATIONARY,CLOSING,UNMOVED,0,0,24;24,46.6,,
qsnap_01,3,89,3,TEST,OO,3,cc23d86fb751c5fe,2,1;0,1;0,DESCEND,HOLD,HARM_DISP,0,1,5;24,26.8,,
qsnap_01,3,89,3,TEST,OO,4,2c4384102a84f254,2,0;1,0;1,DESCEND,OPENING,HARM_DISP,0,1,24;8,28.9,,
qsnap_00,3,82,3,DEV,OP,4,24f60272d7c8e1b2,2,0;0,0;0,STATIONARY,CLOSING,UNMOVED,0,0,24;24,46.9,,
qsnap_00,3,82,3,DEV,OO,1,0a4febdac48d7cdb,2,0;1,0;1,STATIONARY,OPENING,UNMOVED,0,0,24;24,46.9,,
qsnap_00,3,82,3,DEV,OO,2,534c50e229ed8516,2,0;1,0;1,STATIONARY,CLOSING,UNMOVED,0,1,24;15,37.2,,
qsnap_02,3,91,3,DEV,PP,1,1c44932f7e706961,2,0;0,0;0,DESCEND,CLOSING,UNMOVED,0,0,24;24,46.3,,
qsnap_00,3,82,3,DEV,OO,3,6e5655eaa461447a,2,1;1,0;0,STATIONARY,CLOSING,UNMOVED,0,1,24;24,46.3,,
qsnap_02,3,91,3,DEV,PP,2,9e0ff77699394dff,2,1;1,1;1,DESCEND,HOLD,UNMOVED,0,1,24;24,46.6,,
qsnap_00,3,82,3,DEV,OO,4,24f60272d7c8e1b2,2,0;1,0;0,STATIONARY,CLOSING,UNMOVED,0,0,24;24,46.7,,
qsnap_02,3,91,3,DEV,PP,3,06903561fd1d9562,2,0;0,0;0,DESCEND,CLOSING,UNMOVED,0,0,24;24,46.1,,
qsnap_02,3,91,3,DEV,PP,4,8462fc1f576fb5d7,2,0;0,0;0,DESCEND,CLOSING,UNMOVED,0,0,24;24,46.2,,
qsnap_02,3,91,3,DEV,PO,1,1c44932f7e706961,2,1;1,1;0,DESCEND,OPENING,HARM_DISP,0,1,16;23,37.6,,
qsnap_02,3,91,3,DEV,PO,2,9e0ff77699394dff,2,1;1,1;1,DESCEND,OPENING,HARM_DISP,0,1,15;19,33.4,,
qsnap_02,3,91,3,DEV,PO,3,06903561fd1d9562,2,1;1,1;1,DESCEND,HOLD,HARM_DISP,0,1,24;21,44.0,,
qsnap_03,3,101,6,TEST,PP,1,52e784a7e5f5aa37,2,0;1,0;1,DESCEND,CLOSING,UNMOVED,0,0,24;24,46.7,,
qsnap_02,3,91,3,DEV,PO,4,8462fc1f576fb5d7,2,1;1,1;1,DESCEND,HOLD,HARM_DISP,0,1,14;22,35.0,,
qsnap_02,3,91,3,DEV,OP,1,7b8ea79aaca2497a,2,1;1,1;1,ASCEND,CLOSING,UNMOVED,0,1,13;12,24.0,,
qsnap_03,3,101,6,TEST,PP,2,ab8f77dd59b5d0b9,2,0;1,0;1,DESCEND,CLOSING,UNMOVED,0,1,24;11,33.8,,
qsnap_02,3,91,3,DEV,OP,2,c21f5260bcbbbe78,2,1;1,1;1,ASCEND,CLOSING,UNMOVED,0,1,13;14,25.5,,
qsnap_02,3,91,3,DEV,OP,3,d0f8331b72b22328,2,1;1,1;1,ASCEND,CLOSING,UNMOVED,0,1,13;14,25.6,,
qsnap_03,3,101,6,TEST,PP,3,76405f751d15b5f2,2,0;1,0;0,DESCEND,CLOSING,UNMOVED,0,0,24;24,46.2,,
qsnap_02,3,91,3,DEV,OP,4,a159eb0000096af2,2,1;1,1;1,ASCEND,CLOSING,UNMOVED,0,1,13;12,23.8,,
qsnap_02,3,91,3,DEV,OO,1,7b8ea79aaca2497a,2,1;1,1;1,ASCEND,HOLD,TOWARD_LIFT,0,1,8;9,16.4,,
qsnap_03,3,101,6,TEST,PP,4,65cf71a375d80c36,2,1;0,1;0,DESCEND,CLOSING,UNMOVED,0,0,24;24,47.0,,
qsnap_02,3,91,3,DEV,OO,2,c21f5260bcbbbe78,2,1;1,1;1,ASCEND,HOLD,HARM_DISP,0,1,15;18,32.9,,
qsnap_02,3,91,3,DEV,OO,3,d0f8331b72b22328,2,1;1,1;1,ASCEND,HOLD,TOWARD_LIFT,0,1,11;8,18.5,,
qsnap_03,3,101,6,TEST,PO,1,52e784a7e5f5aa37,2,0;0,0;0,DESCEND,OPENING,HARM_DISP,0,0,24;24,46.4,,
qsnap_02,3,91,3,DEV,OO,4,a159eb0000096af2,2,1;1,1;1,ASCEND,HOLD,TOWARD_LIFT,0,1,15;9,23.5,,
qsnap_03,3,101,6,TEST,PO,2,ab8f77dd59b5d0b9,2,1;1,1;1,DESCEND,OPENING,HARM_DISP,0,1,12;18,29.0,,
qsnap_03,3,101,6,TEST,PO,3,76405f751d15b5f2,2,1;1,1;1,DESCEND,OPENING,HARM_DISP,0,1,14;15,27.6,,
qsnap_03,3,101,6,TEST,PO,4,65cf71a375d80c36,2,1;1,1;1,DESCEND,OPENING,HARM_DISP,0,1,13;11,22.9,,
qsnap_03,3,101,6,TEST,OP,1,f5f60d7860a35f92,2,1;1,0;1,ASCEND,CLOSING,UNMOVED,0,1,12;11,21.4,,
qsnap_03,3,101,6,TEST,OP,2,db0dfa5d9783957c,2,1;1,1;1,ASCEND,CLOSING,UNMOVED,0,1,17;12,27.6,,
qsnap_03,3,101,6,TEST,OP,3,53ba3193c2da92e0,2,1;1,1;1,STATIONARY,CLOSING,UNMOVED,0,1,22;19,39.4,,
qsnap_04,3,102,3,,,,,,,,,,,,,,,boot_3attempts,
qsnap_03,3,101,6,TEST,OP,4,3fcb4a0d824b47c5,2,1;1,1;0,LATERAL,CLOSING,UNMOVED,0,1,12;12,22.7,,
qsnap_03,3,101,6,TEST,OO,1,f5f60d7860a35f92,2,1;1,1;1,ASCEND,HOLD,TOWARD_LIFT,0,1,10;10,19.4,,
qsnap_03,3,101,6,TEST,OO,2,db0dfa5d9783957c,2,1;1,1;1,ASCEND,HOLD,TOWARD_LIFT,0,0,24;24,45.6,,
qsnap_05,3,105,3,TEST,PP,1,93ee95fb261fb513,2,1;1,1;1,DESCEND,CLOSING,UNMOVED,0,1,18;15,31.6,,
qsnap_03,3,101,6,TEST,OO,3,53ba3193c2da92e0,2,1;1,1;1,LATERAL,HOLD,TOWARD_LIFT,0,0,24;24,46.0,,
qsnap_05,3,105,3,TEST,PP,2,3e3ae2a2a7ea56a1,2,1;0,1;0,DESCEND,CLOSING,UNMOVED,0,0,24;24,45.5,,
qsnap_03,3,101,6,TEST,OO,4,3fcb4a0d824b47c5,2,1;1,1;1,ASCEND,HOLD,TOWARD_LIFT,0,0,24;24,45.7,,
qsnap_05,3,105,3,TEST,PP,3,ebd2e19869b4caeb,2,1;0,1;0,DESCEND,CLOSING,UNMOVED,0,1,24;24,46.3,,
qsnap_05,3,105,3,TEST,PP,4,cb08b6dd608a16bd,2,1;1,1;0,DESCEND,HOLD,UNMOVED,0,1,13;24,34.7,,
qsnap_05,3,105,3,TEST,PO,1,93ee95fb261fb513,2,1;1,1;1,DESCEND,OPENING,HARM_DISP,0,1,10;9,17.8,,
qsnap_05,3,105,3,TEST,PO,2,3e3ae2a2a7ea56a1,2,1;1,1;0,DESCEND,OPENING,HARM_DISP,0,1,10;9,18.1,,
qsnap_05,3,105,3,TEST,PO,3,ebd2e19869b4caeb,2,1;1,1;1,DESCEND,OPENING,HARM_DISP,0,1,10;9,17.9,,
qsnap_06,3,115,3,DEV,PP,1,a79ec7fde458b66e,2,1;0,1;0,DESCEND,CLOSING,UNMOVED,0,0,24;24,46.2,,
qsnap_05,3,105,3,TEST,PO,4,cb08b6dd608a16bd,2,1;1,1;1,DESCEND,OPENING,HARM_DISP,0,1,10;8,16.8,,
qsnap_05,3,105,3,TEST,OP,1,45caf911e7de9405,2,1;1,1;1,ASCEND,CLOSING,UNMOVED,0,1,12;12,22.6,,
qsnap_06,3,115,3,DEV,PP,2,d83b76a1e4c37206,2,0;1,0;1,DESCEND,HOLD,UNMOVED,0,1,24;23,44.7,,
qsnap_05,3,105,3,TEST,OP,2,df1f7f401f44b25c,2,1;1,1;1,ASCEND,CLOSING,UNMOVED,0,1,13;13,24.5,,
qsnap_05,3,105,3,TEST,OP,3,3e65228649af6a49,2,1;1,1;1,ASCEND,CLOSING,UNMOVED,0,1,13;12,23.5,,
qsnap_06,3,115,3,DEV,PP,3,101a54d4771effcb,2,0;0,0;0,DESCEND,CLOSING,UNMOVED,0,0,24;24,46.1,,
qsnap_05,3,105,3,TEST,OP,4,3d6bb1fa49f8c684,2,1;1,0;1,ASCEND,CLOSING,UNMOVED,0,1,13;14,25.5,,
qsnap_05,3,105,3,TEST,OO,1,45caf911e7de9405,2,1;1,1;1,ASCEND,HOLD,TOWARD_LIFT,0,1,7;14,20.2,,
qsnap_06,3,115,3,DEV,PP,4,e0818ce280001c4b,2,1;1,1;1,DESCEND,CLOSING,UNMOVED,0,1,24;24,46.7,,
qsnap_05,3,105,3,TEST,OO,2,df1f7f401f44b25c,2,1;1,0;1,ASCEND,HOLD,TOWARD_LIFT,0,1,7;21,26.8,,
qsnap_06,3,115,3,DEV,PO,1,a79ec7fde458b66e,2,1;1,1;1,DESCEND,OPENING,HARM_DISP,0,1,9;22,29.5,,
qsnap_05,3,105,3,TEST,OO,3,3e65228649af6a49,2,1;1,1;1,ASCEND,OPENING,HARM_DISP,0,1,13;13,24.5,,
qsnap_06,3,115,3,DEV,PO,2,d83b76a1e4c37206,2,1;1,1;1,DESCEND,OPENING,HARM_DISP,0,1,15;12,26.1,,
qsnap_05,3,105,3,TEST,OO,4,3d6bb1fa49f8c684,2,1;1,1;1,ASCEND,HOLD,TOWARD_LIFT,0,1,7;15,20.7,,
qsnap_06,3,115,3,DEV,PO,3,101a54d4771effcb,2,0;1,0;1,DESCEND,OPENING,HARM_DISP,0,1,10;10,18.6,,
qsnap_06,3,115,3,DEV,PO,4,e0818ce280001c4b,2,1;1,1;1,DESCEND,OPENING,HARM_DISP,0,1,9;9,17.0,,
qsnap_06,3,115,3,DEV,OP,1,b9f85f7e08272325,2,1;1,1;1,LATERAL,CLOSING,UNMOVED,0,1,11;11,21.1,,
qsnap_06,3,115,3,DEV,OP,2,fdfc49ec6a23a0f3,2,1;1,1;1,LATERAL,CLOSING,UNMOVED,0,1,12;12,23.1,,
qsnap_06,3,115,3,DEV,OP,3,0b0a7680aeca62c8,2,1;1,1;1,LATERAL,CLOSING,UNMOVED,0,1,10;12,21.0,,
qsnap_06,3,115,3,DEV,OP,4,55b7b1fc6f5a638d,2,1;1,1;1,LATERAL,CLOSING,UNMOVED,0,1,11;12,21.6,,
qsnap_06,3,115,3,DEV,OO,1,b9f85f7e08272325,2,1;1,1;1,LATERAL,HOLD,HARM_DISP,0,1,4;5,8.1,,
qsnap_06,3,115,3,DEV,OO,2,fdfc49ec6a23a0f3,2,1;1,1;1,LATERAL,HOLD,HARM_DISP,0,1,10;11,19.7,,
qsnap_07,3,118,3,,,,,,,,,,,,,,,boot_3attempts,
qsnap_06,3,115,3,DEV,OO,3,0b0a7680aeca62c8,2,1;1,1;1,LATERAL,HOLD,HARM_DISP,0,1,4;4,7.2,,
qsnap_06,3,115,3,DEV,OO,4,55b7b1fc6f5a638d,2,1;1,1;1,LATERAL,HOLD,HARM_DISP,0,1,4;4,6.9,,
qsnap_09,5,82,3,TEST,PP,1,0097fea2d09afce2,2,0;0,0;0,DESCEND,HOLD,UNMOVED,0,0,24;24,51.2,,
qsnap_09,5,82,3,TEST,PP,2,746ff4052287ae1a,2,1;0,0;0,DESCEND,HOLD,UNMOVED,0,0,24;24,51.6,,
qsnap_08,3,119,4,DEV,PP,1,31714c953c41924c,2,1;0,0;0,DESCEND,CLOSING,UNMOVED,0,0,24;24,45.9,,
qsnap_08,3,119,4,DEV,PP,2,0f78d4c85034b488,2,1;1,1;1,DESCEND,HOLD,UNMOVED,0,1,11;13,22.8,,
qsnap_09,5,82,3,TEST,PP,3,7f68b00a70d713ec,2,1;1,0;1,DESCEND,CLOSING,UNMOVED,0,1,24;20,45.8,,
qsnap_08,3,119,4,DEV,PP,3,4e09d9ace4a69dd6,2,1;1,1;0,DESCEND,CLOSING,UNMOVED,0,1,19;17,34.0,,
qsnap_09,5,82,3,TEST,PP,4,dceaeffa88e0b9d6,2,1;1,1;0,DESCEND,HOLD,UNMOVED,0,1,21;21,44.1,,
qsnap_08,3,119,4,DEV,PP,4,1418d17ac69ca36a,2,1;1,0;0,DESCEND,CLOSING,UNMOVED,0,0,24;24,45.3,,
qsnap_08,3,119,4,DEV,PO,1,31714c953c41924c,2,1;1,1;1,DESCEND,OPENING,HARM_DISP,1,0,;,1.2,,
qsnap_08,3,119,4,DEV,PO,2,0f78d4c85034b488,2,1;1,1;1,DESCEND,OPENING,HARM_DISP,1,0,;,1.1,,
qsnap_08,3,119,4,DEV,PO,3,4e09d9ace4a69dd6,2,1;1,1;1,DESCEND,OPENING,HARM_DISP,1,0,;,1.2,,
qsnap_08,3,119,4,DEV,PO,4,1418d17ac69ca36a,2,0;0,0;0,DESCEND,OPENING,HARM_DISP,1,0,;,1.1,,
qsnap_09,5,82,3,TEST,PO,1,0097fea2d09afce2,2,1;1,1;1,DESCEND,CLOSING,UNMOVED,0,0,24;24,51.1,,
qsnap_08,3,119,4,DEV,OP,1,a70c215c96488248,2,1;1,1;1,STATIONARY,CLOSING,UNMOVED,0,1,20;20,38.2,,
qsnap_09,5,82,3,TEST,PO,2,746ff4052287ae1a,2,1;1,1;0,DESCEND,CLOSING,UNMOVED,0,0,24;24,50.0,,
qsnap_08,3,119,4,DEV,OP,2,6feb0cda2bd5774c,2,1;0,0;0,STATIONARY,CLOSING,UNMOVED,0,0,24;24,46.4,,
qsnap_09,5,82,3,TEST,PO,3,7f68b00a70d713ec,2,1;1,0;1,DESCEND,CLOSING,UNMOVED,0,0,24;24,50.1,,
qsnap_08,3,119,4,DEV,OP,3,7de99644f020419d,2,1;1,1;0,STATIONARY,CLOSING,UNMOVED,0,0,24;24,45.8,,
qsnap_08,3,119,4,DEV,OP,4,026fbaf82c0349fa,2,1;1,1;1,STATIONARY,CLOSING,UNMOVED,0,1,23;23,43.2,,
qsnap_08,3,119,4,DEV,OO,1,a70c215c96488248,2,1;1,1;1,STATIONARY,OPENING,HARM_DISP,1,0,;,1.1,,
qsnap_08,3,119,4,DEV,OO,2,6feb0cda2bd5774c,2,1;1,1;1,STATIONARY,OPENING,HARM_DISP,1,0,;,1.3,,
qsnap_08,3,119,4,DEV,OO,3,7de99644f020419d,2,1;1,1;1,STATIONARY,OPENING,HARM_DISP,1,0,;,1.2,,
qsnap_08,3,119,4,DEV,OO,4,026fbaf82c0349fa,2,1;1,1;1,STATIONARY,OPENING,HARM_DISP,1,0,;,1.2,,
qsnap_09,5,82,3,TEST,PO,4,dceaeffa88e0b9d6,2,1;1,0;0,DESCEND,CLOSING,UNMOVED,0,0,24;24,49.9,,
qsnap_09,5,82,3,TEST,OP,1,c707f311ffe24877,2,1;1,0;0,ASCEND,HOLD,UNMOVED,0,1,21;24,48.0,,
qsnap_09,5,82,3,TEST,OP,2,587894fe9d659b88,2,1;0,0;0,ASCEND,CLOSING,UNMOVED,0,0,24;24,51.0,,
qsnap_10,5,86,3,,,,,,,,,,,,,,,boot_3attempts,
qsnap_09,5,82,3,TEST,OP,3,e754287b6e92bb0e,2,1;1,1;1,ASCEND,CLOSING,UNMOVED,0,1,18;21,40.7,,
qsnap_09,5,82,3,TEST,OP,4,3b577313cbc98e42,2,1;1,1;0,ASCEND,CLOSING,UNMOVED,0,1,21;24,48.1,,
qsnap_09,5,82,3,TEST,OO,1,c707f311ffe24877,2,1;0,0;0,ASCEND,CLOSING,UNMOVED,0,0,24;24,50.2,,
qsnap_09,5,82,3,TEST,OO,2,587894fe9d659b88,2,1;1,0;0,ASCEND,HOLD,UNMOVED,0,0,24;24,49.7,,
qsnap_09,5,82,3,TEST,OO,3,e754287b6e92bb0e,2,1;1,0;0,ASCEND,HOLD,UNMOVED,0,0,24;24,50.0,,
qsnap_11,5,88,2,TEST,PP,1,53dfdd4ffc592083,2,1;1,0;1,DESCEND,CLOSING,UNMOVED,0,0,24;24,51.8,,
qsnap_09,5,82,3,TEST,OO,4,3b577313cbc98e42,2,1;0,0;0,ASCEND,CLOSING,UNMOVED,0,0,24;24,50.8,,
qsnap_11,5,88,2,TEST,PP,2,95fba89355f8b5df,2,1;1,1;0,DESCEND,CLOSING,UNMOVED,0,1,23;24,49.7,,
qsnap_11,5,88,2,TEST,PP,3,294a0f5818c065e4,2,1;1,1;1,DESCEND,CLOSING,UNMOVED,0,1,22;24,49.0,,
qsnap_13,5,94,3,TEST,PP,1,071fbc2283bef11a,2,0;0,0;0,DESCEND,CLOSING,UNMOVED,0,0,24;24,50.9,,
qsnap_11,5,88,2,TEST,PP,4,6fda085ca455b720,2,1;1,0;0,DESCEND,CLOSING,UNMOVED,0,1,24;24,50.9,,
qsnap_11,5,88,2,TEST,PO,1,53dfdd4ffc592083,2,1;1,1;1,DESCEND,OPENING,HARM_DISP,1,0,;,1.2,,
qsnap_11,5,88,2,TEST,PO,2,95fba89355f8b5df,2,1;1,1;1,DESCEND,OPENING,HARM_DISP,1,0,;,1.2,,
qsnap_11,5,88,2,TEST,PO,3,294a0f5818c065e4,2,1;1,1;1,DESCEND,OPENING,HARM_DISP,1,0,;,1.3,,
qsnap_11,5,88,2,TEST,PO,4,6fda085ca455b720,2,1;1,1;1,DESCEND,OPENING,HARM_DISP,1,0,;,1.2,,
qsnap_13,5,94,3,TEST,PP,2,0482d194bc815d18,2,0;0,0;0,DESCEND,HOLD,UNMOVED,0,0,24;24,51.1,,
qsnap_11,5,88,2,TEST,OP,1,1898c8acb618e080,2,1;1,0;1,DESCEND,CLOSING,UNMOVED,0,1,24;18,43.9,,
qsnap_13,5,94,3,TEST,PP,3,a02866651f438fba,2,0;1,0;1,DESCEND,CLOSING,UNMOVED,0,1,24;22,48.6,,
qsnap_11,5,88,2,TEST,OP,2,20b053de764825d5,2,1;1,0;1,DESCEND,CLOSING,UNMOVED,0,1,24;17,44.0,,
qsnap_11,5,88,2,TEST,OP,3,f719ab116f94689b,2,1;1,1;1,DESCEND,CLOSING,UNMOVED,0,1,21;19,42.0,,
qsnap_13,5,94,3,TEST,PP,4,faea10ed50f55765,2,0;1,0;1,DESCEND,CLOSING,UNMOVED,0,0,24;24,50.6,,
qsnap_11,5,88,2,TEST,OP,4,25864cbe10da7450,2,1;1,1;1,DESCEND,CLOSING,UNMOVED,0,1,21;21,44.0,,
qsnap_11,5,88,2,TEST,OO,1,1898c8acb618e080,2,1;1,1;1,DESCEND,HOLD,HARM_DISP,0,1,2;2,3.1,,
qsnap_11,5,88,2,TEST,OO,2,20b053de764825d5,2,1;1,1;1,DESCEND,OPENING,HARM_DISP,1,0,;,1.2,,
qsnap_11,5,88,2,TEST,OO,3,f719ab116f94689b,2,1;1,1;1,DESCEND,HOLD,HARM_DISP,0,1,2;2,3.3,,
qsnap_11,5,88,2,TEST,OO,4,25864cbe10da7450,2,1;1,1;1,DESCEND,OPENING,HARM_DISP,1,0,;,1.2,,
qsnap_13,5,94,3,TEST,PO,1,071fbc2283bef11a,2,1;0,0;0,DESCEND,OPENING,UNMOVED,0,0,24;24,50.5,,
qsnap_13,5,94,3,TEST,PO,2,0482d194bc815d18,2,1;0,1;0,DESCEND,OPENING,UNMOVED,0,1,23;24,48.5,,
qsnap_13,5,94,3,TEST,PO,3,a02866651f438fba,2,0;1,0;0,DESCEND,OPENING,UNMOVED,0,0,24;24,50.3,,
qsnap_14,5,97,3,DEV,PP,1,12eff4dc6f338620,2,1;1,0;0,DESCEND,CLOSING,UNMOVED,0,0,24;24,50.6,,
qsnap_13,5,94,3,TEST,PO,4,faea10ed50f55765,2,1;0,0;0,DESCEND,OPENING,UNMOVED,0,0,24;24,50.4,,
qsnap_14,5,97,3,DEV,PP,2,6494f56979d5b39a,2,1;1,0;0,DESCEND,CLOSING,UNMOVED,0,0,24;24,52.0,,
qsnap_13,5,94,3,TEST,OP,1,9dcc2b8dfcf6f744,2,1;0,1;0,ASCEND,HOLD,UNMOVED,0,1,15;24,40.3,,
qsnap_14,5,97,3,DEV,PP,3,37bc8000412495ed,2,1;1,0;1,DESCEND,CLOSING,UNMOVED,0,1,18;16,35.0,,
qsnap_14,5,97,3,DEV,PP,4,b134aa806df74683,2,1;0,1;0,DESCEND,CLOSING,UNMOVED,0,1,15;24,40.6,,
qsnap_14,5,97,3,DEV,PO,1,12eff4dc6f338620,2,1;1,1;1,DESCEND,OPENING,HARM_DISP,1,0,;,1.2,,
qsnap_14,5,97,3,DEV,PO,2,6494f56979d5b39a,2,1;1,1;1,DESCEND,OPENING,HARM_DISP,1,0,;,1.3,,
qsnap_14,5,97,3,DEV,PO,3,37bc8000412495ed,2,1;1,1;1,DESCEND,OPENING,HARM_DISP,1,0,;,1.2,,
qsnap_13,5,94,3,TEST,OP,2,727643e1889190c2,2,0;0,0;0,STATIONARY,CLOSING,UNMOVED,0,0,24;24,50.9,,
qsnap_14,5,97,3,DEV,PO,4,b134aa806df74683,2,1;1,1;1,DESCEND,OPENING,HARM_DISP,1,0,;,1.2,,
qsnap_13,5,94,3,TEST,OP,3,5091424d7f145992,2,0;1,0;0,STATIONARY,HOLD,UNMOVED,0,0,24;24,51.5,,
qsnap_14,5,97,3,DEV,OP,1,c7352e87d6fc42c3,2,1;1,0;0,DESCEND,CLOSING,UNMOVED,0,0,24;24,50.7,,
qsnap_13,5,94,3,TEST,OP,4,b0124ece167794bc,2,1;0,0;0,STATIONARY,CLOSING,UNMOVED,0,0,24;24,51.0,,
qsnap_14,5,97,3,DEV,OP,2,087fc64397c4ac0c,2,1;1,0;0,STATIONARY,CLOSING,UNMOVED,0,0,24;24,50.8,,
qsnap_14,5,97,3,DEV,OP,3,afbe89ebbdc922cf,2,1;1,0;1,STATIONARY,CLOSING,UNMOVED,0,1,24;22,47.3,,
qsnap_13,5,94,3,TEST,OO,1,9dcc2b8dfcf6f744,2,1;1,1;0,ASCEND,OPENING,UNMOVED,0,1,24;24,49.3,,
qsnap_14,5,97,3,DEV,OP,4,2b23a02217519e5c,2,1;0,1;0,STATIONARY,CLOSING,UNMOVED,0,1,24;24,50.9,,
qsnap_13,5,94,3,TEST,OO,2,727643e1889190c2,2,0;1,0;0,STATIONARY,OPENING,UNMOVED,0,0,24;24,50.4,,
qsnap_14,5,97,3,DEV,OO,1,c7352e87d6fc42c3,2,1;0,1;0,STATIONARY,HOLD,HARM_DISP,0,1,3;2,4.1,,
qsnap_14,5,97,3,DEV,OO,2,087fc64397c4ac0c,2,1;1,1;1,STATIONARY,HOLD,UNMOVED,0,1,3;4,6.0,,
qsnap_14,5,97,3,DEV,OO,3,afbe89ebbdc922cf,2,1;1,1;1,STATIONARY,OPENING,HARM_DISP,1,0,;,1.2,,
qsnap_14,5,97,3,DEV,OO,4,2b23a02217519e5c,2,0;0,0;0,STATIONARY,HOLD,HARM_DISP,1,0,;,1.2,,
qsnap_13,5,94,3,TEST,OO,3,5091424d7f145992,2,1;1,0;1,STATIONARY,OPENING,UNMOVED,0,0,24;24,50.1,,
qsnap_13,5,94,3,TEST,OO,4,b0124ece167794bc,2,0;1,0;0,STATIONARY,OPENING,UNMOVED,0,0,24;24,50.2,,
qsnap_16,5,106,3,,,,,,,,,,,,,,,boot_3attempts,
qsnap_17,5,116,3,TEST,PP,1,18d14b5042aefc0e,2,1;1,1;0,DESCEND,HOLD,UNMOVED,0,1,19;24,44.5,,
qsnap_17,5,116,3,TEST,PP,2,1f2de668003ed0c9,2,1;1,0;0,DESCEND,CLOSING,UNMOVED,0,0,24;24,50.5,,
qsnap_17,5,116,3,TEST,PP,3,47f905b7d3e39567,2,1;1,1;1,DESCEND,CLOSING,UNMOVED,0,1,18;24,43.3,,
qsnap_18,5,117,3,,,,,,,,,,,,,,,boot_3attempts,
qsnap_17,5,116,3,TEST,PP,4,d330bd872b88a0f4,2,1;1,0;0,DESCEND,CLOSING,UNMOVED,0,0,24;24,50.3,,
qsnap_17,5,116,3,TEST,PO,1,18d14b5042aefc0e,2,1;0,0;0,DESCEND,CLOSING,UNMOVED,0,0,24;24,49.8,,
qsnap_19,9,76,5,TEST,PP,1,95acfb57e31c6c94,2,1;1,1;1,STATIONARY,CLOSING,UNMOVED,0,0,24;24,48.2,,
qsnap_17,5,116,3,TEST,PO,2,1f2de668003ed0c9,2,1;1,1;1,DESCEND,OPENING,UNMOVED,0,1,24;22,46.4,,
qsnap_19,9,76,5,TEST,PP,2,28664cd60c409589,2,1;1,1;1,STATIONARY,CLOSING,UNMOVED,0,0,24;24,48.3,,
qsnap_17,5,116,3,TEST,PO,3,47f905b7d3e39567,2,0;1,0;1,DESCEND,HOLD,UNMOVED,0,0,24;24,49.6,,
qsnap_19,9,76,5,TEST,PP,3,410cc68f7a587d4e,2,1;1,0;0,STATIONARY,CLOSING,UNMOVED,0,0,24;24,49.0,,
qsnap_17,5,116,3,TEST,PO,4,d330bd872b88a0f4,2,1;1,1;0,DESCEND,CLOSING,UNMOVED,0,0,24;24,49.6,,
qsnap_19,9,76,5,TEST,PP,4,5d7787938b11a684,2,1;1,0;0,STATIONARY,CLOSING,UNMOVED,0,0,24;24,47.8,,
qsnap_17,5,116,3,TEST,OP,1,324f821d451ba3ac,2,1;0,0;0,DESCEND,CLOSING,UNMOVED,0,0,24;24,50.6,,
qsnap_19,9,76,5,TEST,PO,1,95acfb57e31c6c94,2,0;0,0;0,DESCEND,OPENING,HARM_DISP,0,0,24;24,45.0,,
qsnap_17,5,116,3,TEST,OP,2,f3c07ec79ec91424,2,1;1,1;1,DESCEND,CLOSING,UNMOVED,0,1,16;20,36.1,,
qsnap_19,9,76,5,TEST,PO,2,28664cd60c409589,2,1;0,0;0,DESCEND,OPENING,HARM_DISP,0,0,24;24,45.4,,
qsnap_17,5,116,3,TEST,OP,3,34090b5d72976915,2,1;0,1;0,STATIONARY,CLOSING,UNMOVED,0,0,24;24,49.9,,
qsnap_19,9,76,5,TEST,PO,3,410cc68f7a587d4e,2,0;0,0;0,DESCEND,OPENING,HARM_DISP,0,0,24;24,45.1,,
qsnap_17,5,116,3,TEST,OP,4,cc8028738a0e7e3b,2,1;0,1;0,STATIONARY,HOLD,UNMOVED,0,1,20;24,45.5,,
qsnap_19,9,76,5,TEST,PO,4,5d7787938b11a684,2,0;0,0;0,DESCEND,OPENING,HARM_DISP,0,0,24;24,45.2,,
qsnap_17,5,116,3,TEST,OO,1,324f821d451ba3ac,2,1;1,0;0,STATIONARY,CLOSING,UNMOVED,0,1,24;24,49.2,,
qsnap_19,9,76,5,TEST,OP,1,dccd46fbca279fab,2,1;1,0;0,STATIONARY,CLOSING,UNMOVED,0,0,24;24,47.7,,
qsnap_17,5,116,3,TEST,OO,2,f3c07ec79ec91424,2,0;1,0;1,DESCEND,CLOSING,UNMOVED,0,0,24;24,49.2,,
qsnap_19,9,76,5,TEST,OP,2,f54414860f4fb413,2,0;1,0;1,STATIONARY,CLOSING,UNMOVED,0,0,24;24,47.3,,
qsnap_17,5,116,3,TEST,OO,3,34090b5d72976915,2,0;0,0;0,STATIONARY,CLOSING,UNMOVED,0,0,24;24,49.2,,
qsnap_19,9,76,5,TEST,OP,3,c0fb6543c1e57c2b,2,1;1,0;0,LATERAL,CLOSING,UNMOVED,0,0,24;24,48.8,,
qsnap_17,5,116,3,TEST,OO,4,cc8028738a0e7e3b,2,1;1,0;0,STATIONARY,OPENING,UNMOVED,0,1,20;24,44.9,,
qsnap_19,9,76,5,TEST,OP,4,3d6e6d0971f3ff87,2,1;1,0;0,LATERAL,CLOSING,UNMOVED,0,0,24;24,49.2,,
qsnap_19,9,76,5,TEST,OO,1,dccd46fbca279fab,2,0;0,0;0,DESCEND,HOLD,HARM_DISP,0,0,24;24,44.5,,
qsnap_19,9,76,5,TEST,OO,2,f54414860f4fb413,2,0;0,0;0,DESCEND,HOLD,HARM_DISP,0,0,24;24,45.9,,
qsnap_19,9,76,5,TEST,OO,3,c0fb6543c1e57c2b,2,0;1,0;0,DESCEND,OPENING,HARM_DISP,0,0,24;24,45.2,,
qsnap_19,9,76,5,TEST,OO,4,3d6e6d0971f3ff87,2,1;0,1;0,DESCEND,HOLD,HARM_DISP,0,1,14;24,35.5,,
