task,seed,episode_dir,rc,classify,wall_s,retries,fg_first,rps_first,assigned_family,assigned_t0,included,note
3,29,/workspace/yjx/workspace/RPent/logs/stageP_collect/20261004-05:12:12_vanilla_libero_spatial_t3_s29,0,success,569.0,0,,,,,False,no_event
3,30,/workspace/yjx/workspace/RPent/logs/stageP_collect/20261004-05:13:42_vanilla_libero_spatial_t3_s30,0,success,780.3,0,,,,,False,no_event
3,31,/workspace/yjx/workspace/RPent/logs/stageP_collect/20261004-05:15:12_vanilla_libero_spatial_t3_s31,0,policy_fail,781.1,0,,,,,False,no_event
3,32,/workspace/yjx/workspace/RPent/logs/stageP_collect/20261004-05:21:41_vanilla_libero_spatial_t3_s32,0,success,539.5,0,,,,,False,no_event
3,33,/workspace/yjx/workspace/RPent/logs/stageP_collect/20261004-05:26:42_vanilla_libero_spatial_t3_s33,0,success,623.2,0,,,,,False,no_event
3,34,/workspace/yjx/workspace/RPent/logs/stageP_collect/20261004-05:28:13_vanilla_libero_spatial_t3_s34,0,policy_fail,577.0,0,,,,,False,no_event
3,35,/workspace/yjx/workspace/RPent/logs/stageP_collect/20261004-05:30:40_vanilla_libero_spatial_t3_s35,0,policy_fail,628.8,0,,,,,False,no_event
3,36,/workspace/yjx/workspace/RPent/logs/stageP_collect/20261004-05:37:05_vanilla_libero_spatial_t3_s36,0,success,566.2,0,,,,,False,no_event
3,37,/workspace/yjx/workspace/RPent/logs/stageP_collect/20261004-05:37:50_vanilla_libero_spatial_t3_s37,0,success,583.0,0,,,,,False,no_event
3,38,/workspace/yjx/workspace/RPent/logs/stageP_collect/20261004-05:41:09_vanilla_libero_spatial_t3_s38,0,success,743.5,0,,,,,False,no_event
3,39,/workspace/yjx/workspace/RPent/logs/stageP_collect/20261004-05:46:32_vanilla_libero_spatial_t3_s39,0,policy_fail,713.0,0,,,,,False,no_event
3,40,/workspace/yjx/workspace/RPent/logs/stageP_collect/20261004-05:47:33_vanilla_libero_spatial_t3_s40,0,success,694.3,0,,,,,False,no_event
3,43,/workspace/yjx/workspace/RPent/logs/stageP_collect/20261004-05:59:07_vanilla_libero_spatial_t3_s43,0,success,1079.4,0,,8,,,False,rps_logged_excluded
3,41,/workspace/yjx/workspace/RPent/logs/stageP_collect/20261004-05:53:33_vanilla_libero_spatial_t3_s41,0,policy_fail,1439.7,0,3,10,FALSE_GRASP,3,True,fg_first_event
3,42,/workspace/yjx/workspace/RPent/logs/stageP_collect/20261004-05:58:25_vanilla_libero_spatial_t3_s42,0,success,1242.3,0,4,,FALSE_GRASP,4,True,fg_first_event
3,46,/workspace/yjx/workspace/RPent/logs/stageP_collect/20261004-06:19:07_vanilla_libero_spatial_t3_s46,0,policy_fail,457.1,0,,,,,False,no_event
3,44,/workspace/yjx/workspace/RPent/logs/stageP_collect/20261004-06:17:07_vanilla_libero_spatial_t3_s44,0,policy_fail,859.2,0,,,,,False,no_event
3,45,/workspace/yjx/workspace/RPent/logs/stageP_collect/20261004-06:17:32_vanilla_libero_spatial_t3_s45,0,success,840.8,0,,,,,False,no_event
3,47,/workspace/yjx/workspace/RPent/logs/stageP_collect/20261004-06:26:44_vanilla_libero_spatial_t3_s47,0,success,468.3,0,,,,,False,no_event
3,48,/workspace/yjx/workspace/RPent/logs/stageP_collect/20261004-06:31:26_vanilla_libero_spatial_t3_s48,0,success,497.1,0,3,,FALSE_GRASP,3,True,fg_first_event
3,49,/workspace/yjx/workspace/RPent/logs/stageP_collect/20261004-06:31:33_vanilla_libero_spatial_t3_s49,0,policy_fail,664.8,0,3,,FALSE_GRASP,3,True,fg_first_event
3,50,/workspace/yjx/workspace/RPent/logs/stageP_collect/20261004-06:34:32_vanilla_libero_spatial_t3_s50,0,policy_fail,692.7,0,,,,,False,no_event
3,51,/workspace/yjx/workspace/RPent/logs/stageP_collect/20261004-06:39:43_vanilla_libero_spatial_t3_s51,0,success,604.6,0,,,,,False,no_event
3,52,/workspace/yjx/workspace/RPent/logs/stageP_collect/20261004-06:42:38_vanilla_libero_spatial_t3_s52,0,success,944.0,0,,,,,False,no_event
3,53,/workspace/yjx/workspace/RPent/logs/stageP_collect/20261004-06:46:05_vanilla_libero_spatial_t3_s53,0,success,914.1,0,,,,,False,no_event
3,54,/workspace/yjx/workspace/RPent/logs/stageP_collect/20261004-06:49:47_vanilla_libero_spatial_t3_s54,0,success,836.9,0,,,,,False,no_event
3,55,/workspace/yjx/workspace/RPent/logs/stageP_collect/20261004-06:58:22_vanilla_libero_spatial_t3_s55,0,success,649.9,0,,,,,False,no_event
3,56,/workspace/yjx/workspace/RPent/logs/stageP_collect/20261004-07:01:19_vanilla_libero_spatial_t3_s56,0,policy_fail,949.1,0,4,,FALSE_GRASP,4,True,fg_first_event
3,58,/workspace/yjx/workspace/RPent/logs/stageP_collect/20261004-07:09:12_vanilla_libero_spatial_t3_s58,0,success,627.9,0,,,,,False,no_event
3,57,/workspace/yjx/workspace/RPent/logs/stageP_collect/20261004-07:03:44_vanilla_libero_spatial_t3_s57,0,policy_fail,1172.5,0,,7,,,False,rps_logged_excluded
3,59,/workspace/yjx/workspace/RPent/logs/stageP_collect/20261004-07:17:08_vanilla_libero_spatial_t3_s59,0,success,652.9,0,,,,,False,no_event
3,61,/workspace/yjx/workspace/RPent/logs/stageP_collect/20261004-07:23:17_vanilla_libero_spatial_t3_s61,0,success,764.6,0,,,,,False,no_event
3,60,/workspace/yjx/workspace/RPent/logs/stageP_collect/20261004-07:19:40_vanilla_libero_spatial_t3_s60,0,policy_fail,1116.2,0,,,,,False,no_event
3,62,/workspace/yjx/workspace/RPent/logs/stageP_collect/20261004-07:28:01_vanilla_libero_spatial_t3_s62,0,success,898.0,0,3,,FALSE_GRASP,3,True,fg_first_event
3,64,/workspace/yjx/workspace/RPent/logs/stageP_collect/20261004-07:38:16_vanilla_libero_spatial_t3_s64,0,success,693.9,0,3,,FALSE_GRASP,3,True,fg_first_event
3,63,/workspace/yjx/workspace/RPent/logs/stageP_collect/20261004-07:36:02_vanilla_libero_spatial_t3_s63,0,success,887.8,0,,,,,False,no_event
3,65,/workspace/yjx/workspace/RPent/logs/stageP_collect/20261004-07:42:59_vanilla_libero_spatial_t3_s65,0,success,802.9,0,,,,,False,no_event
3,67,/workspace/yjx/workspace/RPent/logs/stageP_collect/20261004-07:50:49_vanilla_libero_spatial_t3_s67,0,success,691.6,0,2,,FALSE_GRASP,2,True,fg_first_event
3,66,/workspace/yjx/workspace/RPent/logs/stageP_collect/20261004-07:49:50_vanilla_libero_spatial_t3_s66,0,success,790.5,0,,,,,False,no_event
3,68,/workspace/yjx/workspace/RPent/logs/stageP_collect/20261004-07:56:22_vanilla_libero_spatial_t3_s68,0,success,653.4,0,4,,FALSE_GRASP,4,True,fg_first_event
3,70,/workspace/yjx/workspace/RPent/logs/stageP_collect/20261004-08:03:00_vanilla_libero_spatial_t3_s70,0,success,648.6,0,,,,,False,no_event
3,69,/workspace/yjx/workspace/RPent/logs/stageP_collect/20261004-08:02:21_vanilla_libero_spatial_t3_s69,0,success,900.6,0,,7,,,False,rps_logged_excluded
3,71,/workspace/yjx/workspace/RPent/logs/stageP_collect/20261004-08:07:15_vanilla_libero_spatial_t3_s71,0,success,825.4,0,,,,,False,no_event
3,72,/workspace/yjx/workspace/RPent/logs/stageP_collect/20261004-08:13:49_vanilla_libero_spatial_t3_s72,0,success,533.0,0,,,,,False,no_event
3,73,/workspace/yjx/workspace/RPent/logs/stageP_collect/20261004-08:17:22_vanilla_libero_spatial_t3_s73,0,success,491.7,0,,,,,False,no_event
5,29,/workspace/yjx/workspace/RPent/logs/stageP_collect/20261004-08:25:33_vanilla_libero_spatial_t5_s29,0,success,623.2,0,,,,,False,no_event
3,74,/workspace/yjx/workspace/RPent/logs/stageP_collect/20261004-08:21:01_vanilla_libero_spatial_t3_s74,0,policy_fail,1044.0,0,,8,,,False,rps_logged_excluded
3,75,/workspace/yjx/workspace/RPent/logs/stageP_collect/20261004-08:22:42_vanilla_libero_spatial_t3_s75,0,success,959.9,0,3,,FALSE_GRASP,3,True,fg_first_event
5,32,/workspace/yjx/workspace/RPent/logs/stageP_collect/20261004-08:38:42_vanilla_libero_spatial_t5_s32,0,success,530.9,0,,,,,False,no_event
5,30,/workspace/yjx/workspace/RPent/logs/stageP_collect/20261004-08:35:56_vanilla_libero_spatial_t5_s30,0,policy_fail,816.3,0,2,9,FALSE_GRASP,2,True,fg_first_event
5,31,/workspace/yjx/workspace/RPent/logs/stageP_collect/20261004-08:38:25_vanilla_libero_spatial_t5_s31,0,success,1000.8,0,,,,,False,no_event
5,33,/workspace/yjx/workspace/RPent/logs/stageP_collect/20261004-08:47:33_vanilla_libero_spatial_t5_s33,0,policy_fail,948.4,0,3,,FALSE_GRASP,3,True,fg_first_event
5,35,/workspace/yjx/workspace/RPent/logs/stageP_collect/20261004-08:55:06_vanilla_libero_spatial_t5_s35,0,policy_fail,884.3,0,,9,,,False,rps_logged_excluded
5,34,/workspace/yjx/workspace/RPent/logs/stageP_collect/20261004-08:49:33_vanilla_libero_spatial_t5_s34,0,success,1291.2,0,,,,,False,no_event
5,36,/workspace/yjx/workspace/RPent/logs/stageP_collect/20261004-09:03:21_vanilla_libero_spatial_t5_s36,0,policy_fail,904.6,0,,,,,False,no_event
5,37,/workspace/yjx/workspace/RPent/logs/stageP_collect/20261004-09:09:50_vanilla_libero_spatial_t5_s37,0,success,757.0,0,2,,FALSE_GRASP,2,True,fg_first_event
5,38,/workspace/yjx/workspace/RPent/logs/stageP_collect/20261004-09:11:04_vanilla_libero_spatial_t5_s38,0,success,849.1,0,,,,,False,no_event
5,40,/workspace/yjx/workspace/RPent/logs/stageP_collect/20261004-09:22:27_vanilla_libero_spatial_t5_s40,0,success,846.8,0,,,,,False,no_event
5,41,/workspace/yjx/workspace/RPent/logs/stageP_collect/20261004-09:25:13_vanilla_libero_spatial_t5_s41,0,policy_fail,748.0,0,,,,,False,no_event
5,39,/workspace/yjx/workspace/RPent/logs/stageP_collect/20261004-09:18:26_vanilla_libero_spatial_t5_s39,0,policy_fail,1346.5,0,3,7,FALSE_GRASP,3,True,fg_first_event
5,42,/workspace/yjx/workspace/RPent/logs/stageP_collect/20261004-09:36:34_vanilla_libero_spatial_t5_s42,0,success,860.5,0,,,,,False,no_event
5,43,/workspace/yjx/workspace/RPent/logs/stageP_collect/20261004-09:37:41_vanilla_libero_spatial_t5_s43,0,success,872.1,0,2,,FALSE_GRASP,2,True,fg_first_event
5,44,/workspace/yjx/workspace/RPent/logs/stageP_collect/20261004-09:40:52_vanilla_libero_spatial_t5_s44,0,success,771.8,0,2,,FALSE_GRASP,2,True,fg_first_event
5,46,/workspace/yjx/workspace/RPent/logs/stageP_collect/20261004-09:52:13_vanilla_libero_spatial_t5_s46,0,policy_fail,707.1,0,,,,,False,no_event
5,47,/workspace/yjx/workspace/RPent/logs/stageP_collect/20261004-09:53:44_vanilla_libero_spatial_t5_s47,0,success,895.4,0,,,,,False,no_event
5,45,/workspace/yjx/workspace/RPent/logs/stageP_collect/20261004-09:50:54_vanilla_libero_spatial_t5_s45,0,success,1117.3,0,3,10,FALSE_GRASP,3,True,fg_first_event
5,48,/workspace/yjx/workspace/RPent/logs/stageP_collect/20261004-10:04:00_vanilla_libero_spatial_t5_s48,0,policy_fail,1149.7,0,2,,FALSE_GRASP,2,True,fg_first_event
5,50,/workspace/yjx/workspace/RPent/logs/stageP_collect/20261004-10:09:32_vanilla_libero_spatial_t5_s50,0,success,833.1,0,,,,,False,no_event
5,49,/workspace/yjx/workspace/RPent/logs/stageP_collect/20261004-10:08:40_vanilla_libero_spatial_t5_s49,0,policy_fail,1571.4,0,,,,,False,no_event
5,51,/workspace/yjx/workspace/RPent/logs/stageP_collect/20261004-10:23:10_vanilla_libero_spatial_t5_s51,0,policy_fail,1089.9,0,,9,,,False,rps_logged_excluded
5,52,/workspace/yjx/workspace/RPent/logs/stageP_collect/20261004-10:23:25_vanilla_libero_spatial_t5_s52,0,policy_fail,1093.4,0,13,10,FALSE_GRASP,13,True,fg_first_event
5,53,/workspace/yjx/workspace/RPent/logs/stageP_collect/20261004-10:34:51_vanilla_libero_spatial_t5_s53,0,success,658.7,0,3,,FALSE_GRASP,3,True,fg_first_event
5,55,/workspace/yjx/workspace/RPent/logs/stageP_collect/20261004-10:41:38_vanilla_libero_spatial_t5_s55,0,policy_fail,973.4,0,,,,,False,no_event
5,54,/workspace/yjx/workspace/RPent/logs/stageP_collect/20261004-10:41:20_vanilla_libero_spatial_t5_s54,0,success,1027.1,0,,10,,,False,rps_logged_excluded
5,56,/workspace/yjx/workspace/RPent/logs/stageP_collect/20261004-10:45:50_vanilla_libero_spatial_t5_s56,0,policy_fail,766.3,0,,,,,False,no_event
5,59,/workspace/yjx/workspace/RPent/logs/stageP_collect/20261004-10:58:36_vanilla_libero_spatial_t5_s59,0,success,762.1,0,,,,,False,no_event
5,57,/workspace/yjx/workspace/RPent/logs/stageP_collect/20261004-10:57:52_vanilla_libero_spatial_t5_s57,0,policy_fail,1016.7,0,,,,,False,no_event
5,61,/workspace/yjx/workspace/RPent/logs/stageP_collect/20261004-11:14:48_vanilla_libero_spatial_t5_s61,0,policy_fail,307.7,0,,,,,False,no_event
5,58,/workspace/yjx/workspace/RPent/logs/stageP_collect/20261004-10:58:27_vanilla_libero_spatial_t5_s58,0,success,1298.0,0,,8,,,False,rps_logged_excluded
5,60,/workspace/yjx/workspace/RPent/logs/stageP_collect/20261004-11:11:18_vanilla_libero_spatial_t5_s60,0,policy_fail,1140.3,0,3,10,FALSE_GRASP,3,True,fg_first_event
5,63,/workspace/yjx/workspace/RPent/logs/stageP_collect/20261004-11:20:05_vanilla_libero_spatial_t5_s63,0,success,636.5,0,,,,,False,no_event
5,62,/workspace/yjx/workspace/RPent/logs/stageP_collect/20261004-11:19:56_vanilla_libero_spatial_t5_s62,0,success,740.8,0,,,,,False,no_event
5,65,/workspace/yjx/workspace/RPent/logs/stageP_collect/20261004-11:30:41_vanilla_libero_spatial_t5_s65,0,success,1115.6,0,,,,,False,no_event
5,64,/workspace/yjx/workspace/RPent/logs/stageP_collect/20261004-11:30:18_vanilla_libero_spatial_t5_s64,0,policy_fail,1179.9,0,,8,,,False,rps_logged_excluded
5,66,/workspace/yjx/workspace/RPent/logs/stageP_collect/20261004-11:32:17_vanilla_libero_spatial_t5_s66,0,policy_fail,1151.4,0,,8,,,False,rps_logged_excluded
5,67,/workspace/yjx/workspace/RPent/logs/stageP_collect/20261004-11:49:17_vanilla_libero_spatial_t5_s67,0,policy_fail,555.8,0,,,,,False,no_event
5,68,/workspace/yjx/workspace/RPent/logs/stageP_collect/20261004-11:49:58_vanilla_libero_spatial_t5_s68,0,policy_fail,713.5,0,,,,,False,no_event
5,69,/workspace/yjx/workspace/RPent/logs/stageP_collect/20261004-11:51:28_vanilla_libero_spatial_t5_s69,0,success,956.8,0,3,,FALSE_GRASP,3,True,fg_first_event
5,70,/workspace/yjx/workspace/RPent/logs/stageP_collect/20261004-11:58:33_vanilla_libero_spatial_t5_s70,0,success,765.7,0,,,,,False,no_event
5,71,/workspace/yjx/workspace/RPent/logs/stageP_collect/20261004-12:01:52_vanilla_libero_spatial_t5_s71,0,success,737.1,0,,,,,False,no_event
5,73,/workspace/yjx/workspace/RPent/logs/stageP_collect/20261004-12:11:19_vanilla_libero_spatial_t5_s73,0,success,479.2,0,2,,FALSE_GRASP,2,True,fg_first_event
5,72,/workspace/yjx/workspace/RPent/logs/stageP_collect/20261004-12:07:25_vanilla_libero_spatial_t5_s72,0,success,785.6,0,,,,,False,no_event
5,74,/workspace/yjx/workspace/RPent/logs/stageP_collect/20261004-12:14:09_vanilla_libero_spatial_t5_s74,0,success,1041.4,0,2,7,FALSE_GRASP,2,True,fg_first_event
5,75,/workspace/yjx/workspace/RPent/logs/stageP_collect/20261004-12:19:18_vanilla_libero_spatial_t5_s75,0,success,877.4,0,,,,,False,no_event
9,29,/workspace/yjx/workspace/RPent/logs/stageP_collect/20261004-12:20:31_vanilla_libero_spatial_t9_s29,0,policy_fail,1170.8,0,5,,FALSE_GRASP,5,True,fg_first_event
9,30,/workspace/yjx/workspace/RPent/logs/stageP_collect/20261004-12:31:30_vanilla_libero_spatial_t9_s30,0,policy_fail,693.4,0,6,,FALSE_GRASP,6,True,fg_first_event
9,31,/workspace/yjx/workspace/RPent/logs/stageP_collect/20261004-12:33:55_vanilla_libero_spatial_t9_s31,0,policy_fail,715.8,0,,,,,False,no_event
9,33,/workspace/yjx/workspace/RPent/logs/stageP_collect/20261004-12:43:04_vanilla_libero_spatial_t9_s33,0,policy_fail,845.1,0,,,,,False,no_event
9,32,/workspace/yjx/workspace/RPent/logs/stageP_collect/20261004-12:40:02_vanilla_libero_spatial_t9_s32,0,success,1141.5,0,5,,FALSE_GRASP,5,True,fg_first_event
9,34,/workspace/yjx/workspace/RPent/logs/stageP_collect/20261004-12:45:51_vanilla_libero_spatial_t9_s34,0,policy_fail,881.2,0,5,,FALSE_GRASP,5,True,fg_first_event
9,35,/workspace/yjx/workspace/RPent/logs/stageP_collect/20261004-12:57:09_vanilla_libero_spatial_t9_s35,0,policy_fail,879.0,0,4,,FALSE_GRASP,4,True,fg_first_event
9,36,/workspace/yjx/workspace/RPent/logs/stageP_collect/20261004-12:59:03_vanilla_libero_spatial_t9_s36,0,policy_fail,1107.1,0,3,9,FALSE_GRASP,3,True,fg_first_event
