snapshot_id,task,seed,t0,split,PP_acq,PP_stable,PP_gap,PO_acq,PO_stable,PO_gap,OP_acq,OP_stable,OP_gap,OO_acq,OO_stable,OO_gap
qsnap_00,,,,DEV,0.375,0.25,0.125,0.625,0.5,0.125,0.25,0.125,0.125,0.625,0.25,0.375
qsnap_02,,,,DEV,0.25,0.25,0.0,1.0,0.875,0.125,1.0,1.0,0.0,1.0,1.0,0.0
qsnap_06,,,,DEV,0.5,0.5,0.0,0.875,0.875,0.0,1.0,1.0,0.0,1.0,1.0,0.0
qsnap_08,,,,DEV,0.875,0.375,0.5,0.75,0.75,0.0,0.875,0.625,0.25,1.0,1.0,0.0
qsnap_14,,,,DEV,0.875,0.25,0.625,1.0,1.0,0.0,0.875,0.25,0.625,0.625,0.625,0.0
qsnap_01,3,89,3,TEST,0.375,0.25,0.125,0.875,0.875,0.0,0.875,0.875,0.0,0.75,0.75,0.0
qsnap_03,3,101,6,TEST,0.5,0.375,0.125,0.75,0.75,0.0,1.0,0.75,0.25,1.0,1.0,0.0
qsnap_05,3,105,3,TEST,0.75,0.625,0.125,1.0,0.875,0.125,1.0,0.875,0.125,1.0,0.875,0.125
qsnap_09,5,82,3,TEST,0.625,0.25,0.375,1.0,0.5,0.5,0.875,0.375,0.5,0.75,0.0,0.75
qsnap_11,5,88,2,TEST,1.0,0.5,0.5,1.0,1.0,0.0,1.0,0.75,0.25,1.0,1.0,0.0
qsnap_13,5,94,3,TEST,0.25,0.25,0.0,0.5,0.125,0.375,0.375,0.125,0.25,0.75,0.25,0.5
qsnap_17,5,116,3,TEST,1.0,0.375,0.625,0.75,0.5,0.25,0.625,0.5,0.125,0.625,0.125,0.5
qsnap_19,9,76,5,TEST,1.0,0.5,0.5,0.125,0.0,0.125,0.875,0.125,0.75,0.25,0.125,0.125
