arm,k,C(k),h(k),h_denom,n_events
SAME,1,0.25,0.25,24,24
SAME,2,0.5,0.3333333333333333,18,24
SAME,4,0.625,0.1,10,24
SAME,8,0.75,0.0,6,24
SAME,gain_1to2,0.25,,,
SAME,gain_2to4,0.125,,,
SAME,gain_4to8,0.125,,,
POLICY,1,0.16666666666666666,0.16666666666666666,24,24
POLICY,2,0.4583333333333333,0.35,20,24
POLICY,4,0.7083333333333334,0.0,7,24
POLICY,8,0.7916666666666666,0.0,5,24
POLICY,gain_1to2,0.29166666666666663,,,
POLICY,gain_2to4,0.25000000000000006,,,
POLICY,gain_4to8,0.08333333333333326,,,
