case_id,task,seed,failure_family,procedure,t0,episode_total_steps,source_recovered,fail_eef_pos,fail_gripper_qpos,fail_pick_target_xyz,fail_pick_min_opening,fail_pick_peak_lift,t_hold,t_task_done,t_recovery_window_end,changed_target_reference,changed_target_pose,changed_subgoal,resampled_same_skill,called_different_skill,used_multistep_sequence,observation_conditioned_replan,retreat_realign,returned_nominal,used_pi0_doubled,used_move_pose,primitive_count_to_recovery,planner_turns_to_recovery,observation_count,grounding_update_count,subgoal_change_count,skill_family_change_count,mechanism_labels,subtype,held_raw_flag,inferred_held_at_failure,recovery_action_sequence
snap_00,9,9,FALSE_GRASP,P2_FG_RETRY,4,10,False,"[-0.313, -0.128, 0.961]","[0.0064, -0.0058]",null,0.0016417885199189186,0.004881680011749268,6,,9,False,True,False,True,True,True,True,True,False,False,True,5,9,4,3,0,3,SAMPLING_LIKE|SEQUENCE_COMPOSITION|DYNAMIC_REPLANNING|RESET_REALIGNMENT,FG_RESAMPLE_REPICK(重新定位+重抓),True,False,approach pick gripper place place
snap_01,9,4,FALSE_GRASP,P2_FG_RETRY,12,18,True,"[-0.34, -0.161, 0.986]","[0.0024, -0.0026]",null,0.004966479726135731,0.04599654674530029,,17,17,False,True,True,False,True,True,False,False,False,True,True,5,5,0,0,1,3,CONDITIONING_CHANGE|SEQUENCE_COMPOSITION,FG_HELD_AND_PLACE(失败即持有→直接放置/释放),True,True,gripper place place approach doubled
snap_02,9,7,RELEASE_PREDICATE_STALL,P1_RPS_REPICK,11,14,True,"[0.1, 0.182, 1.026]","[0.0396, -0.0399]",null,,,,13,13,False,False,True,False,True,False,True,True,False,True,False,2,3,1,0,1,1,CONDITIONING_CHANGE|DYNAMIC_REPLANNING|RESET_REALIGNMENT,RPS_PROCEED_DOUBLED(直接换位技能),False,False,approach doubled
snap_03,5,5,RELEASE_PREDICATE_STALL,P1_RPS_REPICK,7,11,True,"[0.028, 0.225, 0.972]","[0.039, -0.0392]",null,,,,10,10,False,False,True,False,True,True,True,True,False,False,False,3,4,1,0,1,1,CONDITIONING_CHANGE|SEQUENCE_COMPOSITION|DYNAMIC_REPLANNING|RESET_REALIGNMENT,RPS_REPICK(重抓重放),False,False,approach approach pick
snap_04,5,4,RELEASE_PREDICATE_STALL,P1_RPS_REPICK,6,9,True,"[0.058, 0.196, 0.984]","[0.039, -0.0392]",null,,,,8,8,False,False,True,False,True,False,True,True,False,False,False,2,3,1,0,1,1,CONDITIONING_CHANGE|DYNAMIC_REPLANNING|RESET_REALIGNMENT,RPS_REPICK(重抓重放),False,False,approach pick
snap_05,5,2,RELEASE_PREDICATE_STALL,P1_RPS_REPICK,7,11,True,"[0.05, 0.194, 0.979]","[0.039, -0.0392]",null,,,,10,10,False,False,True,False,True,True,True,True,False,False,False,3,4,1,0,1,1,CONDITIONING_CHANGE|SEQUENCE_COMPOSITION|DYNAMIC_REPLANNING|RESET_REALIGNMENT,RPS_REPICK(重抓重放),False,False,approach approach pick
snap_06,5,10,FALSE_GRASP,P2_FG_RETRY,1,7,True,"[0.07, 0.104, 0.933]","[0.0304, -0.0207]",null,0.05111147090792656,0.0048732757568359375,3,6,6,True,True,True,True,True,True,True,True,False,False,False,5,11,6,2,1,3,CONDITIONING_CHANGE|SEQUENCE_COMPOSITION|DYNAMIC_REPLANNING|RESET_REALIGNMENT,FG_RESAMPLE_REPICK(重新定位+重抓),False,False,approach pick approach approach gripper
snap_07,5,3,RELEASE_PREDICATE_STALL,P1_RPS_REPICK,7,10,True,"[0.064, 0.185, 0.982]","[0.039, -0.0392]",null,,,,9,9,False,False,True,False,True,False,True,True,False,False,False,2,3,1,0,1,1,CONDITIONING_CHANGE|DYNAMIC_REPLANNING|RESET_REALIGNMENT,RPS_REPICK(重抓重放),False,False,approach pick
snap_08,5,7,RELEASE_PREDICATE_STALL,P1_RPS_REPICK,8,11,True,"[0.055, 0.266, 0.985]","[0.039, -0.0392]",null,,,,10,10,False,False,True,False,True,False,True,True,False,False,False,2,3,1,0,1,1,CONDITIONING_CHANGE|DYNAMIC_REPLANNING|RESET_REALIGNMENT,RPS_REPICK(重抓重放),False,False,approach pick
snap_09,9,10,RELEASE_PREDICATE_STALL,P1_RPS_REPICK,10,14,True,"[-0.038, 0.188, 1.023]","[0.0391, -0.0397]",null,,,,13,13,False,False,True,False,True,True,True,True,False,False,False,3,6,3,2,1,1,CONDITIONING_CHANGE|SEQUENCE_COMPOSITION|DYNAMIC_REPLANNING|RESET_REALIGNMENT,RPS_REPICK(重抓重放),False,False,approach approach pick
snap_10,5,8,RELEASE_PREDICATE_STALL,P1_RPS_REPICK,8,11,True,"[0.028, 0.211, 0.964]","[0.039, -0.0392]",null,,,,10,10,False,False,True,False,True,False,True,True,False,False,False,2,3,1,0,1,1,CONDITIONING_CHANGE|DYNAMIC_REPLANNING|RESET_REALIGNMENT,RPS_REPICK(重抓重放),False,False,approach pick
snap_11,5,13,RELEASE_PREDICATE_STALL,P1_RPS_REPICK,8,12,True,"[0.078, 0.269, 0.968]","[0.039, -0.0392]",null,,,,11,11,False,False,True,False,True,True,False,True,False,False,False,3,3,0,0,1,1,CONDITIONING_CHANGE|SEQUENCE_COMPOSITION|RESET_REALIGNMENT,RPS_REPICK(重抓重放),False,False,approach approach pick
snap_12,9,16,RELEASE_PREDICATE_STALL,P1_RPS_REPICK,10,13,True,"[0.041, 0.194, 0.963]","[0.0395, -0.04]",null,,,,12,12,False,False,True,False,True,False,True,True,False,True,False,2,3,1,0,1,1,CONDITIONING_CHANGE|DYNAMIC_REPLANNING|RESET_REALIGNMENT,RPS_PROCEED_DOUBLED(直接换位技能),False,False,approach doubled
snap_13,9,20,RELEASE_PREDICATE_STALL,P1_RPS_REPICK,10,13,True,"[-0.038, 0.198, 1.02]","[0.039, -0.04]",null,,,,12,12,False,False,True,False,True,False,False,True,False,True,False,2,2,0,0,1,1,CONDITIONING_CHANGE|RESET_REALIGNMENT,RPS_PROCEED_DOUBLED(直接换位技能),False,False,approach doubled
snap_14,3,19,FALSE_GRASP,P2_FG_RETRY,4,12,True,"[0.07, -0.274, 1.16]","[0.0254, -0.0254]",null,0.0019379500299692154,0.09800088405609131,10,11,11,True,True,True,True,True,True,True,False,False,False,False,7,11,4,1,2,5,CONDITIONING_CHANGE|SEQUENCE_COMPOSITION|DYNAMIC_REPLANNING,FG_RESAMPLE_REPICK(重新定位+重抓),True,False,approach pick gripper approach approach pick gripper
snap_15,3,4,FALSE_GRASP,P2_FG_RETRY,6,12,True,"[0.124, 0.08, 1.258]","[0.0024, -0.0027]",null,0.004058022517710924,0.13195562362670898,,11,11,False,True,False,False,True,True,True,False,True,False,False,5,9,4,2,0,2,SEQUENCE_COMPOSITION|DYNAMIC_REPLANNING,FG_HELD_AND_PLACE(失败即持有→直接放置/释放),True,True,gripper approach approach approach gripper
snap_16,3,8,FALSE_GRASP,P2_FG_RETRY,4,6,True,"[0.057, 0.257, 0.943]","[0.0024, -0.0029]",null,0.005010061897337437,0.0,,5,5,False,False,False,False,False,False,False,False,True,False,False,1,1,0,0,0,0,UNRESOLVED,FG_HELD_AND_PLACE(失败即持有→直接放置/释放),True,True,gripper
snap_17,3,12,FALSE_GRASP,P2_FG_RETRY,4,12,True,"[0.017, -0.25, 1.216]","[0.0389, -0.039]",null,0.0020271074026823044,0.07170653343200684,6,11,11,True,True,True,True,True,True,True,False,False,False,False,7,14,7,3,2,5,CONDITIONING_CHANGE|SEQUENCE_COMPOSITION|DYNAMIC_REPLANNING,FG_RESAMPLE_REPICK(重新定位+重抓),True,False,approach pick approach approach gripper approach pick
snap_18,9,2,RELEASE_PREDICATE_STALL,P1_RPS_REPICK,10,13,True,"[-0.064, 0.25, 1.006]","[0.0394, -0.0398]",null,,,,12,12,False,False,True,False,True,False,False,False,False,True,False,2,2,0,0,1,1,CONDITIONING_CHANGE,RPS_PROCEED_DOUBLED(直接换位技能),False,False,approach doubled
snap_19,3,11,FALSE_GRASP,P2_FG_RETRY,4,13,True,"[0.061, -0.285, 1.196]","[0.039, -0.0392]",null,0.0023490216117352247,0.05382275581359863,6,12,12,True,True,True,True,True,True,True,True,False,False,True,8,12,4,2,1,5,CONDITIONING_CHANGE|SEQUENCE_COMPOSITION|DYNAMIC_REPLANNING|RESET_REALIGNMENT,FG_RESAMPLE_REPICK(重新定位+重抓),True,False,place pick gripper realign approach approach approach gripper
snap_20,3,1,FALSE_GRASP,P2_FG_RETRY,3,6,True,"[0.01, -0.212, 1.242]","[0.0059, -0.0064]",null,0.0016880371840670705,0.06684648990631104,,5,5,True,True,True,True,True,False,False,False,False,False,False,2,2,0,0,1,1,CONDITIONING_CHANGE,FG_RESAMPLE_REPICK(重新定位+重抓),True,False,approach pick
snap_21,3,3,FALSE_GRASP,P2_FG_RETRY,3,13,True,"[0.054, -0.249, 1.221]","[0.0389, -0.0392]",null,0.0014861768577247858,0.11276650428771973,7,12,12,True,True,True,True,True,True,True,False,False,False,False,9,10,1,0,1,6,SAMPLING_LIKE|CONDITIONING_CHANGE|SEQUENCE_COMPOSITION|DYNAMIC_REPLANNING,FG_RESAMPLE_REPICK(重新定位+重抓),True,False,approach pick approach pick gripper approach approach approach gripper
snap_22,3,5,FALSE_GRASP,P2_FG_RETRY,4,10,True,"[0.026, -0.271, 1.217]","[0.0242, -0.0242]",null,0.0015115711139515042,0.07686662673950195,6,9,9,True,True,True,True,True,True,True,False,False,False,False,5,9,4,2,1,4,CONDITIONING_CHANGE|SEQUENCE_COMPOSITION|DYNAMIC_REPLANNING,FG_RESAMPLE_REPICK(重新定位+重抓),True,False,approach pick gripper approach gripper
snap_23,3,9,FALSE_GRASP,P2_FG_RETRY,4,10,True,"[0.076, -0.013, 1.301]","[0.0023, -0.0028]",null,0.0012614906299859285,0.1614704132080078,,9,9,False,True,False,False,True,True,True,False,True,False,False,5,8,3,1,0,2,SEQUENCE_COMPOSITION|DYNAMIC_REPLANNING,FG_HELD_AND_PLACE(失败即持有→直接放置/释放),True,True,gripper approach approach approach gripper
