# stageN1_split_manifest | seed=20261003 | N=24 | P1=12 P2=12
# sha256(以下全部字节)=3a4fcff4af09367ffd0e37ae003dda6b2c298fad623fd48820ef53a3bc22cf5b
snapshot_id,procedure,segment_id,episode_dir,family,task,seed,t0,tR,tercile,primitive_count
"snap_00","P2_FG_RETRY","20260907-03:22:59_glm-5.3-flash_armB_libero_spatial_task_t9_s9_r2#f0","/workspace/yjx/workspace/RPent/logs/ovpm_exp/20260907-03:22:59_glm-5.3-flash_armB_libero_spatial_task_t9_s9_r2","FALSE_GRASP","9","9","4","6","S","2"
"snap_01","P2_FG_RETRY","20260907-17:36:15_glm-5.3-flash_armC_libero_spatial_task_t9_s4_r2#f2","/workspace/yjx/workspace/RPent/logs/ovpm_exp/20260907-17:36:15_glm-5.3-flash_armC_libero_spatial_task_t9_s4_r2","FALSE_GRASP","9","4","12","17","S","5"
"snap_02","P1_RPS_REPICK","20260915-15:01:23_glm-5.3-flash_armB2_libero_spatial_task_t9_s7_r2#f0","/workspace/yjx/workspace/RPent/logs/ovpm_exp/20260915-15:01:23_glm-5.3-flash_armB2_libero_spatial_task_t9_s7_r2","RELEASE_PREDICATE_STALL","9","7","11","13","S","2"
"snap_03","P1_RPS_REPICK","20260915-18:12:34_glm-5.3-flash_armA_libero_spatial_task_t5_s5_r1#f0","/workspace/yjx/workspace/RPent/logs/ovpm_exp/20260915-18:12:34_glm-5.3-flash_armA_libero_spatial_task_t5_s5_r1","RELEASE_PREDICATE_STALL","5","5","7","10","L","3"
"snap_04","P1_RPS_REPICK","20260916-04:38:31_glm-5.3-flash_armB_libero_spatial_task_t5_s4_r1#f0","/workspace/yjx/workspace/RPent/logs/ovpm_exp/20260916-04:38:31_glm-5.3-flash_armB_libero_spatial_task_t5_s4_r1","RELEASE_PREDICATE_STALL","5","4","6","8","S","2"
"snap_05","P1_RPS_REPICK","20260916-07:01:11_glm-5.3-flash_armB2_libero_spatial_task_t5_s2_r1#f0","/workspace/yjx/workspace/RPent/logs/ovpm_exp/20260916-07:01:11_glm-5.3-flash_armB2_libero_spatial_task_t5_s2_r1","RELEASE_PREDICATE_STALL","5","2","7","10","L","3"
"snap_06","P2_FG_RETRY","20260916-07:39:29_glm-5.3-flash_armB2_libero_spatial_task_t5_s10_r1#f0","/workspace/yjx/workspace/RPent/logs/ovpm_exp/20260916-07:39:29_glm-5.3-flash_armB2_libero_spatial_task_t5_s10_r1","FALSE_GRASP","5","10","1","6","M","5"
"snap_07","P1_RPS_REPICK","20260916-08:04:05_glm-5.3-flash_armB2_libero_spatial_task_t5_s3_r1#f0","/workspace/yjx/workspace/RPent/logs/ovpm_exp/20260916-08:04:05_glm-5.3-flash_armB2_libero_spatial_task_t5_s3_r1","RELEASE_PREDICATE_STALL","5","3","7","9","S","2"
"snap_08","P1_RPS_REPICK","20260917-06:09:48_glm-5.3-flash_memB1_libero_spatial_task_t5_s7_r1#f0","/workspace/yjx/workspace/RPent/logs/ovpm_exp/20260917-06:09:48_glm-5.3-flash_memB1_libero_spatial_task_t5_s7_r1","RELEASE_PREDICATE_STALL","5","7","8","10","S","2"
"snap_09","P1_RPS_REPICK","20260917-13:23:56_glm-5.3-flash_memB3_libero_spatial_task_t9_s10_r1#f0","/workspace/yjx/workspace/RPent/logs/ovpm_exp/20260917-13:23:56_glm-5.3-flash_memB3_libero_spatial_task_t9_s10_r1","RELEASE_PREDICATE_STALL","9","10","10","13","L","3"
"snap_10","P1_RPS_REPICK","20260918-09:48:43_glm-5.3-flash_memO2_libero_spatial_task_t5_s8_r1#f0","/workspace/yjx/workspace/RPent/logs/ovpm_exp/20260918-09:48:43_glm-5.3-flash_memO2_libero_spatial_task_t5_s8_r1","RELEASE_PREDICATE_STALL","5","8","8","10","M","2"
"snap_11","P1_RPS_REPICK","20260922-03:21:14_glm-5.3-flash_g05P0_libero_spatial_task_t5_s13_r1#f0","/workspace/yjx/workspace/RPent/logs/ovpm_exp/20260922-03:21:14_glm-5.3-flash_g05P0_libero_spatial_task_t5_s13_r1","RELEASE_PREDICATE_STALL","5","13","8","11","L","3"
"snap_12","P1_RPS_REPICK","20260922-04:05:27_glm-5.3-flash_g05P0_libero_spatial_task_t9_s16_r1#f0","/workspace/yjx/workspace/RPent/logs/ovpm_exp/20260922-04:05:27_glm-5.3-flash_g05P0_libero_spatial_task_t9_s16_r1","RELEASE_PREDICATE_STALL","9","16","10","12","M","2"
"snap_13","P1_RPS_REPICK","20260922-04:53:54_glm-5.3-flash_g05P0_libero_spatial_task_t9_s20_r1#f0","/workspace/yjx/workspace/RPent/logs/ovpm_exp/20260922-04:53:54_glm-5.3-flash_g05P0_libero_spatial_task_t9_s20_r1","RELEASE_PREDICATE_STALL","9","20","10","12","M","2"
"snap_14","P2_FG_RETRY","20260928-14:51:26_glm-5.3-flash_h1G_libero_spatial_task_t3_s19_r1#f0","/workspace/yjx/workspace/RPent/logs/ovpm_exp/20260928-14:51:26_glm-5.3-flash_h1G_libero_spatial_task_t3_s19_r1","FALSE_GRASP","3","19","4","11","L","7"
"snap_15","P2_FG_RETRY","20260928-15:53:57_glm-5.3-flash_h1P2_libero_spatial_task_t3_s4_r1#f1","/workspace/yjx/workspace/RPent/logs/ovpm_exp/20260928-15:53:57_glm-5.3-flash_h1P2_libero_spatial_task_t3_s4_r1","FALSE_GRASP","3","4","6","11","M","5"
"snap_16","P2_FG_RETRY","20260928-15:59:57_glm-5.3-flash_h1P2_libero_spatial_task_t3_s8_r1#f1","/workspace/yjx/workspace/RPent/logs/ovpm_exp/20260928-15:59:57_glm-5.3-flash_h1P2_libero_spatial_task_t3_s8_r1","FALSE_GRASP","3","8","4","5","S","1"
"snap_17","P2_FG_RETRY","20260928-16:51:47_glm-5.3-flash_h1P2_libero_spatial_task_t3_s12_r1#f0","/workspace/yjx/workspace/RPent/logs/ovpm_exp/20260928-16:51:47_glm-5.3-flash_h1P2_libero_spatial_task_t3_s12_r1","FALSE_GRASP","3","12","4","11","L","7"
"snap_18","P1_RPS_REPICK","20260928-17:42:42_glm-5.3-flash_h1P2_libero_spatial_task_t9_s2_r1#f0","/workspace/yjx/workspace/RPent/logs/ovpm_exp/20260928-17:42:42_glm-5.3-flash_h1P2_libero_spatial_task_t9_s2_r1","RELEASE_PREDICATE_STALL","9","2","10","12","M","2"
"snap_19","P2_FG_RETRY","20260928-19:47:57_glm-5.3-flash_h1C_libero_spatial_task_t3_s11_r1#f0","/workspace/yjx/workspace/RPent/logs/ovpm_exp/20260928-19:47:57_glm-5.3-flash_h1C_libero_spatial_task_t3_s11_r1","FALSE_GRASP","3","11","4","12","L","8"
"snap_20","P2_FG_RETRY","20260928-21:53:06_glm-5.3-flash_h1G_libero_spatial_task_t3_s1_r1#f0","/workspace/yjx/workspace/RPent/logs/ovpm_exp/20260928-21:53:06_glm-5.3-flash_h1G_libero_spatial_task_t3_s1_r1","FALSE_GRASP","3","1","3","5","S","2"
"snap_21","P2_FG_RETRY","20260928-22:05:33_glm-5.3-flash_h1G_libero_spatial_task_t3_s3_r1#f0","/workspace/yjx/workspace/RPent/logs/ovpm_exp/20260928-22:05:33_glm-5.3-flash_h1G_libero_spatial_task_t3_s3_r1","FALSE_GRASP","3","3","3","12","L","9"
"snap_22","P2_FG_RETRY","20260929-04:39:00_glm-5.3-flash_h1C_libero_spatial_task_t3_s5_r1#f0","/workspace/yjx/workspace/RPent/logs/ovpm_exp/20260929-04:39:00_glm-5.3-flash_h1C_libero_spatial_task_t3_s5_r1","FALSE_GRASP","3","5","4","9","M","5"
"snap_23","P2_FG_RETRY","20260929-05:18:35_glm-5.3-flash_h1G_libero_spatial_task_t3_s9_r1#f0","/workspace/yjx/workspace/RPent/logs/ovpm_exp/20260929-05:18:35_glm-5.3-flash_h1G_libero_spatial_task_t3_s9_r1","FALSE_GRASP","3","9","4","9","M","5"
