K,snapshot_id,edge_id,n,n_infra_excluded,p_verified,ci_half_verified,p_no,ci_half_no,p_harm,ci_half_harm,p_error,ci_half_error,p3_verified,p3_no,p3_harm
2,t3s2h1CT2,FG-1,2,0,0.0,0.3288,1.0,0.3288,0.0,0.3288,0.0,0.3288,0.0,1.0,0.0
2,t3s2h1CT2,FG-3,2,0,0.5,0.4055,0.5,0.4055,0.0,0.3288,0.0,0.3288,0.5,0.5,0.0
2,t3s2h1P2T3,FG-1,2,0,0.0,0.3288,1.0,0.3288,0.0,0.3288,0.0,0.3288,0.0,1.0,0.0
2,t3s2h1P2T3,FG-3,2,0,1.0,0.3288,0.0,0.3288,0.0,0.3288,0.0,0.3288,1.0,0.0,0.0
2,t3s5h1P2T12,RS-1,2,0,0.0,0.3288,1.0,0.3288,0.0,0.3288,0.0,0.3288,0.0,1.0,0.0
2,t3s5h1P2T12,RS-2,2,0,0.0,0.3288,1.0,0.3288,0.0,0.3288,0.0,0.3288,0.0,1.0,0.0
2,t3s5h1P2T12,RS-3,2,0,0.0,0.3288,1.0,0.3288,0.0,0.3288,0.0,0.3288,0.0,1.0,0.0
2,t3s7h1P2T12,RS-1,2,0,0.0,0.3288,1.0,0.3288,0.0,0.3288,0.0,0.3288,0.0,1.0,0.0
2,t3s7h1P2T12,RS-2,2,0,0.0,0.3288,0.0,0.3288,1.0,0.3288,0.0,0.3288,0.0,0.0,1.0
2,t3s7h1P2T12,RS-3,2,0,0.0,0.3288,1.0,0.3288,0.0,0.3288,0.0,0.3288,0.0,1.0,0.0
2,t9s5h1P2T12,CS-1,2,0,0.0,0.3288,1.0,0.3288,0.0,0.3288,0.0,0.3288,0.0,1.0,0.0
2,t9s5h1P2T12,CS-2,2,0,1.0,0.3288,0.0,0.3288,0.0,0.3288,0.0,0.3288,1.0,0.0,0.0
2,t9s5h1P2T12,CS-3,2,0,1.0,0.3288,0.0,0.3288,0.0,0.3288,0.0,0.3288,1.0,0.0,0.0
2,t9s8h1CT12,CS-1,2,0,0.0,0.3288,1.0,0.3288,0.0,0.3288,0.0,0.3288,0.0,1.0,0.0
2,t9s8h1CT12,CS-2,2,0,0.0,0.3288,1.0,0.3288,0.0,0.3288,0.0,0.3288,0.0,1.0,0.0
2,t9s8h1CT12,CS-3,2,0,0.5,0.4055,0.5,0.4055,0.0,0.3288,0.0,0.3288,0.5,0.5,0.0
4,t3s2h1CT2,FG-1,4,0,0.0,0.245,1.0,0.245,0.0,0.245,0.0,0.245,0.0,1.0,0.0
4,t3s2h1CT2,FG-3,4,0,0.75,0.3269,0.25,0.3269,0.0,0.245,0.0,0.245,0.75,0.25,0.0
4,t3s2h1P2T3,FG-1,4,0,0.0,0.245,1.0,0.245,0.0,0.245,0.0,0.245,0.0,1.0,0.0
4,t3s2h1P2T3,FG-3,4,0,0.5,0.35,0.5,0.35,0.0,0.245,0.0,0.245,0.5,0.5,0.0
4,t3s5h1P2T12,RS-1,4,0,0.0,0.245,1.0,0.245,0.0,0.245,0.0,0.245,0.0,1.0,0.0
4,t3s5h1P2T12,RS-2,4,0,0.0,0.245,1.0,0.245,0.0,0.245,0.0,0.245,0.0,1.0,0.0
4,t3s5h1P2T12,RS-3,4,0,0.0,0.245,1.0,0.245,0.0,0.245,0.0,0.245,0.0,1.0,0.0
4,t3s7h1P2T12,RS-1,4,0,0.0,0.245,1.0,0.245,0.0,0.245,0.0,0.245,0.0,1.0,0.0
4,t3s7h1P2T12,RS-2,4,0,0.0,0.245,0.0,0.245,1.0,0.245,0.0,0.245,0.0,0.0,1.0
4,t3s7h1P2T12,RS-3,4,0,0.0,0.245,1.0,0.245,0.0,0.245,0.0,0.245,0.0,1.0,0.0
4,t9s5h1P2T12,CS-1,4,0,0.0,0.245,1.0,0.245,0.0,0.245,0.0,0.245,0.0,1.0,0.0
4,t9s5h1P2T12,CS-2,4,0,1.0,0.245,0.0,0.245,0.0,0.245,0.0,0.245,1.0,0.0,0.0
4,t9s5h1P2T12,CS-3,4,0,1.0,0.245,0.0,0.245,0.0,0.245,0.0,0.245,1.0,0.0,0.0
4,t9s8h1CT12,CS-1,4,0,0.0,0.245,1.0,0.245,0.0,0.245,0.0,0.245,0.0,1.0,0.0
4,t9s8h1CT12,CS-2,4,0,0.0,0.245,1.0,0.245,0.0,0.245,0.0,0.245,0.0,1.0,0.0
4,t9s8h1CT12,CS-3,4,0,0.5,0.35,0.5,0.35,0.0,0.245,0.0,0.245,0.5,0.5,0.0
8,t3s2h1CT2,FG-1,8,0,0.0,0.1622,1.0,0.1622,0.0,0.1622,0.0,0.1622,0.0,1.0,0.0
8,t3s2h1CT2,FG-3,8,0,0.875,0.2242,0.125,0.2242,0.0,0.1622,0.0,0.1622,0.875,0.125,0.0
8,t3s2h1P2T3,FG-1,8,0,0.0,0.1622,1.0,0.1622,0.0,0.1622,0.0,0.1622,0.0,1.0,0.0
8,t3s2h1P2T3,FG-3,8,0,0.625,0.2787,0.375,0.2787,0.0,0.1622,0.0,0.1622,0.625,0.375,0.0
8,t3s5h1P2T12,RS-1,8,0,0.0,0.1622,1.0,0.1622,0.0,0.1622,0.0,0.1622,0.0,1.0,0.0
8,t3s5h1P2T12,RS-2,8,0,0.0,0.1622,1.0,0.1622,0.0,0.1622,0.0,0.1622,0.0,1.0,0.0
8,t3s5h1P2T12,RS-3,8,0,0.0,0.1622,1.0,0.1622,0.0,0.1622,0.0,0.1622,0.0,1.0,0.0
8,t3s7h1P2T12,RS-1,8,0,0.0,0.1622,1.0,0.1622,0.0,0.1622,0.0,0.1622,0.0,1.0,0.0
8,t3s7h1P2T12,RS-2,8,0,0.0,0.1622,0.0,0.1622,1.0,0.1622,0.0,0.1622,0.0,0.0,1.0
8,t3s7h1P2T12,RS-3,8,0,0.0,0.1622,1.0,0.1622,0.0,0.1622,0.0,0.1622,0.0,1.0,0.0
8,t9s5h1P2T12,CS-1,8,0,0.0,0.1622,1.0,0.1622,0.0,0.1622,0.0,0.1622,0.0,1.0,0.0
8,t9s5h1P2T12,CS-2,8,0,1.0,0.1622,0.0,0.1622,0.0,0.1622,0.0,0.1622,1.0,0.0,0.0
8,t9s5h1P2T12,CS-3,8,0,1.0,0.1622,0.0,0.1622,0.0,0.1622,0.0,0.1622,1.0,0.0,0.0
8,t9s8h1CT12,CS-1,8,0,0.0,0.1622,1.0,0.1622,0.0,0.1622,0.0,0.1622,0.0,1.0,0.0
8,t9s8h1CT12,CS-2,8,0,0.375,0.2787,0.625,0.2787,0.0,0.1622,0.0,0.1622,0.375,0.625,0.0
8,t9s8h1CT12,CS-3,8,0,0.5,0.2848,0.5,0.2848,0.0,0.1622,0.0,0.1622,0.5,0.5,0.0
12,t3s2h1CT2,FG-1,12,0,0.0,0.1213,1.0,0.1213,0.0,0.1213,0.0,0.1213,0.0,1.0,0.0
12,t3s2h1CT2,FG-3,12,0,0.75,0.2217,0.1667,0.2005,0.0833,0.1695,0.0,0.1213,0.75,0.1667,0.0833
12,t3s2h1P2T3,FG-1,12,0,0.0,0.1213,1.0,0.1213,0.0,0.1213,0.0,0.1213,0.0,1.0,0.0
12,t3s2h1P2T3,FG-3,12,0,0.75,0.2217,0.25,0.2217,0.0,0.1213,0.0,0.1213,0.75,0.25,0.0
12,t3s5h1P2T12,RS-1,12,0,0.0,0.1213,1.0,0.1213,0.0,0.1213,0.0,0.1213,0.0,1.0,0.0
12,t3s5h1P2T12,RS-2,12,0,0.0,0.1213,1.0,0.1213,0.0,0.1213,0.0,0.1213,0.0,1.0,0.0
12,t3s5h1P2T12,RS-3,12,0,0.0,0.1213,1.0,0.1213,0.0,0.1213,0.0,0.1213,0.0,1.0,0.0
12,t3s7h1P2T12,RS-1,12,0,0.0,0.1213,1.0,0.1213,0.0,0.1213,0.0,0.1213,0.0,1.0,0.0
12,t3s7h1P2T12,RS-2,12,0,0.0,0.1213,0.0,0.1213,1.0,0.1213,0.0,0.1213,0.0,0.0,1.0
12,t3s7h1P2T12,RS-3,12,0,0.0,0.1213,1.0,0.1213,0.0,0.1213,0.0,0.1213,0.0,1.0,0.0
12,t9s5h1P2T12,CS-1,12,0,0.0,0.1213,1.0,0.1213,0.0,0.1213,0.0,0.1213,0.0,1.0,0.0
12,t9s5h1P2T12,CS-2,12,0,1.0,0.1213,0.0,0.1213,0.0,0.1213,0.0,0.1213,1.0,0.0,0.0
12,t9s5h1P2T12,CS-3,12,0,1.0,0.1213,0.0,0.1213,0.0,0.1213,0.0,0.1213,1.0,0.0,0.0
12,t9s8h1CT12,CS-1,12,0,0.0,0.1213,1.0,0.1213,0.0,0.1213,0.0,0.1213,0.0,1.0,0.0
12,t9s8h1CT12,CS-2,12,0,0.5,0.2462,0.5,0.2462,0.0,0.1213,0.0,0.1213,0.5,0.5,0.0
12,t9s8h1CT12,CS-3,12,0,0.5833,0.2436,0.4167,0.2436,0.0,0.1213,0.0,0.1213,0.5833,0.4167,0.0
16,t3s2h1CT2,FG-1,16,0,0.0,0.0968,1.0,0.0968,0.0,0.0968,0.0,0.0968,0.0,1.0,0.0
16,t3s2h1CT2,FG-3,16,0,0.75,0.1966,0.125,0.1626,0.125,0.1626,0.0,0.0968,0.75,0.125,0.125
16,t3s2h1P2T3,FG-1,16,0,0.0,0.0968,1.0,0.0968,0.0,0.0968,0.0,0.0968,0.0,1.0,0.0
16,t3s2h1P2T3,FG-3,16,0,0.75,0.1966,0.25,0.1966,0.0,0.0968,0.0,0.0968,0.75,0.25,0.0
16,t3s5h1P2T12,RS-1,16,0,0.0,0.0968,1.0,0.0968,0.0,0.0968,0.0,0.0968,0.0,1.0,0.0
16,t3s5h1P2T12,RS-2,16,0,0.0,0.0968,1.0,0.0968,0.0,0.0968,0.0,0.0968,0.0,1.0,0.0
16,t3s5h1P2T12,RS-3,16,0,0.0,0.0968,1.0,0.0968,0.0,0.0968,0.0,0.0968,0.0,1.0,0.0
16,t3s7h1P2T12,RS-1,16,0,0.0,0.0968,1.0,0.0968,0.0,0.0968,0.0,0.0968,0.0,1.0,0.0
16,t3s7h1P2T12,RS-2,16,0,0.0,0.0968,0.0,0.0968,1.0,0.0968,0.0,0.0968,0.0,0.0,1.0
16,t3s7h1P2T12,RS-3,16,0,0.0,0.0968,1.0,0.0968,0.0,0.0968,0.0,0.0968,0.0,1.0,0.0
16,t9s5h1P2T12,CS-1,16,0,0.0,0.0968,1.0,0.0968,0.0,0.0968,0.0,0.0968,0.0,1.0,0.0
16,t9s5h1P2T12,CS-2,16,0,1.0,0.0968,0.0,0.0968,0.0,0.0968,0.0,0.0968,1.0,0.0,0.0
16,t9s5h1P2T12,CS-3,16,0,1.0,0.0968,0.0,0.0968,0.0,0.0968,0.0,0.0968,1.0,0.0,0.0
16,t9s8h1CT12,CS-1,16,0,0.0,0.0968,1.0,0.0968,0.0,0.0968,0.0,0.0968,0.0,1.0,0.0
16,t9s8h1CT12,CS-2,16,0,0.5625,0.2186,0.4375,0.2186,0.0,0.0968,0.0,0.0968,0.5625,0.4375,0.0
16,t9s8h1CT12,CS-3,16,0,0.625,0.2144,0.375,0.2144,0.0,0.0968,0.0,0.0968,0.625,0.375,0.0
