segment_id,task,seed,family,node,t0,tR,tR_reason,tR_offset,pre_sig,primitive_count,n_information_events,n_observe,n_grounding,n_verifier,n_state_update,n_dependent,n_unresolved,n_noninformative,n_independent,segment_label,dependency_types,fired_detectors,machine_class,unknown_rate
20260905-21:10:40_glm-5.3-flash_vanilla_libero_spatial_task_t9_s4_r1#f0,9,4,FALSE_GRASP,FALSE_GRASP,4,6,pick_lift,2,move|pick,2,3,1,1,1,0,3,0,0,0,DEPENDENT,"['observation_gate', 'pose_update', 'retry_fallback', 'verifier_branch']","['A′', 'B′', 'D′+']",DEPENDENT,0.0
20260906-06:53:56_glm-5.3-flash_vanilla_libero_spatial_task_t9_s9_r1#f0,9,9,RELEASE_PREDICATE_STALL,RELEASE_PREDICATE_STALL,8,11,terminated,3,move|gripper,3,4,1,1,2,0,3,0,1,0,DEPENDENT,"['observation_gate', 'parameter_update', 'pose_update', 'retry_fallback', 'verifier_branch']","['A′', 'B′', 'D′+']",DEPENDENT,0.0
20260906-11:23:01_glm-5.3-flash_armA_libero_spatial_task_t9_s1_r1#f0,9,1,RELEASE_PREDICATE_STALL,RELEASE_PREDICATE_STALL,7,9,terminated,2,move|gripper,2,2,1,0,1,0,2,0,0,0,DEPENDENT,"['observation_gate', 'verifier_branch']","['A′', 'D′+']",DEPENDENT,0.0
20260906-12:06:17_glm-5.3-flash_armA_libero_spatial_task_t9_s4_r1#f0,9,4,FALSE_GRASP,FALSE_GRASP,4,7,pick_lift,3,move|pick,3,2,1,0,1,0,1,0,1,0,DEPENDENT,"['observation_gate', 'retry_fallback']",['A′'],DEPENDENT,0.0
20260906-18:14:55_glm-5.3-flash_armB_libero_spatial_task_t9_s1_r1#f0,9,1,FALSE_GRASP,FALSE_GRASP,2,9,terminated,7,move|pick,7,9,3,1,5,0,5,1,3,0,DEPENDENT,"['observation_gate', 'parameter_update', 'pose_update', 'retry_fallback']","['A′', 'B′', 'D′']",DEPENDENT,0.111
20260906-19:01:04_glm-5.3-flash_armB_libero_spatial_task_t9_s4_r1#f1,9,4,MOVE_CONTACT_STALL,MOVE_STALL,7,10,,,,,0,,,,,,,,,UNRESOLVED,,,UNRESOLVED,0.0
20260906-19:16:37_glm-5.3-flash_armB_libero_spatial_task_t9_s4_r2#f0,9,4,FALSE_GRASP,FALSE_GRASP,2,14,,,,,0,,,,,,,,,UNRESOLVED,,,UNRESOLVED,0.0
20260906-19:16:37_glm-5.3-flash_armB_libero_spatial_task_t9_s4_r2#f1,9,4,RELEASE_PREDICATE_STALL,RELEASE_PREDICATE_STALL,8,14,,,,,0,,,,,,,,,UNRESOLVED,,,UNRESOLVED,0.0
20260906-19:16:37_glm-5.3-flash_armB_libero_spatial_task_t9_s4_r2#f2,9,4,FALSE_GRASP,FALSE_GRASP,10,14,,,,,0,,,,,,,,,UNRESOLVED,,,UNRESOLVED,0.0
20260906-19:16:37_glm-5.3-flash_armB_libero_spatial_task_t9_s4_r2#f3,9,4,FALSE_GRASP,FALSE_GRASP,12,14,,,,,0,,,,,,,,,UNRESOLVED,,,UNRESOLVED,0.0
20260906-20:31:25_glm-5.3-flash_armB_libero_spatial_task_t9_s9_r3#f0,9,9,RELEASE_PREDICATE_STALL,RELEASE_PREDICATE_STALL,9,12,terminated,3,move|gripper,3,4,1,1,2,0,3,0,1,0,DEPENDENT,"['observation_gate', 'parameter_update', 'pose_update', 'retry_fallback', 'verifier_branch']","['A′', 'B′', 'D′+']",DEPENDENT,0.0
20260906-20:39:32_glm-5.3-flash_armB_libero_spatial_task_t9_s10_r1#f0,9,10,FALSE_GRASP,FALSE_GRASP,5,11,terminated,6,move|pick,6,9,4,2,3,0,7,0,2,0,DEPENDENT,"['observation_gate', 'parameter_update', 'pose_update', 'retry_fallback', 'verifier_branch']","['A′', 'B′', 'D′+']",DEPENDENT,0.0
20260906-22:41:42_glm-5.3-flash_armA_libero_spatial_task_t9_s1_r3#f0,9,1,FALSE_GRASP,FALSE_GRASP,5,10,,,,,0,,,,,,,,,UNRESOLVED,,,UNRESOLVED,0.0
20260907-03:22:59_glm-5.3-flash_armB_libero_spatial_task_t9_s9_r2#f0,9,9,FALSE_GRASP,FALSE_GRASP,4,6,pick_lift,2,move|pick,2,3,1,1,1,0,2,0,1,0,DEPENDENT,"['observation_gate', 'pose_update', 'retry_fallback']","['A′', 'B′']",DEPENDENT,0.0
20260907-03:59:25_glm-5.3-flash_armA_libero_spatial_task_t9_s1_r2#f0,9,1,RELEASE_PREDICATE_STALL,RELEASE_PREDICATE_STALL,9,14,terminated,5,move|gripper,5,5,1,0,4,0,2,0,3,0,DEPENDENT,"['observation_gate', 'parameter_update', 'verifier_branch']","['A′', 'D′+']",DEPENDENT,0.0
20260907-07:46:28_glm-5.3-flash_armB_libero_spatial_task_t9_s7_r3#f0,9,7,RELEASE_PREDICATE_STALL,RELEASE_PREDICATE_STALL,11,16,terminated,5,move|gripper,5,7,3,0,4,0,4,1,2,0,DEPENDENT,"['observation_gate', 'parameter_update', 'retry_fallback', 'verifier_branch']","['A′', 'D′+']",DEPENDENT,0.143
20260907-07:46:28_glm-5.3-flash_armB_libero_spatial_task_t9_s7_r3#f1,9,7,MOVE_CONTACT_STALL,CONTACT_STALL,13,16,terminated,3,move|pick,3,4,2,0,2,0,3,0,1,0,DEPENDENT,"['observation_gate', 'retry_fallback', 'verifier_branch']","['A′', 'D′+']",DEPENDENT,0.0
20260907-11:42:31_glm-5.3-flash_armC_libero_spatial_task_t9_s1_r2#f0,9,1,FALSE_GRASP,FALSE_GRASP,2,14,terminated,12,move|pick,12,15,3,4,8,0,10,1,4,0,DEPENDENT,"['observation_gate', 'parameter_update', 'pose_update', 'retry_fallback', 'verifier_branch']","['A′', 'B′', 'D′+']",DEPENDENT,0.067
20260907-11:42:31_glm-5.3-flash_armC_libero_spatial_task_t9_s1_r2#f1,9,1,RELEASE_PREDICATE_STALL,RELEASE_PREDICATE_STALL,8,14,terminated,6,move|gripper,6,10,3,3,4,0,8,1,1,0,DEPENDENT,"['observation_gate', 'parameter_update', 'pose_update', 'retry_fallback', 'verifier_branch']","['A′', 'B′', 'D′+']",DEPENDENT,0.1
20260907-12:04:15_glm-5.3-flash_armC_libero_spatial_task_t9_s4_r1#f0,9,4,FALSE_GRASP,FALSE_GRASP,4,7,pick_lift,3,move|pick,3,3,1,0,2,0,3,0,0,0,DEPENDENT,"['observation_gate', 'parameter_update', 'verifier_branch']","['A′', 'D′+']",DEPENDENT,0.0
20260907-17:17:27_glm-5.3-flash_armC_libero_spatial_task_t9_s1_r2#f0,9,1,RELEASE_PREDICATE_STALL,RELEASE_PREDICATE_STALL,10,12,terminated,2,move|gripper,2,2,1,0,1,0,2,0,0,0,DEPENDENT,"['observation_gate', 'verifier_branch']","['A′', 'D′+']",DEPENDENT,0.0
20260907-17:36:15_glm-5.3-flash_armC_libero_spatial_task_t9_s4_r2#f0,9,4,FALSE_GRASP,FALSE_GRASP,3,17,terminated,14,move|pick,14,13,2,2,9,0,5,1,7,0,DEPENDENT,"['observation_gate', 'pose_update', 'retry_fallback']","['A′', 'B′', 'D′']",DEPENDENT,0.077
20260907-17:36:15_glm-5.3-flash_armC_libero_spatial_task_t9_s4_r2#f1,9,4,RELEASE_PREDICATE_STALL,RELEASE_PREDICATE_STALL,7,17,terminated,10,move|gripper,10,11,2,2,7,0,5,1,5,0,DEPENDENT,"['observation_gate', 'pose_update', 'retry_fallback']","['A′', 'B′', 'D′']",DEPENDENT,0.091
20260907-17:36:15_glm-5.3-flash_armC_libero_spatial_task_t9_s4_r2#f2,9,4,FALSE_GRASP,FALSE_GRASP,12,17,terminated,5,move|pick,5,4,1,0,3,0,1,0,3,0,DEPENDENT,"['observation_gate', 'retry_fallback']",['A′'],DEPENDENT,0.0
20260907-18:20:09_glm-5.3-flash_armC_libero_spatial_task_t9_s9_r1#f0,9,9,RELEASE_PREDICATE_STALL,RELEASE_PREDICATE_STALL,13,15,terminated,2,move|gripper,2,2,1,0,1,0,1,1,0,0,DEPENDENT,['observation_gate'],['A′'],DEPENDENT,0.5
20260907-18:29:08_glm-5.3-flash_armC_libero_spatial_task_t9_s10_r2#f0,9,10,MOVE_CONTACT_STALL,MOVE_STALL,9,17,move_ok,8,move|move,8,10,3,2,5,0,6,3,1,0,DEPENDENT,"['observation_gate', 'parameter_update', 'pose_update', 'retry_fallback']","['A′', 'B′', 'D′']",DEPENDENT,0.3
20260907-18:29:08_glm-5.3-flash_armC_libero_spatial_task_t9_s10_r2#f1,9,10,MOVE_CONTACT_STALL,MOVE_STALL,15,17,move_ok,2,move|move,2,0,0,0,0,0,0,0,0,0,INDEPENDENT,[],[],INDEPENDENT,0.0
20260915-11:12:33_glm-5.3-flash_armB2_libero_spatial_task_t9_s1_r2#f0,9,1,RELEASE_PREDICATE_STALL,RELEASE_PREDICATE_STALL,10,13,terminated,3,move|gripper,3,4,2,0,2,0,3,0,1,0,DEPENDENT,"['observation_gate', 'parameter_update', 'verifier_branch']","['A′', 'D′+']",DEPENDENT,0.0
20260915-12:05:07_glm-5.3-flash_armB2_libero_spatial_task_t9_s4_r2#f0,9,4,RELEASE_PREDICATE_STALL,RELEASE_PREDICATE_STALL,10,13,,,,,0,,,,,,,,,UNRESOLVED,,,UNRESOLVED,0.0
20260915-12:58:26_glm-5.3-flash_armB2_libero_spatial_task_t9_s7_r2#f0,9,7,RELEASE_PREDICATE_STALL,RELEASE_PREDICATE_STALL,8,11,,,,,0,,,,,,,,,UNRESOLVED,,,UNRESOLVED,0.0
20260915-13:38:33_glm-5.3-flash_armB2_libero_spatial_task_t9_s9_r3#f0,9,9,RELEASE_PREDICATE_STALL,RELEASE_PREDICATE_STALL,10,12,terminated,2,move|gripper,2,2,1,0,1,0,1,0,1,0,DEPENDENT,['observation_gate'],['A′'],DEPENDENT,0.0
20260915-13:45:52_glm-5.3-flash_armB2_libero_spatial_task_t9_s10_r2#f0,9,10,RELEASE_PREDICATE_STALL,RELEASE_PREDICATE_STALL,11,13,terminated,2,move|gripper,2,2,1,0,1,0,2,0,0,0,DEPENDENT,"['observation_gate', 'retry_fallback']","['A′', 'D′']",DEPENDENT,0.0
20260915-15:01:23_glm-5.3-flash_armB2_libero_spatial_task_t9_s7_r2#f0,9,7,RELEASE_PREDICATE_STALL,RELEASE_PREDICATE_STALL,11,13,terminated,2,move|gripper,2,2,1,0,1,0,2,0,0,0,DEPENDENT,"['observation_gate', 'verifier_branch']","['A′', 'D′+']",DEPENDENT,0.0
20260915-15:33:25_glm-5.3-flash_armB2_libero_spatial_task_t9_s10_r3#f0,9,10,RELEASE_PREDICATE_STALL,RELEASE_PREDICATE_STALL,9,12,terminated,3,move|gripper,3,5,1,2,2,0,4,0,1,0,DEPENDENT,"['observation_gate', 'parameter_update', 'pose_update', 'verifier_branch']","['A′', 'B′', 'D′+']",DEPENDENT,0.0
20260915-18:12:26_glm-5.3-flash_armA_libero_spatial_task_t5_s4_r1#f0,5,4,RELEASE_PREDICATE_STALL,RELEASE_PREDICATE_STALL,8,12,terminated,4,move|gripper,4,4,1,0,3,0,1,1,2,0,DEPENDENT,['observation_gate'],['A′'],DEPENDENT,0.25
20260915-18:12:26_glm-5.3-flash_armA_libero_spatial_task_t5_s4_r1#f1,5,4,FALSE_GRASP,FALSE_GRASP,11,12,terminated,1,move|pick,1,0,0,0,0,0,0,0,0,0,INDEPENDENT,[],[],INDEPENDENT,0.0
20260915-18:12:34_glm-5.3-flash_armA_libero_spatial_task_t5_s5_r1#f0,5,5,RELEASE_PREDICATE_STALL,RELEASE_PREDICATE_STALL,7,10,terminated,3,move|gripper,3,3,1,0,2,0,2,0,1,0,DEPENDENT,"['observation_gate', 'verifier_branch']","['A′', 'D′+']",DEPENDENT,0.0
20260916-04:38:31_glm-5.3-flash_armB_libero_spatial_task_t5_s4_r1#f0,5,4,RELEASE_PREDICATE_STALL,RELEASE_PREDICATE_STALL,6,8,terminated,2,move|gripper,2,2,1,0,1,0,2,0,0,0,DEPENDENT,"['observation_gate', 'verifier_branch']","['A′', 'D′+']",DEPENDENT,0.0
20260916-04:48:27_glm-5.3-flash_armB_libero_spatial_task_t5_s7_r1#f0,5,7,RELEASE_PREDICATE_STALL,RELEASE_PREDICATE_STALL,6,9,terminated,3,move|gripper,3,2,0,0,2,0,0,0,2,0,INDEPENDENT,[],[],INDEPENDENT,0.0
20260916-05:01:06_glm-5.3-flash_armB_libero_spatial_task_t5_s10_r1#f0,5,10,RELEASE_PREDICATE_STALL,RELEASE_PREDICATE_STALL,6,9,terminated,3,move|gripper,3,3,1,0,2,0,1,0,2,0,DEPENDENT,['observation_gate'],['A′'],DEPENDENT,0.0
20260916-07:01:11_glm-5.3-flash_armB2_libero_spatial_task_t5_s2_r1#f0,5,2,RELEASE_PREDICATE_STALL,RELEASE_PREDICATE_STALL,7,10,terminated,3,move|gripper,3,3,1,0,2,0,2,0,1,0,DEPENDENT,"['observation_gate', 'retry_fallback', 'verifier_branch']","['A′', 'D′+']",DEPENDENT,0.0
20260916-07:09:23_glm-5.3-flash_armB2_libero_spatial_task_t5_s4_r1#f0,5,4,RELEASE_PREDICATE_STALL,RELEASE_PREDICATE_STALL,6,8,terminated,2,move|gripper,2,2,1,0,1,0,1,0,1,0,DEPENDENT,['observation_gate'],['A′'],DEPENDENT,0.0
20260916-07:13:21_glm-5.3-flash_armB2_libero_spatial_task_t5_s6_r1#f0,5,6,RELEASE_PREDICATE_STALL,RELEASE_PREDICATE_STALL,9,11,terminated,2,move|gripper,2,2,1,0,1,0,1,0,1,0,DEPENDENT,['observation_gate'],['A′'],DEPENDENT,0.0
20260916-07:21:06_glm-5.3-flash_armB2_libero_spatial_task_t5_s7_r1#f0,5,7,RELEASE_PREDICATE_STALL,RELEASE_PREDICATE_STALL,7,9,terminated,2,move|gripper,2,2,1,0,1,0,1,0,1,0,DEPENDENT,['observation_gate'],['A′'],DEPENDENT,0.0
20260916-07:39:29_glm-5.3-flash_armB2_libero_spatial_task_t5_s10_r1#f0,5,10,FALSE_GRASP,FALSE_GRASP,1,6,terminated,5,pick,5,13,6,3,4,0,8,3,2,0,DEPENDENT,"['observation_gate', 'parameter_update', 'retry_fallback', 'verifier_branch']","['A′', 'D′', 'D′+']",DEPENDENT,0.231
20260916-07:39:29_glm-5.3-flash_armB2_libero_spatial_task_t5_s10_r1#f1,5,10,FALSE_GRASP,FALSE_GRASP,3,6,terminated,3,move|pick,3,8,4,2,2,0,5,2,1,0,DEPENDENT,"['observation_gate', 'verifier_branch']","['A′', 'D′+']",DEPENDENT,0.25
20260916-08:04:05_glm-5.3-flash_armB2_libero_spatial_task_t5_s3_r1#f0,5,3,RELEASE_PREDICATE_STALL,RELEASE_PREDICATE_STALL,7,9,terminated,2,move|gripper,2,2,1,0,1,0,1,0,1,0,DEPENDENT,['observation_gate'],['A′'],DEPENDENT,0.0
20260917-05:56:34_glm-5.3-flash_memB1_libero_spatial_task_t5_s2_r1#f0,5,2,RELEASE_PREDICATE_STALL,RELEASE_PREDICATE_STALL,6,9,,,,,0,,,,,,,,,UNRESOLVED,,,UNRESOLVED,0.0
20260917-05:58:41_glm-5.3-flash_memB1_libero_spatial_task_t5_s3_r1#f0,5,3,RELEASE_PREDICATE_STALL,RELEASE_PREDICATE_STALL,9,12,terminated,3,move|gripper,3,3,1,0,2,0,1,0,2,0,DEPENDENT,['observation_gate'],['A′'],DEPENDENT,0.0
20260917-06:09:48_glm-5.3-flash_memB1_libero_spatial_task_t5_s7_r1#f0,5,7,RELEASE_PREDICATE_STALL,RELEASE_PREDICATE_STALL,8,10,terminated,2,move|gripper,2,2,1,0,1,0,2,0,0,0,DEPENDENT,"['observation_gate', 'verifier_branch']","['A′', 'D′+']",DEPENDENT,0.0
20260917-09:19:26_glm-5.3-flash_memB2_libero_spatial_task_t5_s7_r1#f0,5,7,RELEASE_PREDICATE_STALL,RELEASE_PREDICATE_STALL,7,10,terminated,3,move|gripper,3,3,1,0,2,0,1,0,2,0,DEPENDENT,['observation_gate'],['A′'],DEPENDENT,0.0
20260917-10:35:57_glm-5.3-flash_memB2_libero_spatial_task_t9_s9_r1#f0,9,9,RELEASE_PREDICATE_STALL,RELEASE_PREDICATE_STALL,10,11,terminated,1,move|gripper,1,0,0,0,0,0,0,0,0,0,INDEPENDENT,[],[],INDEPENDENT,0.0
20260917-11:50:44_glm-5.3-flash_memB3_libero_spatial_task_t5_s7_r1#f0,5,7,RELEASE_PREDICATE_STALL,RELEASE_PREDICATE_STALL,8,12,terminated,4,move|gripper,4,4,1,0,3,0,3,0,1,0,DEPENDENT,"['observation_gate', 'parameter_update', 'verifier_branch']","['A′', 'D′+']",DEPENDENT,0.0
20260917-11:50:45_glm-5.3-flash_memB3_libero_spatial_task_t5_s8_r1#f0,5,8,RELEASE_PREDICATE_STALL,RELEASE_PREDICATE_STALL,6,11,terminated,5,move|gripper,5,7,2,1,4,0,3,1,3,0,DEPENDENT,"['observation_gate', 'parameter_update', 'pose_update', 'retry_fallback']","['A′', 'B′']",DEPENDENT,0.143
20260917-11:50:45_glm-5.3-flash_memB3_libero_spatial_task_t5_s8_r1#f1,5,8,FALSE_GRASP,FALSE_GRASP,10,11,terminated,1,move|pick,1,1,1,0,0,0,1,0,0,0,DEPENDENT,"['observation_gate', 'retry_fallback']",['A′'],DEPENDENT,0.0
20260917-13:08:41_glm-5.3-flash_memB3_libero_spatial_task_t9_s9_r1#f0,9,9,FALSE_GRASP,FALSE_GRASP,4,6,,,,,0,,,,,,,,,UNRESOLVED,,,UNRESOLVED,0.0
20260917-13:23:56_glm-5.3-flash_memB3_libero_spatial_task_t9_s10_r1#f0,9,10,RELEASE_PREDICATE_STALL,RELEASE_PREDICATE_STALL,10,13,terminated,3,move|gripper,3,5,1,2,2,0,4,0,1,0,DEPENDENT,"['observation_gate', 'parameter_update', 'pose_update', 'verifier_branch']","['A′', 'B′', 'D′+']",DEPENDENT,0.0
20260917-13:43:09_glm-5.3-flash_memB1_libero_spatial_task_t5_s2_r1#f0,5,2,RELEASE_PREDICATE_STALL,RELEASE_PREDICATE_STALL,7,9,terminated,2,move|gripper,2,2,1,0,1,0,1,0,1,0,DEPENDENT,['observation_gate'],['A′'],DEPENDENT,0.0
20260917-14:13:58_glm-5.3-flash_memB1_libero_spatial_task_t9_s7_r1#f0,9,7,RELEASE_PREDICATE_STALL,RELEASE_PREDICATE_STALL,11,14,terminated,3,move|gripper,3,4,1,1,2,0,4,0,0,0,DEPENDENT,"['observation_gate', 'parameter_update', 'pose_update', 'verifier_branch']","['A′', 'B′', 'D′+']",DEPENDENT,0.0
20260917-14:49:06_glm-5.3-flash_memB2_libero_spatial_task_t5_s10_r1#f0,5,10,RELEASE_PREDICATE_STALL,RELEASE_PREDICATE_STALL,8,12,terminated,4,move|gripper,4,4,1,0,3,0,2,0,2,0,DEPENDENT,"['observation_gate', 'verifier_branch']","['A′', 'D′+']",DEPENDENT,0.0
20260917-18:27:35_glm-5.3-flash_memB0_libero_spatial_task_t9_s9_r1#f0,9,9,FALSE_GRASP,FALSE_GRASP,3,5,pick_lift,2,move|pick,2,3,2,0,1,0,2,0,1,0,DEPENDENT,"['observation_gate', 'retry_fallback']",['A′'],DEPENDENT,0.0
20260918-08:17:51_glm-5.3-flash_memO2_libero_spatial_task_t5_s5_r1#f0,5,5,RELEASE_PREDICATE_STALL,RELEASE_PREDICATE_STALL,6,9,,,,,0,,,,,,,,,UNRESOLVED,,,UNRESOLVED,0.0
20260918-09:25:14_glm-5.3-flash_memO2_libero_spatial_task_t9_s9_r1#f0,9,9,RELEASE_PREDICATE_STALL,RELEASE_PREDICATE_STALL,9,12,terminated,3,move|gripper,3,3,1,0,2,0,2,0,1,0,DEPENDENT,"['observation_gate', 'parameter_update', 'verifier_branch']","['A′', 'D′+']",DEPENDENT,0.0
20260918-09:27:49_glm-5.3-flash_memO2_libero_spatial_task_t9_s10_r1#f0,9,10,RELEASE_PREDICATE_STALL,RELEASE_PREDICATE_STALL,8,15,terminated,7,move|gripper,7,9,3,0,6,0,4,2,3,0,DEPENDENT,"['observation_gate', 'retry_fallback', 'verifier_branch']","['A′', 'D′+']",DEPENDENT,0.222
20260918-09:27:49_glm-5.3-flash_memO2_libero_spatial_task_t9_s10_r1#f1,9,10,MOVE_CONTACT_STALL,CONTACT_STALL,10,15,terminated,5,move|pick,5,6,2,0,4,0,3,1,2,0,DEPENDENT,"['observation_gate', 'retry_fallback', 'verifier_branch']","['A′', 'D′+']",DEPENDENT,0.167
20260918-09:27:49_glm-5.3-flash_memO2_libero_spatial_task_t9_s10_r1#f2,9,10,MOVE_CONTACT_STALL,CONTACT_STALL,12,15,terminated,3,move|pick,3,3,1,0,2,0,1,0,2,0,DEPENDENT,"['observation_gate', 'retry_fallback']",['A′'],DEPENDENT,0.0
20260918-09:48:43_glm-5.3-flash_memO2_libero_spatial_task_t5_s8_r1#f0,5,8,RELEASE_PREDICATE_STALL,RELEASE_PREDICATE_STALL,8,10,terminated,2,move|gripper,2,2,1,0,1,0,1,0,1,0,DEPENDENT,['observation_gate'],['A′'],DEPENDENT,0.0
20260918-10:09:19_glm-5.3-flash_memO2_libero_spatial_task_t9_s4_r1#f0,9,4,FALSE_GRASP,FALSE_GRASP,5,13,terminated,8,move|pick,8,14,4,3,7,0,8,1,5,0,DEPENDENT,"['observation_gate', 'parameter_update', 'pose_update', 'retry_fallback', 'verifier_branch']","['A′', 'B′', 'D′+']",DEPENDENT,0.071
20260918-10:09:19_glm-5.3-flash_memO2_libero_spatial_task_t9_s4_r1#f1,9,4,FALSE_GRASP,FALSE_GRASP,7,13,terminated,6,move|pick,6,11,3,3,5,0,7,0,4,0,DEPENDENT,"['observation_gate', 'parameter_update', 'pose_update', 'retry_fallback', 'verifier_branch']","['A′', 'B′', 'D′+']",DEPENDENT,0.0
20260918-10:57:57_glm-5.3-flash_memO2_libero_spatial_task_t5_s7_r1#f0,5,7,RELEASE_PREDICATE_STALL,RELEASE_PREDICATE_STALL,8,10,pick_lift,2,move|gripper,2,2,1,0,1,0,1,0,1,0,DEPENDENT,['observation_gate'],['A′'],DEPENDENT,0.0
20260918-10:57:57_glm-5.3-flash_memO2_libero_spatial_task_t5_s7_r1#f1,5,7,RELEASE_PREDICATE_STALL,RELEASE_PREDICATE_STALL,12,16,terminated,4,move|gripper,4,5,2,0,3,0,3,0,2,0,DEPENDENT,"['observation_gate', 'parameter_update', 'verifier_branch']","['A′', 'D′+']",DEPENDENT,0.0
20260918-11:06:19_glm-5.3-flash_memO2_libero_spatial_task_t9_s1_r1#f0,9,1,RELEASE_PREDICATE_STALL,RELEASE_PREDICATE_STALL,9,14,terminated,5,move|gripper,5,6,2,0,4,0,3,1,2,0,DEPENDENT,"['observation_gate', 'parameter_update', 'verifier_branch']","['A′', 'D′+']",DEPENDENT,0.167
20260918-11:06:19_glm-5.3-flash_memO2_libero_spatial_task_t9_s1_r1#f1,9,1,MOVE_CONTACT_STALL,CONTACT_STALL,12,14,terminated,2,move|pick,2,2,1,0,1,0,1,0,1,0,DEPENDENT,['observation_gate'],['A′'],DEPENDENT,0.0
20260920-09:01:34_glm-5.3-flash_g0B_libero_spatial_task_t5_s8_r1#f0,5,8,RELEASE_PREDICATE_STALL,RELEASE_PREDICATE_STALL,8,12,,,,,0,,,,,,,,,UNRESOLVED,,,UNRESOLVED,0.0
20260920-11:31:18_glm-5.3-flash_g0B_libero_spatial_task_t9_s10_r1#f0,9,10,FALSE_GRASP,FALSE_GRASP,7,11,terminated,4,move|pick,4,6,2,2,2,0,4,0,2,0,DEPENDENT,"['observation_gate', 'parameter_update', 'pose_update', 'retry_fallback']","['A′', 'B′']",DEPENDENT,0.0
20260920-13:04:11_glm-5.3-flash_g0D_libero_spatial_task_t5_s7_r1#f0,5,7,RELEASE_PREDICATE_STALL,RELEASE_PREDICATE_STALL,7,10,terminated,3,move|gripper,3,3,1,0,2,0,1,0,2,0,DEPENDENT,['observation_gate'],['A′'],DEPENDENT,0.0
20260920-13:40:23_glm-5.3-flash_g0D_libero_spatial_task_t9_s1_r1#f0,9,1,FALSE_GRASP,FALSE_GRASP,3,5,,,,,0,,,,,,,,,UNRESOLVED,,,UNRESOLVED,0.0
20260920-14:40:01_glm-5.3-flash_g0D_libero_spatial_task_t9_s10_r1#f0,9,10,FALSE_GRASP,FALSE_GRASP,4,6,,,,,0,,,,,,,,,UNRESOLVED,,,UNRESOLVED,0.0
20260920-16:10:23_glm-5.3-flash_g0E_libero_spatial_task_t5_s5_r1#f0,5,5,RELEASE_PREDICATE_STALL,RELEASE_PREDICATE_STALL,8,10,terminated,2,move|gripper,2,2,1,0,1,0,2,0,0,0,DEPENDENT,"['observation_gate', 'verifier_branch']","['A′', 'D′+']",DEPENDENT,0.0
20260920-16:24:44_glm-5.3-flash_g0E_libero_spatial_task_t5_s10_r1#f0,5,10,RELEASE_PREDICATE_STALL,RELEASE_PREDICATE_STALL,8,11,terminated,3,move|gripper,3,4,1,1,2,0,3,0,1,0,DEPENDENT,"['observation_gate', 'parameter_update', 'pose_update', 'retry_fallback', 'verifier_branch']","['A′', 'B′', 'D′+']",DEPENDENT,0.0
20260920-16:46:24_glm-5.3-flash_g0E_libero_spatial_task_t9_s4_r1#f0,9,4,RELEASE_PREDICATE_STALL,RELEASE_PREDICATE_STALL,9,12,terminated,3,move|gripper,3,3,1,0,2,0,2,0,1,0,DEPENDENT,"['observation_gate', 'parameter_update', 'verifier_branch']","['A′', 'D′+']",DEPENDENT,0.0
20260920-17:19:38_glm-5.3-flash_g0E_libero_spatial_task_t9_s9_r1#f0,9,9,RELEASE_PREDICATE_STALL,RELEASE_PREDICATE_STALL,9,12,,,,,0,,,,,,,,,UNRESOLVED,,,UNRESOLVED,0.0
20260920-18:44:20_glm-5.3-flash_g0D_libero_spatial_task_t5_s5_r1#f0,5,5,RELEASE_PREDICATE_STALL,RELEASE_PREDICATE_STALL,7,9,terminated,2,move|gripper,2,1,0,0,1,0,0,0,1,0,INDEPENDENT,[],[],INDEPENDENT,0.0
20260920-18:46:58_glm-5.3-flash_g0D_libero_spatial_task_t9_s1_r1#f0,9,1,RELEASE_PREDICATE_STALL,RELEASE_PREDICATE_STALL,11,13,terminated,2,move|gripper,2,2,1,0,1,0,1,0,1,0,DEPENDENT,"['observation_gate', 'retry_fallback']",['A′'],DEPENDENT,0.0
20260920-19:14:28_glm-5.3-flash_g0D_libero_spatial_task_t9_s7_r1#f0,9,7,RELEASE_PREDICATE_STALL,RELEASE_PREDICATE_STALL,11,15,terminated,4,move|gripper,4,5,2,0,3,0,3,0,2,0,DEPENDENT,"['observation_gate', 'parameter_update', 'verifier_branch']","['A′', 'D′+']",DEPENDENT,0.0
20260920-20:39:25_glm-5.3-flash_g0E_libero_spatial_task_t9_s10_r1#f0,9,10,RELEASE_PREDICATE_STALL,RELEASE_PREDICATE_STALL,10,15,,,,,0,,,,,,,,,UNRESOLVED,,,UNRESOLVED,0.0
20260920-20:39:25_glm-5.3-flash_g0E_libero_spatial_task_t9_s10_r1#f1,9,10,MOVE_CONTACT_STALL,CONTACT_STALL,13,15,,,,,0,,,,,,,,,UNRESOLVED,,,UNRESOLVED,0.0
20260921-04:34:43_glm-5.3-flash_g05P0_libero_spatial_task_t5_s4_r1#f0,5,4,RELEASE_PREDICATE_STALL,RELEASE_PREDICATE_STALL,11,14,terminated,3,move|gripper,3,3,1,0,2,0,2,0,1,0,DEPENDENT,"['observation_gate', 'parameter_update', 'verifier_branch']","['A′', 'D′+']",DEPENDENT,0.0
20260921-04:43:51_glm-5.3-flash_g05P0_libero_spatial_task_t5_s5_r1#f0,5,5,RELEASE_PREDICATE_STALL,RELEASE_PREDICATE_STALL,7,9,pick_lift,2,move|gripper,2,2,1,0,1,0,1,0,1,0,DEPENDENT,['observation_gate'],['A′'],DEPENDENT,0.0
20260921-04:47:26_glm-5.3-flash_g05P0_libero_spatial_task_t5_s7_r1#f0,5,7,RELEASE_PREDICATE_STALL,RELEASE_PREDICATE_STALL,9,11,terminated,2,move|gripper,2,2,1,0,1,0,1,0,1,0,DEPENDENT,['observation_gate'],['A′'],DEPENDENT,0.0
20260921-05:05:17_glm-5.3-flash_g05P0_libero_spatial_task_t9_s1_r1#f0,9,1,FALSE_GRASP,FALSE_GRASP,3,10,terminated,7,move|pick,7,15,5,5,5,0,10,0,5,0,DEPENDENT,"['observation_gate', 'parameter_update', 'pose_update', 'retry_fallback']","['A′', 'B′']",DEPENDENT,0.0
20260921-06:16:02_glm-5.3-flash_g05P0_libero_spatial_task_t9_s10_r1#f0,9,10,RELEASE_PREDICATE_STALL,RELEASE_PREDICATE_STALL,10,14,terminated,4,move|gripper,4,6,3,0,3,0,4,1,1,0,DEPENDENT,"['observation_gate', 'parameter_update', 'retry_fallback']","['A′', 'D′']",DEPENDENT,0.167
20260921-06:16:02_glm-5.3-flash_g05P0_libero_spatial_task_t9_s10_r1#f1,9,10,MOVE_CONTACT_STALL,CONTACT_STALL,12,14,terminated,2,move|pick,2,3,2,0,1,0,2,1,0,0,DEPENDENT,"['observation_gate', 'parameter_update']",['A′'],DEPENDENT,0.333
20260921-07:36:03_glm-5.3-flash_g05P1_libero_spatial_task_t5_s2_r1#f0,5,2,RELEASE_PREDICATE_STALL,RELEASE_PREDICATE_STALL,9,12,terminated,3,move|gripper,3,3,1,0,2,0,1,0,2,0,DEPENDENT,['observation_gate'],['A′'],DEPENDENT,0.0
20260921-07:42:21_glm-5.3-flash_g05P1_libero_spatial_task_t5_s5_r1#f0,5,5,RELEASE_PREDICATE_STALL,RELEASE_PREDICATE_STALL,6,9,terminated,3,move|gripper,3,3,1,0,2,0,2,0,1,0,DEPENDENT,"['observation_gate', 'retry_fallback', 'verifier_branch']","['A′', 'D′+']",DEPENDENT,0.0
20260921-08:19:15_glm-5.3-flash_g05P1_libero_spatial_task_t9_s1_r1#f0,9,1,RELEASE_PREDICATE_STALL,RELEASE_PREDICATE_STALL,10,13,,,,,0,,,,,,,,,UNRESOLVED,,,UNRESOLVED,0.0
20260921-09:05:45_glm-5.3-flash_g05P1_libero_spatial_task_t9_s9_r1#f0,9,9,FALSE_GRASP,FALSE_GRASP,3,12,terminated,9,move|pick,9,14,5,3,6,0,9,1,4,0,DEPENDENT,"['observation_gate', 'parameter_update', 'pose_update', 'retry_fallback', 'verifier_branch']","['A′', 'B′', 'D′+']",DEPENDENT,0.071
20260921-09:05:45_glm-5.3-flash_g05P1_libero_spatial_task_t9_s9_r1#f1,9,9,RELEASE_PREDICATE_STALL,RELEASE_PREDICATE_STALL,9,12,terminated,3,move|gripper,3,5,2,1,2,0,3,1,1,0,DEPENDENT,"['observation_gate', 'parameter_update', 'pose_update', 'retry_fallback']","['A′', 'B′']",DEPENDENT,0.2
20260921-10:34:41_glm-5.3-flash_g05P2_libero_spatial_task_t5_s3_r1#f0,5,3,RELEASE_PREDICATE_STALL,RELEASE_PREDICATE_STALL,6,8,terminated,2,move|gripper,2,3,1,1,1,0,2,1,0,0,DEPENDENT,"['observation_gate', 'verifier_branch']","['A′', 'D′+']",DEPENDENT,0.333
20260921-10:36:24_glm-5.3-flash_g05P2_libero_spatial_task_t5_s4_r1#f0,5,4,RELEASE_PREDICATE_STALL,RELEASE_PREDICATE_STALL,7,10,terminated,3,move|gripper,3,3,1,0,2,0,1,0,2,0,DEPENDENT,['observation_gate'],['A′'],DEPENDENT,0.0
20260921-11:11:28_glm-5.3-flash_g05P2_libero_spatial_task_t5_s9_r1#f0,5,9,RELEASE_PREDICATE_STALL,RELEASE_PREDICATE_STALL,7,9,terminated,2,move|gripper,2,2,1,0,1,0,2,0,0,0,DEPENDENT,"['observation_gate', 'verifier_branch']","['A′', 'D′+']",DEPENDENT,0.0
20260921-14:26:10_glm-5.3-flash_g05P3_libero_spatial_task_t9_s4_r1#f0,9,4,FALSE_GRASP,FALSE_GRASP,3,12,terminated,9,move|pick,9,17,6,4,7,0,11,1,5,0,DEPENDENT,"['observation_gate', 'parameter_update', 'pose_update', 'retry_fallback', 'verifier_branch']","['A′', 'B′', 'D′', 'D′+']",DEPENDENT,0.059
20260921-14:26:10_glm-5.3-flash_g05P3_libero_spatial_task_t9_s4_r1#f1,9,4,FALSE_GRASP,FALSE_GRASP,5,12,terminated,7,move|pick,7,13,4,4,5,0,8,1,4,0,DEPENDENT,"['observation_gate', 'parameter_update', 'pose_update', 'retry_fallback', 'verifier_branch']","['A′', 'B′', 'D′+']",DEPENDENT,0.077
20260921-18:50:52_glm-5.3-flash_g05P3_libero_spatial_task_t9_s7_r1#f0,9,7,RELEASE_PREDICATE_STALL,RELEASE_PREDICATE_STALL,11,14,terminated,3,move|gripper,3,3,1,0,2,0,1,1,1,0,DEPENDENT,"['observation_gate', 'retry_fallback']",['A′'],DEPENDENT,0.333
20260921-18:53:27_glm-5.3-flash_g05P3_libero_spatial_task_t9_s9_r1#f0,9,9,RELEASE_PREDICATE_STALL,RELEASE_PREDICATE_STALL,11,13,terminated,2,move|gripper,2,3,1,1,1,0,3,0,0,0,DEPENDENT,"['observation_gate', 'retry_fallback', 'target_grounding', 'verifier_branch']","['A′', 'D′+', 'E′']",DEPENDENT,0.0
20260922-02:26:09_glm-5.3-flash_g05P0_libero_spatial_task_t3_s17_r1#f0,3,17,FALSE_GRASP,FALSE_GRASP,3,5,terminated,2,move|pick,2,2,1,0,1,0,1,0,1,0,DEPENDENT,"['observation_gate', 'retry_fallback']",['A′'],DEPENDENT,0.0
20260922-02:46:28_glm-5.3-flash_g05P0_libero_spatial_task_t3_s20_r1#f0,3,20,FALSE_GRASP,FALSE_GRASP,3,5,terminated,2,move|pick,2,2,1,0,1,0,1,0,1,0,DEPENDENT,['observation_gate'],['A′'],DEPENDENT,0.0
20260922-03:14:06_glm-5.3-flash_g05P0_libero_spatial_task_t5_s12_r1#f0,5,12,RELEASE_PREDICATE_STALL,RELEASE_PREDICATE_STALL,8,10,terminated,2,move|gripper,2,2,1,0,1,0,2,0,0,0,DEPENDENT,"['observation_gate', 'verifier_branch']","['A′', 'D′+']",DEPENDENT,0.0
20260922-03:21:14_glm-5.3-flash_g05P0_libero_spatial_task_t5_s13_r1#f0,5,13,RELEASE_PREDICATE_STALL,RELEASE_PREDICATE_STALL,8,11,terminated,3,move|gripper,3,3,1,0,2,0,2,0,1,0,DEPENDENT,"['observation_gate', 'verifier_branch']","['A′', 'D′+']",DEPENDENT,0.0
20260922-04:05:27_glm-5.3-flash_g05P0_libero_spatial_task_t9_s16_r1#f0,9,16,RELEASE_PREDICATE_STALL,RELEASE_PREDICATE_STALL,10,12,terminated,2,move|gripper,2,2,1,0,1,0,2,0,0,0,DEPENDENT,"['observation_gate', 'verifier_branch']","['A′', 'D′+']",DEPENDENT,0.0
20260922-04:53:54_glm-5.3-flash_g05P0_libero_spatial_task_t9_s20_r1#f0,9,20,RELEASE_PREDICATE_STALL,RELEASE_PREDICATE_STALL,10,12,terminated,2,move|gripper,2,2,1,0,1,0,1,0,1,0,DEPENDENT,['observation_gate'],['A′'],DEPENDENT,0.0
20260922-05:11:55_glm-5.3-flash_g05P2_libero_spatial_task_t3_s17_r1#f0,3,17,FALSE_GRASP,FALSE_GRASP,4,6,terminated,2,move|pick,2,5,2,2,1,0,4,0,1,0,DEPENDENT,"['observation_gate', 'pose_update', 'retry_fallback']","['A′', 'B′']",DEPENDENT,0.0
20260922-17:48:42_glm-5.3-flash_g05P0_libero_spatial_task_t9_s14_r1#f0,9,14,RELEASE_PREDICATE_STALL,RELEASE_PREDICATE_STALL,11,13,,,,,0,,,,,,,,,UNRESOLVED,,,UNRESOLVED,0.0
20260922-18:45:37_glm-5.3-flash_g05P2_libero_spatial_task_t3_s20_r1#f0,3,20,FALSE_GRASP,FALSE_GRASP,3,11,terminated,8,move|pick,8,13,4,3,6,0,8,2,3,0,DEPENDENT,"['observation_gate', 'parameter_update', 'pose_update', 'verifier_branch']","['A′', 'B′', 'D′+']",DEPENDENT,0.154
20260922-18:45:37_glm-5.3-flash_g05P2_libero_spatial_task_t3_s20_r1#f1,3,20,RELEASE_PREDICATE_STALL,RELEASE_PREDICATE_STALL,8,11,terminated,3,move|gripper,3,4,2,0,2,0,2,0,2,0,DEPENDENT,['observation_gate'],['A′'],DEPENDENT,0.0
20260922-18:50:12_glm-5.3-flash_g05P2_libero_spatial_task_t5_s13_r1#f0,5,13,RELEASE_PREDICATE_STALL,RELEASE_PREDICATE_STALL,9,11,terminated,2,move|gripper,2,2,1,0,1,0,1,0,1,0,DEPENDENT,['observation_gate'],['A′'],DEPENDENT,0.0
20260922-19:01:58_glm-5.3-flash_g05P2_libero_spatial_task_t5_s15_r1#f0,5,15,RELEASE_PREDICATE_STALL,RELEASE_PREDICATE_STALL,7,9,terminated,2,move|gripper,2,2,1,0,1,0,2,0,0,0,DEPENDENT,"['observation_gate', 'verifier_branch']","['A′', 'D′+']",DEPENDENT,0.0
20260922-19:42:32_glm-5.3-flash_g05P2_libero_spatial_task_t9_s11_r1#f0,9,11,RELEASE_PREDICATE_STALL,RELEASE_PREDICATE_STALL,10,12,terminated,2,move|gripper,2,3,1,1,1,0,3,0,0,0,DEPENDENT,"['observation_gate', 'retry_fallback', 'target_grounding', 'verifier_branch']","['A′', 'D′+', 'E′']",DEPENDENT,0.0
20260922-20:01:56_glm-5.3-flash_g05P2_libero_spatial_task_t9_s16_r1#f0,9,16,RELEASE_PREDICATE_STALL,RELEASE_PREDICATE_STALL,9,14,,,,,0,,,,,,,,,UNRESOLVED,,,UNRESOLVED,0.0
20260922-20:01:56_glm-5.3-flash_g05P2_libero_spatial_task_t9_s16_r1#f1,9,16,MOVE_CONTACT_STALL,CONTACT_STALL,11,14,,,,,0,,,,,,,,,UNRESOLVED,,,UNRESOLVED,0.0
20260922-20:42:01_glm-5.3-flash_g05P2_libero_spatial_task_t9_s20_r1#f0,9,20,RELEASE_PREDICATE_STALL,RELEASE_PREDICATE_STALL,9,11,terminated,2,move|gripper,2,2,1,0,1,0,2,0,0,0,DEPENDENT,"['observation_gate', 'verifier_branch']","['A′', 'D′+']",DEPENDENT,0.0
20260922-20:46:58_glm-5.3-flash_g05P0_libero_spatial_task_t3_s19_r1#f0,3,19,FALSE_GRASP,FALSE_GRASP,4,10,terminated,6,move|pick,6,10,4,2,4,0,7,0,3,0,DEPENDENT,"['observation_gate', 'parameter_update', 'pose_update', 'retry_fallback']","['A′', 'B′', 'D′']",DEPENDENT,0.0
20260922-20:46:58_glm-5.3-flash_g05P0_libero_spatial_task_t3_s19_r1#f1,3,19,FALSE_GRASP,FALSE_GRASP,6,10,terminated,4,move|pick,4,4,2,0,2,0,2,0,2,0,DEPENDENT,"['observation_gate', 'parameter_update', 'retry_fallback']",['A′'],DEPENDENT,0.0
20260922-21:04:50_glm-5.3-flash_g05P2_libero_spatial_task_t9_s14_r1#f0,9,14,RELEASE_PREDICATE_STALL,RELEASE_PREDICATE_STALL,12,15,,,,,0,,,,,,,,,UNRESOLVED,,,UNRESOLVED,0.0
20260922-21:32:26_glm-5.3-flash_g05P2_libero_spatial_task_t9_s16_r1#f0,9,16,FALSE_GRASP,FALSE_GRASP,4,14,terminated,10,move|pick,10,21,8,7,6,0,15,1,5,0,DEPENDENT,"['observation_gate', 'parameter_update', 'pose_update', 'retry_fallback']","['A′', 'B′', 'D′']",DEPENDENT,0.048
20260922-21:32:26_glm-5.3-flash_g05P2_libero_spatial_task_t9_s16_r1#f1,9,16,FALSE_GRASP,FALSE_GRASP,6,14,terminated,8,move|pick,8,17,6,7,4,0,12,1,4,0,DEPENDENT,"['observation_gate', 'parameter_update', 'pose_update']","['A′', 'B′']",DEPENDENT,0.059
20260922-21:32:26_glm-5.3-flash_g05P2_libero_spatial_task_t9_s16_r1#f2,9,16,RELEASE_PREDICATE_STALL,RELEASE_PREDICATE_STALL,12,14,terminated,2,move|gripper,2,2,1,0,1,0,1,0,1,0,DEPENDENT,['observation_gate'],['A′'],DEPENDENT,0.0
20260922-22:51:09_glm-5.3-flash_g0D_libero_spatial_task_t3_s17_r1#f0,3,17,FALSE_GRASP,FALSE_GRASP,4,11,terminated,7,move|pick,7,12,3,4,5,0,9,0,3,0,DEPENDENT,"['observation_gate', 'parameter_update', 'pose_update', 'retry_fallback', 'verifier_branch']","['A′', 'B′', 'D′', 'D′+']",DEPENDENT,0.0
20260922-22:51:09_glm-5.3-flash_g0D_libero_spatial_task_t3_s17_r1#f1,3,17,FALSE_GRASP,FALSE_GRASP,6,11,terminated,5,move|pick,5,9,2,4,3,0,7,0,2,0,DEPENDENT,"['observation_gate', 'parameter_update', 'pose_update', 'retry_fallback', 'verifier_branch']","['A′', 'B′', 'D′+']",DEPENDENT,0.0
20260922-23:02:29_glm-5.3-flash_g0D_libero_spatial_task_t5_s12_r1#f0,5,12,RELEASE_PREDICATE_STALL,RELEASE_PREDICATE_STALL,7,9,terminated,2,move|gripper,2,2,1,0,1,0,1,0,1,0,DEPENDENT,['observation_gate'],['A′'],DEPENDENT,0.0
20260922-23:10:22_glm-5.3-flash_g0D_libero_spatial_task_t5_s13_r1#f0,5,13,RELEASE_PREDICATE_STALL,RELEASE_PREDICATE_STALL,7,9,pick_lift,2,move|gripper,2,2,1,0,1,0,1,0,1,0,DEPENDENT,['observation_gate'],['A′'],DEPENDENT,0.0
20260922-23:10:22_glm-5.3-flash_g0D_libero_spatial_task_t5_s13_r1#f1,5,13,RELEASE_PREDICATE_STALL,RELEASE_PREDICATE_STALL,12,16,terminated,4,move|gripper,4,4,1,0,3,0,1,0,3,0,DEPENDENT,"['observation_gate', 'parameter_update']",['A′'],DEPENDENT,0.0
20260922-23:18:40_glm-5.3-flash_g0D_libero_spatial_task_t5_s14_r1#f0,5,14,RELEASE_PREDICATE_STALL,RELEASE_PREDICATE_STALL,7,9,terminated,2,move|gripper,2,2,1,0,1,0,1,0,1,0,DEPENDENT,['observation_gate'],['A′'],DEPENDENT,0.0
20260922-23:19:01_glm-5.3-flash_g0D_libero_spatial_task_t5_s15_r1#f0,5,15,RELEASE_PREDICATE_STALL,RELEASE_PREDICATE_STALL,6,10,terminated,4,move|gripper,4,4,1,0,3,0,2,0,2,0,DEPENDENT,"['observation_gate', 'verifier_branch']","['A′', 'D′+']",DEPENDENT,0.0
20260922-23:25:16_glm-5.3-flash_g0D_libero_spatial_task_t5_s17_r1#f0,5,17,RELEASE_PREDICATE_STALL,RELEASE_PREDICATE_STALL,6,10,terminated,4,move|gripper,4,4,1,0,3,0,2,0,2,0,DEPENDENT,"['observation_gate', 'verifier_branch']","['A′', 'D′+']",DEPENDENT,0.0
20260922-23:53:38_glm-5.3-flash_g0D_libero_spatial_task_t9_s14_r1#f0,9,14,RELEASE_PREDICATE_STALL,RELEASE_PREDICATE_STALL,12,14,terminated,2,move|gripper,2,3,1,1,1,0,3,0,0,0,DEPENDENT,"['observation_gate', 'target_grounding', 'verifier_branch']","['A′', 'D′+', 'E′']",DEPENDENT,0.0
20260923-00:50:17_glm-5.3-flash_g0D_libero_spatial_task_t9_s11_r1#f0,9,11,FALSE_GRASP,FALSE_GRASP,3,9,terminated,6,move|pick,6,12,6,2,4,0,7,1,4,0,DEPENDENT,"['observation_gate', 'parameter_update', 'pose_update', 'retry_fallback']","['A′', 'B′']",DEPENDENT,0.083
20260923-01:17:44_glm-5.3-flash_g0D_libero_spatial_task_t9_s18_r1#f0,9,18,RELEASE_PREDICATE_STALL,RELEASE_PREDICATE_STALL,10,13,terminated,3,move|gripper,3,3,1,0,2,0,2,0,1,0,DEPENDENT,"['observation_gate', 'verifier_branch']","['A′', 'D′+']",DEPENDENT,0.0
20260928-14:48:26_glm-5.3-flash_h1P2_libero_spatial_task_t3_s19_r1#f0,3,19,FALSE_GRASP,FALSE_GRASP,4,17,terminated,13,move|pick,13,19,6,5,8,0,12,1,6,0,DEPENDENT,"['observation_gate', 'parameter_update', 'pose_update', 'retry_fallback', 'verifier_branch']","['A′', 'B′', 'D′', 'D′+']",DEPENDENT,0.053
20260928-14:48:26_glm-5.3-flash_h1P2_libero_spatial_task_t3_s19_r1#f1,3,19,FALSE_GRASP,FALSE_GRASP,6,17,terminated,11,move|pick,11,15,5,4,6,0,9,1,5,0,DEPENDENT,"['observation_gate', 'parameter_update', 'pose_update', 'retry_fallback', 'verifier_branch']","['A′', 'B′', 'D′+']",DEPENDENT,0.067
20260928-14:51:26_glm-5.3-flash_h1G_libero_spatial_task_t3_s19_r1#f0,3,19,FALSE_GRASP,FALSE_GRASP,4,11,terminated,7,move|pick,7,10,4,1,5,0,7,0,3,0,DEPENDENT,"['observation_gate', 'parameter_update', 'pose_update', 'retry_fallback']","['A′', 'B′', 'D′']",DEPENDENT,0.0
20260928-14:51:26_glm-5.3-flash_h1G_libero_spatial_task_t3_s19_r1#f1,3,19,FALSE_GRASP,FALSE_GRASP,6,11,terminated,5,move|pick,5,7,3,1,3,0,5,0,2,0,DEPENDENT,"['observation_gate', 'parameter_update', 'pose_update', 'retry_fallback']","['A′', 'B′', 'D′']",DEPENDENT,0.0
20260928-14:51:26_glm-5.3-flash_h1G_libero_spatial_task_t3_s19_r1#f2,3,19,FALSE_GRASP,FALSE_GRASP,10,11,terminated,1,move|pick,1,1,1,0,0,0,1,0,0,0,DEPENDENT,['observation_gate'],['A′'],DEPENDENT,0.0
20260928-15:21:13_glm-5.3-flash_h1G_libero_spatial_task_t3_s19_r1#f0,3,19,FALSE_GRASP,FALSE_GRASP,2,6,pick_lift,4,move|pick,4,9,5,1,3,0,9,0,0,0,DEPENDENT,"['observation_gate', 'parameter_update', 'pose_update', 'retry_fallback', 'verifier_branch']","['A′', 'B′', 'D′+']",DEPENDENT,0.0
20260928-15:53:57_glm-5.3-flash_h1P2_libero_spatial_task_t3_s4_r1#f0,3,4,FALSE_GRASP,FALSE_GRASP,4,11,terminated,7,move|pick,7,12,4,3,5,0,8,0,4,0,DEPENDENT,"['observation_gate', 'parameter_update', 'pose_update', 'retry_fallback']","['A′', 'B′', 'D′']",DEPENDENT,0.0
20260928-15:53:57_glm-5.3-flash_h1P2_libero_spatial_task_t3_s4_r1#f1,3,4,FALSE_GRASP,FALSE_GRASP,6,11,terminated,5,move|pick,5,8,3,2,3,0,5,0,3,0,DEPENDENT,"['observation_gate', 'parameter_update', 'pose_update']","['A′', 'B′']",DEPENDENT,0.0
20260928-15:59:57_glm-5.3-flash_h1P2_libero_spatial_task_t3_s8_r1#f0,3,8,FALSE_GRASP,FALSE_GRASP,2,5,terminated,3,move|pick,3,6,3,1,2,0,5,0,1,0,DEPENDENT,"['observation_gate', 'pose_update', 'retry_fallback']","['A′', 'B′', 'D′']",DEPENDENT,0.0
20260928-15:59:57_glm-5.3-flash_h1P2_libero_spatial_task_t3_s8_r1#f1,3,8,FALSE_GRASP,FALSE_GRASP,4,5,terminated,1,move|pick,1,1,1,0,0,0,1,0,0,0,DEPENDENT,['observation_gate'],['A′'],DEPENDENT,0.0
20260928-16:26:18_glm-5.3-flash_h1P2_libero_spatial_task_t3_s9_r1#f0,3,9,FALSE_GRASP,FALSE_GRASP,3,6,terminated,3,move|pick,3,7,3,2,2,0,5,1,1,0,DEPENDENT,"['observation_gate', 'parameter_update', 'pose_update']","['A′', 'B′']",DEPENDENT,0.143
20260928-16:26:18_glm-5.3-flash_h1P2_libero_spatial_task_t3_s9_r1#f1,3,9,FALSE_GRASP,FALSE_GRASP,5,6,terminated,1,move|pick,1,2,1,1,0,0,2,0,0,0,DEPENDENT,"['observation_gate', 'pose_update']","['A′', 'B′']",DEPENDENT,0.0
20260928-16:51:47_glm-5.3-flash_h1P2_libero_spatial_task_t3_s12_r1#f0,3,12,FALSE_GRASP,FALSE_GRASP,4,11,terminated,7,move|pick,7,14,5,4,5,0,10,1,3,0,DEPENDENT,"['observation_gate', 'parameter_update', 'pose_update', 'verifier_branch']","['A′', 'B′', 'D′+']",DEPENDENT,0.071
20260928-16:51:47_glm-5.3-flash_h1P2_libero_spatial_task_t3_s12_r1#f1,3,12,FALSE_GRASP,FALSE_GRASP,6,11,terminated,5,move|pick,5,10,4,3,3,0,8,0,2,0,DEPENDENT,"['observation_gate', 'parameter_update', 'pose_update', 'verifier_branch']","['A′', 'B′', 'D′+']",DEPENDENT,0.0
20260928-16:51:47_glm-5.3-flash_h1P2_libero_spatial_task_t3_s12_r1#f2,3,12,RELEASE_PREDICATE_STALL,RELEASE_PREDICATE_STALL,9,11,terminated,2,move|gripper,2,2,1,0,1,0,2,0,0,0,DEPENDENT,"['observation_gate', 'verifier_branch']","['A′', 'D′+']",DEPENDENT,0.0
20260928-17:37:27_glm-5.3-flash_h1P2_libero_spatial_task_t5_s18_r1#f0,5,18,RELEASE_PREDICATE_STALL,RELEASE_PREDICATE_STALL,7,10,terminated,3,move|gripper,3,3,1,0,2,0,2,0,1,0,DEPENDENT,"['observation_gate', 'verifier_branch']","['A′', 'D′+']",DEPENDENT,0.0
20260928-17:42:42_glm-5.3-flash_h1P2_libero_spatial_task_t9_s2_r1#f0,9,2,RELEASE_PREDICATE_STALL,RELEASE_PREDICATE_STALL,10,12,terminated,2,move|gripper,2,2,1,0,1,0,1,0,1,0,DEPENDENT,['observation_gate'],['A′'],DEPENDENT,0.0
20260928-17:42:51_glm-5.3-flash_h1P2_libero_spatial_task_t9_s3_r1#f0,9,3,RELEASE_PREDICATE_STALL,RELEASE_PREDICATE_STALL,8,13,terminated,5,move|gripper,5,7,3,0,4,0,5,1,1,0,DEPENDENT,"['observation_gate', 'verifier_branch']","['A′', 'D′+']",DEPENDENT,0.143
20260928-17:42:51_glm-5.3-flash_h1P2_libero_spatial_task_t9_s3_r1#f1,9,3,MOVE_CONTACT_STALL,CONTACT_STALL,10,13,terminated,3,move|pick,3,3,1,0,2,0,2,0,1,0,DEPENDENT,"['observation_gate', 'verifier_branch']","['A′', 'D′+']",DEPENDENT,0.0
20260928-18:04:54_glm-5.3-flash_h1P2_libero_spatial_task_t9_s12_r1#f0,9,12,RELEASE_PREDICATE_STALL,RELEASE_PREDICATE_STALL,9,15,terminated,6,move|gripper,6,10,3,2,5,0,6,2,2,0,DEPENDENT,"['observation_gate', 'parameter_update', 'pose_update', 'retry_fallback', 'verifier_branch']","['A′', 'B′', 'D′+']",DEPENDENT,0.2
20260928-18:04:54_glm-5.3-flash_h1P2_libero_spatial_task_t9_s12_r1#f1,9,12,MOVE_CONTACT_STALL,CONTACT_STALL,11,15,terminated,4,move|pick,4,7,2,2,3,0,4,1,2,0,DEPENDENT,"['observation_gate', 'parameter_update', 'pose_update', 'retry_fallback']","['A′', 'B′']",DEPENDENT,0.143
20260928-18:04:54_glm-5.3-flash_h1P2_libero_spatial_task_t9_s12_r1#f2,9,12,FALSE_GRASP,FALSE_GRASP,13,15,terminated,2,move|pick,2,2,1,0,1,0,1,0,1,0,DEPENDENT,"['observation_gate', 'retry_fallback']",['A′'],DEPENDENT,0.0
20260928-18:28:46_glm-5.3-flash_h1P2_libero_spatial_task_t9_s15_r1#f0,9,15,RELEASE_PREDICATE_STALL,RELEASE_PREDICATE_STALL,12,14,terminated,2,move|gripper,2,3,1,1,1,0,2,0,1,0,DEPENDENT,"['observation_gate', 'pose_update']","['A′', 'B′']",DEPENDENT,0.0
20260928-18:44:49_glm-5.3-flash_h1C_libero_spatial_task_t3_s2_r1#f0,3,2,FALSE_GRASP,FALSE_GRASP,2,5,terminated,3,move|pick,3,5,2,1,2,0,4,0,1,0,DEPENDENT,"['observation_gate', 'pose_update', 'retry_fallback']","['A′', 'B′', 'D′']",DEPENDENT,0.0
20260928-18:44:49_glm-5.3-flash_h1C_libero_spatial_task_t3_s2_r1#f1,3,2,FALSE_GRASP,FALSE_GRASP,4,5,terminated,1,move|pick,1,1,1,0,0,0,1,0,0,0,DEPENDENT,['observation_gate'],['A′'],DEPENDENT,0.0
20260928-19:19:02_glm-5.3-flash_h1C_libero_spatial_task_t3_s8_r1#f0,3,8,FALSE_GRASP,FALSE_GRASP,4,11,terminated,7,move|pick,7,12,5,2,5,0,8,0,4,0,DEPENDENT,"['observation_gate', 'parameter_update', 'pose_update', 'retry_fallback']","['A′', 'B′', 'D′']",DEPENDENT,0.0
20260928-19:19:02_glm-5.3-flash_h1C_libero_spatial_task_t3_s8_r1#f1,3,8,FALSE_GRASP,FALSE_GRASP,6,11,terminated,5,move|pick,5,7,3,1,3,0,4,0,3,0,DEPENDENT,"['observation_gate', 'parameter_update', 'pose_update', 'retry_fallback']","['A′', 'B′']",DEPENDENT,0.0
20260928-19:47:57_glm-5.3-flash_h1C_libero_spatial_task_t3_s11_r1#f0,3,11,FALSE_GRASP,FALSE_GRASP,4,12,terminated,8,move|pick,8,10,3,2,5,0,6,0,4,0,DEPENDENT,"['observation_gate', 'pose_update', 'retry_fallback']","['A′', 'B′', 'D′']",DEPENDENT,0.0
20260928-19:47:57_glm-5.3-flash_h1C_libero_spatial_task_t3_s11_r1#f1,3,11,FALSE_GRASP,FALSE_GRASP,6,12,terminated,6,move|pick,6,7,2,2,3,0,4,0,3,0,DEPENDENT,"['observation_gate', 'pose_update', 'retry_fallback']","['A′', 'B′']",DEPENDENT,0.0
20260928-21:53:06_glm-5.3-flash_h1G_libero_spatial_task_t3_s1_r1#f0,3,1,FALSE_GRASP,FALSE_GRASP,3,5,terminated,2,move|pick,2,3,1,1,1,0,2,0,1,0,DEPENDENT,"['observation_gate', 'pose_update']","['A′', 'B′']",DEPENDENT,0.0
20260928-22:05:33_glm-5.3-flash_h1G_libero_spatial_task_t3_s3_r1#f0,3,3,FALSE_GRASP,FALSE_GRASP,3,12,terminated,9,move|pick,9,9,2,0,7,0,3,1,5,0,DEPENDENT,"['observation_gate', 'retry_fallback']","['A′', 'D′']",DEPENDENT,0.111
20260928-22:05:33_glm-5.3-flash_h1G_libero_spatial_task_t3_s3_r1#f1,3,3,FALSE_GRASP,FALSE_GRASP,5,12,terminated,7,move|pick,7,6,1,0,5,0,2,0,4,0,DEPENDENT,"['observation_gate', 'retry_fallback']","['A′', 'D′']",DEPENDENT,0.0
20260928-22:05:33_glm-5.3-flash_h1G_libero_spatial_task_t3_s3_r1#f2,3,3,FALSE_GRASP,FALSE_GRASP,7,12,terminated,5,move|pick,5,4,1,0,3,0,1,0,3,0,DEPENDENT,['observation_gate'],['A′'],DEPENDENT,0.0
20260928-22:19:03_glm-5.3-flash_h1G_libero_spatial_task_t3_s5_r1#f0,3,5,FALSE_GRASP,FALSE_GRASP,4,6,terminated,2,move|pick,2,3,1,1,1,0,2,0,1,0,DEPENDENT,"['observation_gate', 'pose_update', 'retry_fallback']","['A′', 'B′']",DEPENDENT,0.0
20260928-22:40:24_glm-5.3-flash_h1G_libero_spatial_task_t3_s10_r1#f0,3,10,FALSE_GRASP,FALSE_GRASP,5,10,pick_lift,5,move|pick,5,10,4,2,4,0,7,2,1,0,DEPENDENT,"['observation_gate', 'parameter_update', 'pose_update', 'retry_fallback', 'verifier_branch']","['A′', 'B′', 'D′+']",DEPENDENT,0.2
20260928-22:40:24_glm-5.3-flash_h1G_libero_spatial_task_t3_s10_r1#f1,3,10,FALSE_GRASP,FALSE_GRASP,7,10,pick_lift,3,move|pick,3,7,3,2,2,0,6,1,0,0,DEPENDENT,"['observation_gate', 'parameter_update', 'pose_update', 'retry_fallback', 'verifier_branch']","['A′', 'B′', 'D′+']",DEPENDENT,0.143
20260928-23:03:11_glm-5.3-flash_h1G_libero_spatial_task_t3_s12_r1#f0,3,12,FALSE_GRASP,FALSE_GRASP,3,5,terminated,2,move|pick,2,3,1,1,1,0,2,0,1,0,DEPENDENT,"['observation_gate', 'pose_update']","['A′', 'B′']",DEPENDENT,0.0
20260929-00:25:11_glm-5.3-flash_h1G_libero_spatial_task_t9_s6_r1#f0,9,6,RELEASE_PREDICATE_STALL,RELEASE_PREDICATE_STALL,11,14,terminated,3,move|gripper,3,3,2,0,1,0,2,0,1,0,DEPENDENT,['observation_gate'],['A′'],DEPENDENT,0.0
20260929-00:46:40_glm-5.3-flash_h1P2_libero_spatial_task_t3_s2_r1#f0,3,2,FALSE_GRASP,FALSE_GRASP,3,5,terminated,2,move|pick,2,4,2,1,1,0,3,0,1,0,DEPENDENT,"['observation_gate', 'pose_update']","['A′', 'B′']",DEPENDENT,0.0
20260929-00:58:31_glm-5.3-flash_h1P2_libero_spatial_task_t3_s3_r1#f0,3,3,FALSE_GRASP,FALSE_GRASP,3,5,terminated,2,move|pick,2,3,2,0,1,0,2,0,1,0,DEPENDENT,"['observation_gate', 'retry_fallback']",['A′'],DEPENDENT,0.0
20260929-03:06:38_glm-5.3-flash_h1G_libero_spatial_task_t3_s6_r1#f0,3,6,FALSE_GRASP,FALSE_GRASP,4,6,terminated,2,move|pick,2,3,1,1,1,0,2,0,1,0,DEPENDENT,"['observation_gate', 'pose_update']","['A′', 'B′']",DEPENDENT,0.0
20260929-04:23:24_glm-5.3-flash_h1C_libero_spatial_task_t3_s1_r1#f0,3,1,FALSE_GRASP,FALSE_GRASP,3,6,terminated,3,move|pick,3,5,3,0,2,0,4,0,1,0,DEPENDENT,"['observation_gate', 'retry_fallback']","['A′', 'D′']",DEPENDENT,0.0
20260929-04:23:24_glm-5.3-flash_h1C_libero_spatial_task_t3_s1_r1#f1,3,1,FALSE_GRASP,FALSE_GRASP,5,6,terminated,1,move|pick,1,2,2,0,0,0,2,0,0,0,DEPENDENT,['observation_gate'],['A′'],DEPENDENT,0.0
20260929-04:39:00_glm-5.3-flash_h1C_libero_spatial_task_t3_s5_r1#f0,3,5,FALSE_GRASP,FALSE_GRASP,4,9,terminated,5,move|pick,5,12,4,5,3,0,10,0,2,0,DEPENDENT,"['observation_gate', 'pose_update', 'retry_fallback']","['A′', 'B′', 'D′']",DEPENDENT,0.0
20260929-04:39:00_glm-5.3-flash_h1C_libero_spatial_task_t3_s5_r1#f1,3,5,FALSE_GRASP,FALSE_GRASP,6,9,terminated,3,move|pick,3,5,2,2,1,0,4,0,1,0,DEPENDENT,"['observation_gate', 'pose_update']","['A′', 'B′']",DEPENDENT,0.0
20260929-04:50:49_glm-5.3-flash_h1C_libero_spatial_task_t3_s4_r1#f0,3,4,FALSE_GRASP,FALSE_GRASP,3,8,terminated,5,move|pick,5,10,3,3,4,0,7,1,2,0,DEPENDENT,"['observation_gate', 'parameter_update', 'pose_update', 'retry_fallback', 'verifier_branch']","['A′', 'B′', 'D′+']",DEPENDENT,0.1
20260929-04:50:49_glm-5.3-flash_h1C_libero_spatial_task_t3_s4_r1#f1,3,4,FALSE_GRASP,FALSE_GRASP,5,8,terminated,3,move|pick,3,4,1,1,2,0,2,0,2,0,DEPENDENT,"['observation_gate', 'pose_update']","['A′', 'B′']",DEPENDENT,0.0
20260929-05:18:35_glm-5.3-flash_h1G_libero_spatial_task_t3_s9_r1#f0,3,9,FALSE_GRASP,FALSE_GRASP,4,9,terminated,5,move|pick,5,7,3,1,3,0,3,1,3,0,DEPENDENT,"['observation_gate', 'parameter_update']",['A′'],DEPENDENT,0.143
20260929-05:33:22_glm-5.3-flash_h1G_libero_spatial_task_t9_s12_r1#f0,9,12,RELEASE_PREDICATE_STALL,RELEASE_PREDICATE_STALL,10,13,terminated,3,move|gripper,3,5,2,1,2,0,3,0,2,0,DEPENDENT,"['observation_gate', 'parameter_update', 'pose_update']","['A′', 'B′']",DEPENDENT,0.0
