sample_id,snapshot_id,edge_id,family,k,split,outcome,perception_found,final_step,eef_x,eef_y,eef_z,grip,d_ooi_z,max_d_eef_z,resid_drop,delta_grip,n_frames,rgb_dir
t3s1h1CT3|FG-1|k1,t3s1h1CT3,FG-1,FALSE_GRASP,1,TRAIN,NO_EFFECT,False,8,0.044696769159050645,-0.26596452474174703,1.1586674053438586,0.031190535543105833,0.0,0.0016000630657533321,0.000850750619031948,0.031190535543105833,4,20260930-043134_t3s1h1CT3
t3s1h1CT3|FG-1|k2,t3s1h1CT3,FG-1,FALSE_GRASP,2,TRAIN,NO_EFFECT,False,13,0.044696769159050645,-0.26596452474174703,1.1586674053438586,0.031190535543105833,0.0,0.0016082631360196942,0.0008503880073288395,0.031190535543105833,4,20260930-043134_t3s1h1CT3
t3s1h1CT3|FG-1|k3,t3s1h1CT3,FG-1,FALSE_GRASP,3,TRAIN,NO_EFFECT,False,18,0.044696769159050645,-0.26596452474174703,1.1586674053438586,0.031190535543105833,0.0,0.0016165833187575807,0.0008500215068958372,0.031190535543105833,4,20260930-043134_t3s1h1CT3
t3s1h1CT3|FG-1|k4,t3s1h1CT3,FG-1,FALSE_GRASP,4,TRAIN,NO_EFFECT,False,23,0.044696769159050645,-0.26596452474174703,1.1586674053438586,0.031190535543105833,0.0,0.0016250219649340814,0.0008496511616711833,0.031190535543105833,4,20260930-043134_t3s1h1CT3
t3s1h1CT3|FG-3|k1,t3s1h1CT3,FG-3,FALSE_GRASP,1,TRAIN,NO_EFFECT,,28,0.044696769159050645,-0.26596452474174703,1.1586674053438586,0.031190535543105833,-5.551115123125783e-16,0.019499581067777827,0.020517911321770388,0.031190535543105833,4,20260930-043134_t3s1h1CT3
t3s1h1CT3|FG-3|k2,t3s1h1CT3,FG-3,FALSE_GRASP,2,TRAIN,VERIFIED_RECOVERY,,33,0.044696769159050645,-0.26596452474174703,1.1586674053438586,0.031190535543105833,-4.440892098500626e-16,0.13250607938297376,-0.03414423879060835,0.00399060908058328,4,20260930-043134_t3s1h1CT3
t3s1h1CT3|FG-3|k3,t3s1h1CT3,FG-3,FALSE_GRASP,3,TRAIN,VERIFIED_RECOVERY,,38,0.044696769159050645,-0.26596452474174703,1.1586674053438586,0.031190535543105833,-5.551115123125783e-16,0.1516087239800612,-0.013754612230452823,0.004807297522695681,4,20260930-043134_t3s1h1CT3
t3s1h1CT3|FG-3|k4,t3s1h1CT3,FG-3,FALSE_GRASP,4,TRAIN,VERIFIED_RECOVERY,,43,0.044696769159050645,-0.26596452474174703,1.1586674053438586,0.031190535543105833,-5.551115123125783e-16,0.11180800531176471,-0.0015067117443237077,0.004458596996886498,4,20260930-043134_t3s1h1CT3
t3s1h1GT3|FG-1|k1,t3s1h1GT3,FG-1,FALSE_GRASP,1,TRAIN,NO_EFFECT,False,8,0.01989702819294894,-0.2113778136119687,1.2557510060006494,0.003343067101499746,0.0,0.006302929822407322,-0.0006011645303727886,0.0010605066058945126,4,20260930-043452_t3s1h1GT3
t3s1h1GT3|FG-1|k2,t3s1h1GT3,FG-1,FALSE_GRASP,2,TRAIN,NO_EFFECT,False,13,0.01989702819294894,-0.2113778136119687,1.2557510060006494,0.003343067101499746,0.0,0.006302466509322091,-0.0006014047687896151,0.001062367839701312,4,20260930-043452_t3s1h1GT3
t3s1h1GT3|FG-1|k3,t3s1h1GT3,FG-1,FALSE_GRASP,3,TRAIN,NO_EFFECT,False,18,0.01989702819294894,-0.2113778136119687,1.2557510060006494,0.003343067101499746,0.0,0.00630199699171019,-0.0006016432714922582,0.001064232340048215,4,20260930-043452_t3s1h1GT3
t3s1h1GT3|FG-1|k4,t3s1h1GT3,FG-1,FALSE_GRASP,4,TRAIN,NO_EFFECT,False,23,0.01989702819294894,-0.2113778136119687,1.2557510060006494,0.003343067101499746,0.0,0.006301521292938483,-0.0006018799306168332,0.001066100112668762,4,20260930-043452_t3s1h1GT3
t3s1h1GT3|FG-3|k1,t3s1h1GT3,FG-3,FALSE_GRASP,1,TRAIN,NO_EFFECT,,28,0.01989702819294894,-0.2113778136119687,1.2557510060006494,0.003343067101499746,-6.661338147750939e-16,0.0,0.07677265633582953,0.003343067101499746,4,20260930-043452_t3s1h1GT3
t3s1h1GT3|FG-3|k2,t3s1h1GT3,FG-3,FALSE_GRASP,2,TRAIN,VERIFIED_RECOVERY,,33,0.01989702819294894,-0.2113778136119687,1.2557510060006494,0.003343067101499746,-3.3306690738754696e-16,0.0,0.05497258815347278,0.003343067101499746,4,20260930-043452_t3s1h1GT3
t3s1h1GT3|FG-3|k3,t3s1h1GT3,FG-3,FALSE_GRASP,3,TRAIN,VERIFIED_RECOVERY,,38,0.01989702819294894,-0.2113778136119687,1.2557510060006494,0.003343067101499746,-3.3306690738754696e-16,0.0,0.058414347490626906,0.003343067101499746,4,20260930-043452_t3s1h1GT3
t3s1h1GT3|FG-3|k4,t3s1h1GT3,FG-3,FALSE_GRASP,4,TRAIN,NO_EFFECT,,43,0.01989702819294894,-0.2113778136119687,1.2557510060006494,0.003343067101499746,-6.661338147750939e-16,0.0,0.07829047839944253,0.003343067101499746,4,20260930-043452_t3s1h1GT3
t3s3h1GT3|FG-1|k1,t3s3h1GT3,FG-1,FALSE_GRASP,1,TRAIN,NO_EFFECT,False,8,0.026442954511865235,-0.2248034032857394,1.1512001069789173,0.044675724149544904,-1.1102230246251565e-16,0.0006010970279786143,0.0017463485973784887,0.044675724149544904,4,20260930-043758_t3s3h1GT3
t3s3h1GT3|FG-1|k2,t3s3h1GT3,FG-1,FALSE_GRASP,2,TRAIN,NO_EFFECT,False,13,0.026442954511865235,-0.2248034032857394,1.1512001069789173,0.044675724149544904,-1.1102230246251565e-16,0.0006215146015071671,0.0017452273966238607,0.044675724149544904,4,20260930-043758_t3s3h1GT3
t3s3h1GT3|FG-1|k3,t3s3h1GT3,FG-1,FALSE_GRASP,3,TRAIN,NO_EFFECT,False,18,0.026442954511865235,-0.2248034032857394,1.1512001069789173,0.044675724149544904,-1.1102230246251565e-16,0.0006421225354995563,0.0017440952118893405,0.044675724149544904,4,20260930-043758_t3s3h1GT3
t3s3h1GT3|FG-1|k4,t3s3h1GT3,FG-1,FALSE_GRASP,4,TRAIN,NO_EFFECT,False,23,0.026442954511865235,-0.2248034032857394,1.1512001069789173,0.044675724149544904,-1.1102230246251565e-16,0.0006629232577630706,0.0017429522560445943,0.044675724149544904,4,20260930-043758_t3s3h1GT3
t3s3h1GT3|FG-3|k1,t3s3h1GT3,FG-3,FALSE_GRASP,1,TRAIN,VERIFIED_RECOVERY,,28,0.026442954511865235,-0.2248034032857394,1.1512001069789173,0.044675724149544904,-6.661338147750939e-16,0.11458423848880672,-0.024162434731475002,0.004923013564628078,4,20260930-043758_t3s3h1GT3
t3s3h1GT3|FG-3|k2,t3s3h1GT3,FG-3,FALSE_GRASP,2,TRAIN,VERIFIED_RECOVERY,,33,0.026442954511865235,-0.2248034032857394,1.1512001069789173,0.044675724149544904,-7.771561172376096e-16,0.11383709667984987,-0.040881524452521134,0.005051993434752104,4,20260930-043758_t3s3h1GT3
t3s3h1GT3|FG-3|k3,t3s3h1GT3,FG-3,FALSE_GRASP,3,TRAIN,VERIFIED_RECOVERY,,38,0.026442954511865235,-0.2248034032857394,1.1512001069789173,0.044675724149544904,-7.771561172376096e-16,0.13648595358366888,-0.05789816416772525,0.004959951375487844,4,20260930-043758_t3s3h1GT3
t3s3h1GT3|FG-3|k4,t3s3h1GT3,FG-3,FALSE_GRASP,4,TRAIN,VERIFIED_RECOVERY,,43,0.026442954511865235,-0.2248034032857394,1.1512001069789173,0.044675724149544904,-7.771561172376096e-16,0.0956711915870736,-0.0127323701557292,0.005024893627347975,4,20260930-043758_t3s3h1GT3
t3s3h1P2T3|FG-1|k1,t3s3h1P2T3,FG-1,FALSE_GRASP,1,TRAIN,NO_EFFECT,False,8,0.06038297503085797,-0.12921527281245307,1.2542051943345405,0.003937677740871456,-2.220446049250313e-16,0.0017581784201139428,0.0018274374661753079,0.003922426651256585,4,20260930-044115_t3s3h1P2T3
t3s3h1P2T3|FG-1|k2,t3s3h1P2T3,FG-1,FALSE_GRASP,2,TRAIN,NO_EFFECT,False,13,0.06038297503085797,-0.12921527281245307,1.2542051943345405,0.003937677740871456,-2.220446049250313e-16,0.001757976329709976,0.0018274091315646501,0.003922449251699938,4,20260930-044115_t3s3h1P2T3
t3s3h1P2T3|FG-1|k3,t3s3h1P2T3,FG-1,FALSE_GRASP,3,TRAIN,NO_EFFECT,False,18,0.06038297503085797,-0.12921527281245307,1.2542051943345405,0.003937677740871456,-2.220446049250313e-16,0.001757772447896322,0.0018273807732630543,0.003922471860429837,4,20260930-044115_t3s3h1P2T3
t3s3h1P2T3|FG-1|k4,t3s3h1P2T3,FG-1,FALSE_GRASP,4,TRAIN,NO_EFFECT,False,23,0.06038297503085797,-0.12921527281245307,1.2542051943345405,0.003937677740871456,-2.220446049250313e-16,0.001757566790703713,0.001827352434822349,0.003922494477327579,4,20260930-044115_t3s3h1P2T3
t3s3h1P2T3|FG-3|k1,t3s3h1P2T3,FG-3,FALSE_GRASP,1,TRAIN,HARM,,28,0.06038297503085797,-0.12921527281245307,1.2542051943345405,0.003937677740871456,-9.992007221626409e-16,0.0,0.16464357891395767,0.0038472533408325147,4,20260930-044115_t3s3h1P2T3
t3s3h1P2T3|FG-3|k2,t3s3h1P2T3,FG-3,FALSE_GRASP,2,TRAIN,HARM,,33,0.06038297503085797,-0.12921527281245307,1.2542051943345405,0.003937677740871456,-9.992007221626409e-16,0.0,0.2031188385099836,0.003852150920752845,4,20260930-044115_t3s3h1P2T3
t3s3h1P2T3|FG-3|k3,t3s3h1P2T3,FG-3,FALSE_GRASP,3,TRAIN,HARM,,38,0.06038297503085797,-0.12921527281245307,1.2542051943345405,0.003937677740871456,-9.992007221626409e-16,0.0,0.1772998931056029,0.003844742692869855,4,20260930-044115_t3s3h1P2T3
t3s3h1P2T3|FG-3|k4,t3s3h1P2T3,FG-3,FALSE_GRASP,4,TRAIN,HARM,,43,0.06038297503085797,-0.12921527281245307,1.2542051943345405,0.003937677740871456,-9.992007221626409e-16,0.0,0.2157110245765934,0.0038477999426753473,4,20260930-044115_t3s3h1P2T3
t3s4h1CT3|FG-1|k1,t3s4h1CT3,FG-1,FALSE_GRASP,1,TRAIN,NO_EFFECT,False,8,0.046176953051857164,-0.2628626438463015,1.1747819944931128,0.00864885861397086,-1.1102230246251565e-16,0.006624902600877114,-0.004523738286432932,0.004622882498759235,4,20260930-044439_t3s4h1CT3
t3s4h1CT3|FG-1|k2,t3s4h1CT3,FG-1,FALSE_GRASP,2,TRAIN,NO_EFFECT,False,13,0.046176953051857164,-0.2628626438463015,1.1747819944931128,0.00864885861397086,-1.1102230246251565e-16,0.00662376384580754,-0.004522565910378584,0.0046228937471947925,4,20260930-044439_t3s4h1CT3
t3s4h1CT3|FG-1|k3,t3s4h1CT3,FG-1,FALSE_GRASP,3,TRAIN,NO_EFFECT,False,18,0.046176953051857164,-0.2628626438463015,1.1747819944931128,0.00864885861397086,-1.1102230246251565e-16,0.006622612744413114,-0.004521382490535963,0.004622904999036646,4,20260930-044439_t3s4h1CT3
t3s4h1CT3|FG-1|k4,t3s4h1CT3,FG-1,FALSE_GRASP,4,TRAIN,NO_EFFECT,False,23,0.046176953051857164,-0.2628626438463015,1.1747819944931128,0.00864885861397086,-1.1102230246251565e-16,0.006621449414115244,-0.004520188184837903,0.004622916250147171,4,20260930-044439_t3s4h1CT3
t3s4h1CT3|FG-3|k1,t3s4h1CT3,FG-3,FALSE_GRASP,1,TRAIN,VERIFIED_RECOVERY,,28,0.046176953051857164,-0.2628626438463015,1.1747819944931128,0.00864885861397086,-6.661338147750939e-16,0.07462804105728238,0.05798584165363724,0.004548423623763193,4,20260930-044439_t3s4h1CT3
t3s4h1CT3|FG-3|k2,t3s4h1CT3,FG-3,FALSE_GRASP,2,TRAIN,VERIFIED_RECOVERY,,33,0.046176953051857164,-0.2628626438463015,1.1747819944931128,0.00864885861397086,-6.661338147750939e-16,0.06431540965865112,0.062489595972591905,0.004673533228177772,4,20260930-044439_t3s4h1CT3
t3s4h1CT3|FG-3|k3,t3s4h1CT3,FG-3,FALSE_GRASP,3,TRAIN,VERIFIED_RECOVERY,,38,0.046176953051857164,-0.2628626438463015,1.1747819944931128,0.00864885861397086,-6.661338147750939e-16,0.09611230512883706,0.027852414509533407,0.00462778095651681,4,20260930-044439_t3s4h1CT3
t3s4h1CT3|FG-3|k4,t3s4h1CT3,FG-3,FALSE_GRASP,4,TRAIN,VERIFIED_RECOVERY,,43,0.046176953051857164,-0.2628626438463015,1.1747819944931128,0.00864885861397086,-6.661338147750939e-16,0.10347400647779925,0.01791534693680802,0.004495073681119552,4,20260930-044439_t3s4h1CT3
t3s4h1GT4|FG-1|k1,t3s4h1GT4,FG-1,FALSE_GRASP,1,TRAIN,NO_EFFECT,False,9,0.07367143974813008,-0.27579868217810455,1.1548207824872563,0.022438121439435042,-2.220446049250313e-16,0.001215145698397757,-0.0003491752295969319,0.022438121439435042,4,20260930-044803_t3s4h1GT4
t3s4h1GT4|FG-1|k2,t3s4h1GT4,FG-1,FALSE_GRASP,2,TRAIN,NO_EFFECT,False,14,0.07367143974813008,-0.27579868217810455,1.1548207824872563,0.022438121439435042,-2.220446049250313e-16,0.0012148976770449682,-0.0003488926744982246,0.022438121439435042,4,20260930-044803_t3s4h1GT4
t3s4h1GT4|FG-1|k3,t3s4h1GT4,FG-1,FALSE_GRASP,3,TRAIN,NO_EFFECT,False,19,0.07367143974813008,-0.27579868217810455,1.1548207824872563,0.022438121439435042,-2.220446049250313e-16,0.0012146469172107377,-0.0003486077123535103,0.022438121439435042,4,20260930-044803_t3s4h1GT4
t3s4h1GT4|FG-1|k4,t3s4h1GT4,FG-1,FALSE_GRASP,4,TRAIN,NO_EFFECT,False,24,0.07367143974813008,-0.27579868217810455,1.1548207824872563,0.022438121439435042,-2.220446049250313e-16,0.0012143933628321335,-0.0003483200502853445,0.022438121439435042,4,20260930-044803_t3s4h1GT4
t3s4h1GT4|FG-3|k1,t3s4h1GT4,FG-3,FALSE_GRASP,1,TRAIN,VERIFIED_RECOVERY,,29,0.07367143974813008,-0.27579868217810455,1.1548207824872563,0.022438121439435042,-8.881784197001252e-16,0.0853142147027306,0.010233960778403606,0.0036641033091606664,4,20260930-044803_t3s4h1GT4
t3s4h1GT4|FG-3|k2,t3s4h1GT4,FG-3,FALSE_GRASP,2,TRAIN,NO_EFFECT,,34,0.07367143974813008,-0.27579868217810455,1.1548207824872563,0.022438121439435042,-9.992007221626409e-16,0.0,0.03467020249326247,0.022438121439435042,4,20260930-044803_t3s4h1GT4
t3s4h1GT4|FG-3|k3,t3s4h1GT4,FG-3,FALSE_GRASP,3,TRAIN,NO_EFFECT,,39,0.07367143974813008,-0.27579868217810455,1.1548207824872563,0.022438121439435042,-8.881784197001252e-16,0.0,0.03953789113594042,0.022438121439435042,4,20260930-044803_t3s4h1GT4
t3s4h1GT4|FG-3|k4,t3s4h1GT4,FG-3,FALSE_GRASP,4,TRAIN,VERIFIED_RECOVERY,,44,0.07367143974813008,-0.27579868217810455,1.1548207824872563,0.022438121439435042,-8.881784197001252e-16,0.143135145741204,-0.0253390704827402,0.010089160861223797,4,20260930-044803_t3s4h1GT4
t3s4h1P2T4|FG-1|k1,t3s4h1P2T4,FG-1,FALSE_GRASP,1,TRAIN,NO_EFFECT,False,9,0.060496856354306947,-0.27701615855427203,1.1972022027678224,0.06692454382297819,0.0,0.00019709267867762392,-0.0005029161712728492,0.06692454382297819,4,20260930-045132_t3s4h1P2T4
t3s4h1P2T4|FG-1|k2,t3s4h1P2T4,FG-1,FALSE_GRASP,2,TRAIN,NO_EFFECT,False,14,0.060496856354306947,-0.27701615855427203,1.1972022027678224,0.06692454382297819,0.0,0.0002047843198638155,-0.0005030061739387803,0.06692454382297819,4,20260930-045132_t3s4h1P2T4
t3s4h1P2T4|FG-1|k3,t3s4h1P2T4,FG-1,FALSE_GRASP,3,TRAIN,NO_EFFECT,False,19,0.060496856354306947,-0.27701615855427203,1.1972022027678224,0.06692454382297819,0.0,0.00021255155264410242,-0.0005030992103017273,0.06692454382297819,4,20260930-045132_t3s4h1P2T4
t3s4h1P2T4|FG-1|k4,t3s4h1P2T4,FG-1,FALSE_GRASP,4,TRAIN,NO_EFFECT,False,24,0.060496856354306947,-0.27701615855427203,1.1972022027678224,0.06692454382297819,0.0,0.00022039260153339235,-0.0005031952984143051,0.06692454382297819,4,20260930-045132_t3s4h1P2T4
t3s4h1P2T4|FG-3|k1,t3s4h1P2T4,FG-3,FALSE_GRASP,1,TRAIN,NO_EFFECT,,29,0.060496856354306947,-0.27701615855427203,1.1972022027678224,0.06692454382297819,-7.771561172376096e-16,0.0,0.05457844937689926,0.01057940619687213,4,20260930-045132_t3s4h1P2T4
t3s4h1P2T4|FG-3|k2,t3s4h1P2T4,FG-3,FALSE_GRASP,2,TRAIN,VERIFIED_RECOVERY,,34,0.060496856354306947,-0.27701615855427203,1.1972022027678224,0.06692454382297819,-6.661338147750939e-16,0.1066201307877821,0.0030668674402304363,0.004752869494008881,4,20260930-045132_t3s4h1P2T4
t3s4h1P2T4|FG-3|k3,t3s4h1P2T4,FG-3,FALSE_GRASP,3,TRAIN,VERIFIED_RECOVERY,,39,0.060496856354306947,-0.27701615855427203,1.1972022027678224,0.06692454382297819,-8.881784197001252e-16,0.0,0.05546477225029561,0.010608458552486698,4,20260930-045132_t3s4h1P2T4
t3s4h1P2T4|FG-3|k4,t3s4h1P2T4,FG-3,FALSE_GRASP,4,TRAIN,NO_EFFECT,,44,0.060496856354306947,-0.27701615855427203,1.1972022027678224,0.06692454382297819,-7.771561172376096e-16,0.0,0.06309414298794114,0.008068672238902173,4,20260930-045132_t3s4h1P2T4
t3s5h1CT4|FG-1|k1,t3s5h1CT4,FG-1,FALSE_GRASP,1,TRAIN,NO_EFFECT,False,9,0.07213955656231778,-0.23916408636572817,1.1709255869079984,0.07994096702663277,-1.1102230246251565e-16,0.0024048348659932994,-0.000832512795347573,0.07982994308596494,4,20260930-045455_t3s5h1CT4
t3s5h1CT4|FG-1|k2,t3s5h1CT4,FG-1,FALSE_GRASP,2,TRAIN,NO_EFFECT,False,14,0.07213955656231778,-0.23916408636572817,1.1709255869079984,0.07994096702663277,-1.1102230246251565e-16,0.0024044244149239447,-0.0008321491315694263,0.07983008515984366,4,20260930-045455_t3s5h1CT4
t3s5h1CT4|FG-1|k3,t3s5h1CT4,FG-1,FALSE_GRASP,3,TRAIN,NO_EFFECT,False,19,0.07213955656231778,-0.23916408636572817,1.1709255869079984,0.07994096702663277,-1.1102230246251565e-16,0.002404010281626734,-0.000831782258757352,0.07983022747931988,4,20260930-045455_t3s5h1CT4
t3s5h1CT4|FG-1|k4,t3s5h1CT4,FG-1,FALSE_GRASP,4,TRAIN,NO_EFFECT,False,24,0.07213955656231778,-0.23916408636572817,1.1709255869079984,0.07994096702663277,-1.1102230246251565e-16,0.0024035925362049237,-0.0008314122258355483,0.07983037004467179,4,20260930-045455_t3s5h1CT4
t3s5h1CT4|FG-3|k1,t3s5h1CT4,FG-3,FALSE_GRASP,1,TRAIN,NO_EFFECT,,29,0.07213955656231778,-0.23916408636572817,1.1709255869079984,0.07994096702663277,-7.771561172376096e-16,0.003496834545247962,0.017333659812421687,0.07770919235542117,4,20260930-045455_t3s5h1CT4
t3s5h1CT4|FG-3|k2,t3s5h1CT4,FG-3,FALSE_GRASP,2,TRAIN,NO_EFFECT,,34,0.07213955656231778,-0.23916408636572817,1.1709255869079984,0.07994096702663277,-7.771561172376096e-16,0.022104323170939022,0.0046419995797002955,0.07814234652762364,4,20260930-045455_t3s5h1CT4
t3s5h1CT4|FG-3|k3,t3s5h1CT4,FG-3,FALSE_GRASP,3,TRAIN,NO_EFFECT,,39,0.07213955656231778,-0.23916408636572817,1.1709255869079984,0.07994096702663277,-7.771561172376096e-16,0.0,0.018403564563043595,0.07982365012935821,4,20260930-045455_t3s5h1CT4
t3s5h1CT4|FG-3|k4,t3s5h1CT4,FG-3,FALSE_GRASP,4,TRAIN,NO_EFFECT,,44,0.07213955656231778,-0.23916408636572817,1.1709255869079984,0.07994096702663277,-7.771561172376096e-16,0.010393955547051803,0.016086717736353562,0.06403805981420825,4,20260930-045455_t3s5h1CT4
t3s5h1GT4|FG-1|k1,t3s5h1GT4,FG-1,FALSE_GRASP,1,TRAIN,NO_EFFECT,False,9,0.05494210490304155,-0.2363002851886503,1.1664788569566638,0.07909284671417362,0.0,0.004110958186597458,-0.003356951964990973,0.07909284671417362,4,20260930-045815_t3s5h1GT4
t3s5h1GT4|FG-1|k2,t3s5h1GT4,FG-1,FALSE_GRASP,2,TRAIN,NO_EFFECT,False,14,0.05494210490304155,-0.2363002851886503,1.1664788569566638,0.07909284671417362,0.0,0.004108668341558319,-0.0033550240096392736,0.07909284671417362,4,20260930-045815_t3s5h1GT4
t3s5h1GT4|FG-1|k3,t3s5h1GT4,FG-1,FALSE_GRASP,3,TRAIN,NO_EFFECT,False,19,0.05494210490304155,-0.2363002851886503,1.1664788569566638,0.07909284671417362,0.0,0.004106362614736847,-0.0033530766599256245,0.07909284671417362,4,20260930-045815_t3s5h1GT4
t3s5h1GT4|FG-1|k4,t3s5h1GT4,FG-1,FALSE_GRASP,4,TRAIN,NO_EFFECT,False,24,0.05494210490304155,-0.2363002851886503,1.1664788569566638,0.07909284671417362,0.0,0.00410404147679766,-0.0033511102665508274,0.07909284671417362,4,20260930-045815_t3s5h1GT4
t3s5h1GT4|FG-3|k1,t3s5h1GT4,FG-3,FALSE_GRASP,1,TRAIN,NO_EFFECT,,29,0.05494210490304155,-0.2363002851886503,1.1664788569566638,0.07909284671417362,-6.661338147750939e-16,0.0,0.030953408439358843,0.07120947317253856,4,20260930-045815_t3s5h1GT4
t3s5h1GT4|FG-3|k2,t3s5h1GT4,FG-3,FALSE_GRASP,2,TRAIN,VERIFIED_RECOVERY,,34,0.05494210490304155,-0.2363002851886503,1.1664788569566638,0.07909284671417362,-7.771561172376096e-16,0.014549101456724056,0.020745813356938203,0.005742444354177386,4,20260930-045815_t3s5h1GT4
t3s5h1GT4|FG-3|k3,t3s5h1GT4,FG-3,FALSE_GRASP,3,TRAIN,VERIFIED_RECOVERY,,39,0.05494210490304155,-0.2363002851886503,1.1664788569566638,0.07909284671417362,-6.661338147750939e-16,0.03120083755664549,0.01273464772414934,0.02798156798082066,4,20260930-045815_t3s5h1GT4
t3s5h1GT4|FG-3|k4,t3s5h1GT4,FG-3,FALSE_GRASP,4,TRAIN,NO_EFFECT,,44,0.05494210490304155,-0.2363002851886503,1.1664788569566638,0.07909284671417362,-6.661338147750939e-16,0.0,0.038958323205904255,0.009198662331329988,4,20260930-045815_t3s5h1GT4
t3s6h1GT4|FG-1|k1,t3s6h1GT4,FG-1,FALSE_GRASP,1,TEST,NO_EFFECT,False,9,0.016784011129878398,-0.23019404974660018,1.2244929264736841,0.029731228138330255,-2.220446049250313e-16,0.0011119882217021093,0.00032872742653700104,0.029731228138330255,4,20260930-050130_t3s6h1GT4
t3s6h1GT4|FG-1|k2,t3s6h1GT4,FG-1,FALSE_GRASP,2,TEST,NO_EFFECT,False,14,0.016784011129878398,-0.23019404974660018,1.2244929264736841,0.029731228138330255,-2.220446049250313e-16,0.0011117924706554039,0.00032878011947057306,0.029731228138330255,4,20260930-050130_t3s6h1GT4
t3s6h1GT4|FG-1|k3,t3s6h1GT4,FG-1,FALSE_GRASP,3,TEST,NO_EFFECT,False,19,0.016784011129878398,-0.23019404974660018,1.2244929264736841,0.029731228138330255,-2.220446049250313e-16,0.001111594916973102,0.0003288338080646436,0.029731228138330255,4,20260930-050130_t3s6h1GT4
t3s6h1GT4|FG-1|k4,t3s6h1GT4,FG-1,FALSE_GRASP,4,TEST,NO_EFFECT,False,24,0.016784011129878398,-0.23019404974660018,1.2244929264736841,0.029731228138330255,-2.220446049250313e-16,0.0011113955978805379,0.00032888848455342456,0.029731228138330255,4,20260930-050130_t3s6h1GT4
t3s6h1GT4|FG-3|k1,t3s6h1GT4,FG-3,FALSE_GRASP,1,TEST,VERIFIED_RECOVERY,,29,0.016784011129878398,-0.23019404974660018,1.2244929264736841,0.029731228138330255,-8.881784197001252e-16,0.04455475254232444,0.04672288234232008,0.004787619460360623,4,20260930-050130_t3s6h1GT4
t3s6h1GT4|FG-3|k2,t3s6h1GT4,FG-3,FALSE_GRASP,2,TEST,VERIFIED_RECOVERY,,34,0.016784011129878398,-0.23019404974660018,1.2244929264736841,0.029731228138330255,-8.881784197001252e-16,0.01121887932599508,0.028548668119439125,0.004975983756643805,4,20260930-050130_t3s6h1GT4
t3s6h1GT4|FG-3|k3,t3s6h1GT4,FG-3,FALSE_GRASP,3,TEST,VERIFIED_RECOVERY,,39,0.016784011129878398,-0.23019404974660018,1.2244929264736841,0.029731228138330255,-8.881784197001252e-16,0.0,0.047507085671081084,0.0050095139399714324,4,20260930-050130_t3s6h1GT4
t3s6h1GT4|FG-3|k4,t3s6h1GT4,FG-3,FALSE_GRASP,4,TEST,VERIFIED_RECOVERY,,44,0.016784011129878398,-0.23019404974660018,1.2244929264736841,0.029731228138330255,-8.881784197001252e-16,0.0,0.07374795578806986,0.004998067276888001,4,20260930-050130_t3s6h1GT4
t3s6h1P2T3|FG-1|k1,t3s6h1P2T3,FG-1,FALSE_GRASP,1,TEST,NO_EFFECT,False,8,0.02982496095337103,-0.2681456801782926,1.2398047429178511,0.010789511061939037,-1.1102230246251565e-16,0.0055448756790972276,-0.0021541765557627768,0.0014363261766422155,4,20260930-050454_t3s6h1P2T3
t3s6h1P2T3|FG-1|k2,t3s6h1P2T3,FG-1,FALSE_GRASP,2,TEST,NO_EFFECT,False,13,0.02982496095337103,-0.2681456801782926,1.2398047429178511,0.010789511061939037,-1.1102230246251565e-16,0.005547262764660887,-0.0021541369821089784,0.0014436952094325443,4,20260930-050454_t3s6h1P2T3
t3s6h1P2T3|FG-1|k3,t3s6h1P2T3,FG-1,FALSE_GRASP,3,TEST,NO_EFFECT,False,18,0.02982496095337103,-0.2681456801782926,1.2398047429178511,0.010789511061939037,-1.1102230246251565e-16,0.005549655887705951,-0.0021540973819215714,0.001451232590001645,4,20260930-050454_t3s6h1P2T3
t3s6h1P2T3|FG-1|k4,t3s6h1P2T3,FG-1,FALSE_GRASP,4,TEST,NO_EFFECT,False,23,0.02982496095337103,-0.2681456801782926,1.2398047429178511,0.010789511061939037,-1.1102230246251565e-16,0.005552053223066622,-0.00215405775582983,0.0014589422697303773,4,20260930-050454_t3s6h1P2T3
t3s6h1P2T3|FG-3|k1,t3s6h1P2T3,FG-3,FALSE_GRASP,1,TEST,NO_EFFECT,,28,0.02982496095337103,-0.2681456801782926,1.2398047429178511,0.010789511061939037,-7.771561172376096e-16,0.0,0.10231211524324302,0.010789511061939037,4,20260930-050454_t3s6h1P2T3
t3s6h1P2T3|FG-3|k2,t3s6h1P2T3,FG-3,FALSE_GRASP,2,TEST,NO_EFFECT,,33,0.02982496095337103,-0.2681456801782926,1.2398047429178511,0.010789511061939037,-7.771561172376096e-16,0.0,0.1416181587111916,0.010789511061939037,4,20260930-050454_t3s6h1P2T3
t3s6h1P2T3|FG-3|k3,t3s6h1P2T3,FG-3,FALSE_GRASP,3,TEST,NO_EFFECT,,38,0.02982496095337103,-0.2681456801782926,1.2398047429178511,0.010789511061939037,-7.771561172376096e-16,0.0,0.15565072865732654,0.010789511061939037,4,20260930-050454_t3s6h1P2T3
t3s6h1P2T3|FG-3|k4,t3s6h1P2T3,FG-3,FALSE_GRASP,4,TEST,NO_EFFECT,,43,0.02982496095337103,-0.2681456801782926,1.2398047429178511,0.010789511061939037,-7.771561172376096e-16,0.0,0.14402854465949144,0.010789511061939037,4,20260930-050454_t3s6h1P2T3
t3s7h1CT4|FG-1|k1,t3s7h1CT4,FG-1,FALSE_GRASP,1,TEST,NO_EFFECT,False,9,0.008386520485160526,-0.21559593822792716,1.1402774377025788,0.0569421387293277,-2.220446049250313e-16,7.102194172703413e-05,0.008962272292754758,0.031448251030101064,4,20260930-050816_t3s7h1CT4
t3s7h1CT4|FG-1|k2,t3s7h1CT4,FG-1,FALSE_GRASP,2,TEST,NO_EFFECT,False,14,0.008386520485160526,-0.21559593822792716,1.1402774377025788,0.0569421387293277,-2.220446049250313e-16,7.191328572897504e-05,0.008960927375563477,0.03145080355656301,4,20260930-050816_t3s7h1CT4
t3s7h1CT4|FG-1|k3,t3s7h1CT4,FG-1,FALSE_GRASP,3,TEST,NO_EFFECT,False,19,0.008386520485160526,-0.21559593822792716,1.1402774377025788,0.0569421387293277,-2.220446049250313e-16,7.340179437931305e-05,0.008959588755138193,0.03145336284208977,4,20260930-050816_t3s7h1CT4
t3s7h1CT4|FG-1|k4,t3s7h1CT4,FG-1,FALSE_GRASP,4,TEST,NO_EFFECT,False,24,0.008386520485160526,-0.21559593822792716,1.1402774377025788,0.0569421387293277,-2.220446049250313e-16,7.584979489627663e-05,0.008958257875900266,0.031455929379901805,4,20260930-050816_t3s7h1CT4
t3s7h1CT4|FG-3|k1,t3s7h1CT4,FG-3,FALSE_GRASP,1,TEST,NO_EFFECT,,29,0.008386520485160526,-0.21559593822792716,1.1402774377025788,0.0569421387293277,-8.881784197001252e-16,0.030713937558120463,0.007442998786091726,0.0569421387293277,4,20260930-050816_t3s7h1CT4
t3s7h1CT4|FG-3|k2,t3s7h1CT4,FG-3,FALSE_GRASP,2,TEST,NO_EFFECT,,34,0.008386520485160526,-0.21559593822792716,1.1402774377025788,0.0569421387293277,-8.881784197001252e-16,0.0,0.027127869798474813,0.027437087361530776,4,20260930-050816_t3s7h1CT4
t3s7h1CT4|FG-3|k3,t3s7h1CT4,FG-3,FALSE_GRASP,3,TEST,NO_EFFECT,,39,0.008386520485160526,-0.21559593822792716,1.1402774377025788,0.0569421387293277,-8.881784197001252e-16,0.00882657477846327,0.046495132590838595,0.0569421387293277,4,20260930-050816_t3s7h1CT4
t3s7h1CT4|FG-3|k4,t3s7h1CT4,FG-3,FALSE_GRASP,4,TEST,NO_EFFECT,,44,0.008386520485160526,-0.21559593822792716,1.1402774377025788,0.0569421387293277,-8.881784197001252e-16,0.05287403348311992,0.006900982343227113,0.0569421387293277,4,20260930-050816_t3s7h1CT4
t3s7h1GT4|FG-1|k1,t3s7h1GT4,FG-1,FALSE_GRASP,1,TEST,NO_EFFECT,False,9,0.034476969534729736,-0.21564976334049962,1.1866146141199108,0.07802640446939432,-2.220446049250313e-16,0.008521597862313657,-0.0008691972352120048,0.07802640446939432,4,20260930-051138_t3s7h1GT4
t3s7h1GT4|FG-1|k2,t3s7h1GT4,FG-1,FALSE_GRASP,2,TEST,NO_EFFECT,False,14,0.034476969534729736,-0.21564976334049962,1.1866146141199108,0.07802640446939432,-2.220446049250313e-16,0.00852097353422665,-0.0008694599335785647,0.07802640446939432,4,20260930-051138_t3s7h1GT4
t3s7h1GT4|FG-1|k3,t3s7h1GT4,FG-1,FALSE_GRASP,3,TEST,NO_EFFECT,False,19,0.034476969534729736,-0.21564976334049962,1.1866146141199108,0.07802640446939432,-2.220446049250313e-16,0.00852034182596606,-0.0008697206167547766,0.07802640446939432,4,20260930-051138_t3s7h1GT4
t3s7h1GT4|FG-1|k4,t3s7h1GT4,FG-1,FALSE_GRASP,4,TEST,NO_EFFECT,False,24,0.034476969534729736,-0.21564976334049962,1.1866146141199108,0.07802640446939432,-2.220446049250313e-16,0.008519702797863626,-0.0008699791768043696,0.07802640446939432,4,20260930-051138_t3s7h1GT4
t3s7h1GT4|FG-3|k1,t3s7h1GT4,FG-3,FALSE_GRASP,1,TEST,NO_EFFECT,,29,0.034476969534729736,-0.21564976334049962,1.1866146141199108,0.07802640446939432,-8.881784197001252e-16,0.0,0.07075020982981717,0.07802640446939432,4,20260930-051138_t3s7h1GT4
t3s7h1GT4|FG-3|k2,t3s7h1GT4,FG-3,FALSE_GRASP,2,TEST,NO_EFFECT,,34,0.034476969534729736,-0.21564976334049962,1.1866146141199108,0.07802640446939432,-8.881784197001252e-16,0.0,0.06704472453909543,0.07688663038862781,4,20260930-051138_t3s7h1GT4
t3s7h1GT4|FG-3|k3,t3s7h1GT4,FG-3,FALSE_GRASP,3,TEST,NO_EFFECT,,39,0.034476969534729736,-0.21564976334049962,1.1866146141199108,0.07802640446939432,-8.881784197001252e-16,0.0,0.08203834888599165,0.07802640446939432,4,20260930-051138_t3s7h1GT4
t3s7h1GT4|FG-3|k4,t3s7h1GT4,FG-3,FALSE_GRASP,4,TEST,NO_EFFECT,,44,0.034476969534729736,-0.21564976334049962,1.1866146141199108,0.07802640446939432,-8.881784197001252e-16,0.0,0.09312356125312321,0.07802640446939432,4,20260930-051138_t3s7h1GT4
t3s8h1CT4|FG-1|k1,t3s8h1CT4,FG-1,FALSE_GRASP,1,TRAIN,NO_EFFECT,False,9,0.048205926979772,-0.25653318384507096,1.1524764407218255,0.07831890501447614,-1.1102230246251565e-16,0.0001485399970664325,0.0005428484524083177,0.07831890501447614,4,20260930-051510_t3s8h1CT4
t3s8h1CT4|FG-1|k2,t3s8h1CT4,FG-1,FALSE_GRASP,2,TRAIN,NO_EFFECT,False,14,0.048205926979772,-0.25653318384507096,1.1524764407218255,0.07831890501447614,-1.1102230246251565e-16,0.00014825614522151476,0.0005434061812726876,0.07831890501447614,4,20260930-051510_t3s8h1CT4
t3s8h1CT4|FG-1|k3,t3s8h1CT4,FG-1,FALSE_GRASP,3,TRAIN,NO_EFFECT,False,19,0.048205926979772,-0.25653318384507096,1.1524764407218255,0.07831890501447614,-1.1102230246251565e-16,0.00014796588510512798,0.0005439718862117471,0.07831890501447614,4,20260930-051510_t3s8h1CT4
t3s8h1CT4|FG-1|k4,t3s8h1CT4,FG-1,FALSE_GRASP,4,TRAIN,NO_EFFECT,False,24,0.048205926979772,-0.25653318384507096,1.1524764407218255,0.07831890501447614,-1.1102230246251565e-16,0.00014766908867280826,0.0005445456831982831,0.07831890501447614,4,20260930-051510_t3s8h1CT4
t3s8h1CT4|FG-3|k1,t3s8h1CT4,FG-3,FALSE_GRASP,1,TRAIN,VERIFIED_RECOVERY,,29,0.048205926979772,-0.25653318384507096,1.1524764407218255,0.07831890501447614,-8.881784197001252e-16,0.04927574343224772,0.029801259321058093,0.004899017558459463,4,20260930-051510_t3s8h1CT4
t3s8h1CT4|FG-3|k2,t3s8h1CT4,FG-3,FALSE_GRASP,2,TRAIN,VERIFIED_RECOVERY,,34,0.048205926979772,-0.25653318384507096,1.1524764407218255,0.07831890501447614,-7.771561172376096e-16,0.014347286713626506,0.046402673907213865,0.005005487325456727,4,20260930-051510_t3s8h1CT4
t3s8h1CT4|FG-3|k3,t3s8h1CT4,FG-3,FALSE_GRASP,3,TRAIN,VERIFIED_RECOVERY,,39,0.048205926979772,-0.25653318384507096,1.1524764407218255,0.07831890501447614,-8.881784197001252e-16,0.16963200652266064,-0.058663412979247265,0.004713993845338858,4,20260930-051510_t3s8h1CT4
t3s8h1CT4|FG-3|k4,t3s8h1CT4,FG-3,FALSE_GRASP,4,TRAIN,VERIFIED_RECOVERY,,44,0.048205926979772,-0.25653318384507096,1.1524764407218255,0.07831890501447614,-8.881784197001252e-16,0.11091795809112548,-0.017096844082379214,0.004476197382908962,4,20260930-051510_t3s8h1CT4
t3s8h1GT3|FG-1|k1,t3s8h1GT3,FG-1,FALSE_GRASP,1,TRAIN,NO_EFFECT,False,8,0.09585497939292358,-0.2449026235695157,1.1454649517657838,0.07878764300817723,-2.220446049250313e-16,0.006666460333234703,-0.005133228893019648,0.0712374373974389,4,20260930-051831_t3s8h1GT3
t3s8h1GT3|FG-1|k2,t3s8h1GT3,FG-1,FALSE_GRASP,2,TRAIN,NO_EFFECT,False,13,0.09585497939292358,-0.2449026235695157,1.1454649517657838,0.07878764300817723,-2.220446049250313e-16,0.006665151075575082,-0.005132158148268062,0.07123958774157202,4,20260930-051831_t3s8h1GT3
t3s8h1GT3|FG-1|k3,t3s8h1GT3,FG-1,FALSE_GRASP,3,TRAIN,NO_EFFECT,False,18,0.09585497939292358,-0.2449026235695157,1.1454649517657838,0.07878764300817723,-2.220446049250313e-16,0.006663829975725122,-0.005131083724132179,0.07124174770985256,4,20260930-051831_t3s8h1GT3
t3s8h1GT3|FG-1|k4,t3s8h1GT3,FG-1,FALSE_GRASP,4,TRAIN,NO_EFFECT,False,23,0.09585497939292358,-0.2449026235695157,1.1454649517657838,0.07878764300817723,-2.220446049250313e-16,0.006662497067857043,-0.005130006302106194,0.07124391787064971,4,20260930-051831_t3s8h1GT3
t3s8h1GT3|FG-3|k1,t3s8h1GT3,FG-3,FALSE_GRASP,1,TRAIN,VERIFIED_RECOVERY,,28,0.09585497939292358,-0.2449026235695157,1.1454649517657838,0.07878764300817723,-6.661338147750939e-16,0.09071491891212347,0.013408450157070984,0.013886325514519739,4,20260930-051831_t3s8h1GT3
t3s8h1GT3|FG-3|k2,t3s8h1GT3,FG-3,FALSE_GRASP,2,TRAIN,VERIFIED_RECOVERY,,33,0.09585497939292358,-0.2449026235695157,1.1454649517657838,0.07878764300817723,-6.661338147750939e-16,0.10693163019098417,0.0033043602767398594,0.004428577997623764,4,20260930-051831_t3s8h1GT3
t3s8h1GT3|FG-3|k3,t3s8h1GT3,FG-3,FALSE_GRASP,3,TRAIN,NO_EFFECT,,38,0.09585497939292358,-0.2449026235695157,1.1454649517657838,0.07878764300817723,-8.881784197001252e-16,0.006216377560734232,0.015913452295323482,0.07135986776836556,4,20260930-051831_t3s8h1GT3
t3s8h1GT3|FG-3|k4,t3s8h1GT3,FG-3,FALSE_GRASP,4,TRAIN,VERIFIED_RECOVERY,,43,0.09585497939292358,-0.2449026235695157,1.1454649517657838,0.07878764300817723,-7.771561172376096e-16,0.1529394011771974,-0.06405518714161118,0.005002200909169958,4,20260930-051831_t3s8h1GT3
t3s8h1P2T2|FG-1|k1,t3s8h1P2T2,FG-1,FALSE_GRASP,1,TRAIN,NO_EFFECT,False,7,0.05041110578187434,-0.22492853269333699,1.2024338734174742,0.07802277581979787,-2.220446049250313e-16,0.001528542459675819,0.002282512517877422,0.07802277581979787,4,20260930-052157_t3s8h1P2T2
t3s8h1P2T2|FG-1|k2,t3s8h1P2T2,FG-1,FALSE_GRASP,2,TRAIN,NO_EFFECT,False,12,0.05041110578187434,-0.22492853269333699,1.2024338734174742,0.07802277581979787,-2.220446049250313e-16,0.0015359049974121852,0.002281703090295073,0.07802277581979787,4,20260930-052157_t3s8h1P2T2
t3s8h1P2T2|FG-1|k3,t3s8h1P2T2,FG-1,FALSE_GRASP,3,TRAIN,NO_EFFECT,False,17,0.05041110578187434,-0.22492853269333699,1.2024338734174742,0.07802277581979787,-2.220446049250313e-16,0.0015433615702389325,0.0022808877084081747,0.07802277581979787,4,20260930-052157_t3s8h1P2T2
t3s8h1P2T2|FG-1|k4,t3s8h1P2T2,FG-1,FALSE_GRASP,4,TRAIN,NO_EFFECT,False,22,0.05041110578187434,-0.22492853269333699,1.2024338734174742,0.07802277581979787,-2.220446049250313e-16,0.0015509109865752269,0.002280066555379545,0.07802277581979787,4,20260930-052157_t3s8h1P2T2
t3s8h1P2T2|FG-3|k1,t3s8h1P2T2,FG-3,FALSE_GRASP,1,TRAIN,VERIFIED_RECOVERY,,27,0.05041110578187434,-0.22492853269333699,1.2024338734174742,0.07802277581979787,-8.881784197001252e-16,0.0,0.048474731853146324,0.005296364651420896,4,20260930-052157_t3s8h1P2T2
t3s8h1P2T2|FG-3|k2,t3s8h1P2T2,FG-3,FALSE_GRASP,2,TRAIN,NO_EFFECT,,32,0.05041110578187434,-0.22492853269333699,1.2024338734174742,0.07802277581979787,-8.881784197001252e-16,0.0,0.0207743341211154,0.07802277581979787,4,20260930-052157_t3s8h1P2T2
t3s8h1P2T2|FG-3|k3,t3s8h1P2T2,FG-3,FALSE_GRASP,3,TRAIN,VERIFIED_RECOVERY,,37,0.05041110578187434,-0.22492853269333699,1.2024338734174742,0.07802277581979787,-1.1102230246251565e-15,0.0,0.047776336433705324,0.008599889784006151,4,20260930-052157_t3s8h1P2T2
t3s8h1P2T2|FG-3|k4,t3s8h1P2T2,FG-3,FALSE_GRASP,4,TRAIN,NO_EFFECT,,42,0.05041110578187434,-0.22492853269333699,1.2024338734174742,0.07802277581979787,-9.992007221626409e-16,0.0,0.03165166490258331,0.07347913315829159,4,20260930-052157_t3s8h1P2T2
t3s9h1GT4|FG-1|k1,t3s9h1GT4,FG-1,FALSE_GRASP,1,TRAIN,NO_EFFECT,False,9,0.15504706491700848,0.07118585840801976,1.2593351065952483,0.00498606692109232,-2.220446049250313e-16,0.0,0.026236629406937384,0.00498606692109232,4,20260930-052511_t3s9h1GT4
t3s9h1GT4|FG-1|k2,t3s9h1GT4,FG-1,FALSE_GRASP,2,TRAIN,NO_EFFECT,False,14,0.15504706491700848,0.07118585840801976,1.2593351065952483,0.00498606692109232,-2.220446049250313e-16,0.0,0.02616441842572864,0.00498606692109232,4,20260930-052511_t3s9h1GT4
t3s9h1GT4|FG-1|k3,t3s9h1GT4,FG-1,FALSE_GRASP,3,TRAIN,NO_EFFECT,False,19,0.15504706491700848,0.07118585840801976,1.2593351065952483,0.00498606692109232,-2.220446049250313e-16,0.0,0.026091807979988058,0.00498606692109232,4,20260930-052511_t3s9h1GT4
t3s9h1GT4|FG-1|k4,t3s9h1GT4,FG-1,FALSE_GRASP,4,TRAIN,NO_EFFECT,False,24,0.15504706491700848,0.07118585840801976,1.2593351065952483,0.00498606692109232,-2.220446049250313e-16,0.0,0.026018815436430698,0.00498606692109232,4,20260930-052511_t3s9h1GT4
t3s9h1GT4|FG-3|k1,t3s9h1GT4,FG-3,FALSE_GRASP,1,TRAIN,HARM,,29,0.15504706491700848,0.07118585840801976,1.2593351065952483,0.00498606692109232,-8.881784197001252e-16,0.0,0.13333650019287874,0.00498606692109232,4,20260930-052511_t3s9h1GT4
t3s9h1GT4|FG-3|k2,t3s9h1GT4,FG-3,FALSE_GRASP,2,TRAIN,HARM,,34,0.15504706491700848,0.07118585840801976,1.2593351065952483,0.00498606692109232,-8.881784197001252e-16,0.0,0.1898326238932483,0.00498606692109232,4,20260930-052511_t3s9h1GT4
t3s9h1GT4|FG-3|k3,t3s9h1GT4,FG-3,FALSE_GRASP,3,TRAIN,HARM,,39,0.15504706491700848,0.07118585840801976,1.2593351065952483,0.00498606692109232,-8.881784197001252e-16,0.0,0.15476333336185022,0.00498606692109232,4,20260930-052511_t3s9h1GT4
t3s9h1GT4|FG-3|k4,t3s9h1GT4,FG-3,FALSE_GRASP,4,TRAIN,HARM,,44,0.15504706491700848,0.07118585840801976,1.2593351065952483,0.00498606692109232,-8.881784197001252e-16,0.0,0.2061992103119343,0.00498606692109232,4,20260930-052511_t3s9h1GT4
t3s9h1P2T3|FG-1|k1,t3s9h1P2T3,FG-1,FALSE_GRASP,1,TRAIN,NO_EFFECT,False,8,0.05308042660141111,-0.1596791572966075,1.2485222129543465,0.0042155436998922635,-2.220446049250313e-16,0.003411519587085632,-0.0021458595400730696,0.004170892138609681,4,20260930-052843_t3s9h1P2T3
t3s9h1P2T3|FG-1|k2,t3s9h1P2T3,FG-1,FALSE_GRASP,2,TRAIN,NO_EFFECT,False,13,0.05308042660141111,-0.1596791572966075,1.2485222129543465,0.0042155436998922635,-2.220446049250313e-16,0.0034107380531063214,-0.002145226439955017,0.0041709774167931184,4,20260930-052843_t3s9h1P2T3
t3s9h1P2T3|FG-1|k3,t3s9h1P2T3,FG-1,FALSE_GRASP,3,TRAIN,NO_EFFECT,False,18,0.05308042660141111,-0.1596791572966075,1.2485222129543465,0.0042155436998922635,-2.220446049250313e-16,0.003409946695793753,-0.0021445851415494155,0.0041710627086182965,4,20260930-052843_t3s9h1P2T3
t3s9h1P2T3|FG-1|k4,t3s9h1P2T3,FG-1,FALSE_GRASP,4,TRAIN,NO_EFFECT,False,23,0.05308042660141111,-0.1596791572966075,1.2485222129543465,0.0042155436998922635,-2.220446049250313e-16,0.0034091455413520766,-0.0021439356545808197,0.004171148013984721,4,20260930-052843_t3s9h1P2T3
t3s9h1P2T3|FG-3|k1,t3s9h1P2T3,FG-3,FALSE_GRASP,1,TRAIN,VERIFIED_RECOVERY,,28,0.05308042660141111,-0.1596791572966075,1.2485222129543465,0.0042155436998922635,-8.881784197001252e-16,0.0,0.0437329254042092,0.00406220082918397,4,20260930-052843_t3s9h1P2T3
t3s9h1P2T3|FG-3|k2,t3s9h1P2T3,FG-3,FALSE_GRASP,2,TRAIN,VERIFIED_RECOVERY,,33,0.05308042660141111,-0.1596791572966075,1.2485222129543465,0.0042155436998922635,-8.881784197001252e-16,0.0,0.01880089214170333,0.004067328847425604,4,20260930-052843_t3s9h1P2T3
t3s9h1P2T3|FG-3|k3,t3s9h1P2T3,FG-3,FALSE_GRASP,3,TRAIN,VERIFIED_RECOVERY,,38,0.05308042660141111,-0.1596791572966075,1.2485222129543465,0.0042155436998922635,-8.881784197001252e-16,0.0,0.056459854060434356,0.004085749697092841,4,20260930-052843_t3s9h1P2T3
t3s9h1P2T3|FG-3|k4,t3s9h1P2T3,FG-3,FALSE_GRASP,4,TRAIN,HARM,,43,0.05308042660141111,-0.1596791572966075,1.2485222129543465,0.0042155436998922635,-8.881784197001252e-16,0.0,0.14027267105140442,0.004076619965291956,4,20260930-052843_t3s9h1P2T3
t3s10h1CT4|FG-1|k1,t3s10h1CT4,FG-1,FALSE_GRASP,1,VAL,NO_EFFECT,False,9,0.05962982696134766,-0.3232443288070619,1.1394293916126004,0.08004389244445835,-2.220446049250313e-16,0.004304237551262302,-0.003849504410771809,0.07996559858100127,4,20260930-053213_t3s10h1CT4
t3s10h1CT4|FG-1|k2,t3s10h1CT4,FG-1,FALSE_GRASP,2,VAL,NO_EFFECT,False,14,0.05962982696134766,-0.3232443288070619,1.1394293916126004,0.08004389244445835,-2.220446049250313e-16,0.004303114147292897,-0.003848576648603552,0.07996561747195179,4,20260930-053213_t3s10h1CT4
t3s10h1CT4|FG-1|k3,t3s10h1CT4,FG-1,FALSE_GRASP,3,VAL,NO_EFFECT,False,19,0.05962982696134766,-0.3232443288070619,1.1394293916126004,0.08004389244445835,-2.220446049250313e-16,0.004301981000191857,-0.0038476378736983508,0.07996563723349215,4,20260930-053213_t3s10h1CT4
t3s10h1CT4|FG-1|k4,t3s10h1CT4,FG-1,FALSE_GRASP,4,VAL,NO_EFFECT,False,24,0.05962982696134766,-0.3232443288070619,1.1394293916126004,0.08004389244445835,-2.220446049250313e-16,0.004300837735374596,-0.003846692891745107,0.07996565785077511,4,20260930-053213_t3s10h1CT4
t3s10h1CT4|FG-3|k1,t3s10h1CT4,FG-3,FALSE_GRASP,1,VAL,NO_EFFECT,,29,0.05962982696134766,-0.3232443288070619,1.1394293916126004,0.08004389244445835,-8.881784197001252e-16,0.0,0.09192619677591757,0.07908636075992048,4,20260930-053213_t3s10h1CT4
t3s10h1CT4|FG-3|k2,t3s10h1CT4,FG-3,FALSE_GRASP,2,VAL,NO_EFFECT,,34,0.05962982696134766,-0.3232443288070619,1.1394293916126004,0.08004389244445835,-8.881784197001252e-16,0.0,0.07456564901556301,0.03153298692722211,4,20260930-053213_t3s10h1CT4
t3s10h1CT4|FG-3|k3,t3s10h1CT4,FG-3,FALSE_GRASP,3,VAL,NO_EFFECT,,39,0.05962982696134766,-0.3232443288070619,1.1394293916126004,0.08004389244445835,-9.992007221626409e-16,0.04763814709195069,0.05205771720285801,0.07880246989584239,4,20260930-053213_t3s10h1CT4
t3s10h1CT4|FG-3|k4,t3s10h1CT4,FG-3,FALSE_GRASP,4,VAL,VERIFIED_RECOVERY,,44,0.05962982696134766,-0.3232443288070619,1.1394293916126004,0.08004389244445835,-8.881784197001252e-16,0.04702732337534954,0.08605226988723902,0.0009996262905974788,4,20260930-053213_t3s10h1CT4
t3s10h1GT5|FG-1|k1,t3s10h1GT5,FG-1,FALSE_GRASP,1,VAL,NO_EFFECT,False,10,0.020371315151748417,-0.3116326372811826,1.144581557493458,0.0799608541814831,-1.1102230246251565e-16,0.002222723631704948,0.0013576806584544299,0.07993990743509097,4,20260930-053536_t3s10h1GT5
t3s10h1GT5|FG-1|k2,t3s10h1GT5,FG-1,FALSE_GRASP,2,VAL,NO_EFFECT,False,15,0.020371315151748417,-0.3116326372811826,1.144581557493458,0.0799608541814831,-1.1102230246251565e-16,0.002230142365297283,0.0013570897428526463,0.07993992904286672,4,20260930-053536_t3s10h1GT5
t3s10h1GT5|FG-1|k3,t3s10h1GT5,FG-1,FALSE_GRASP,3,VAL,NO_EFFECT,False,20,0.020371315151748417,-0.3116326372811826,1.144581557493458,0.0799608541814831,-1.1102230246251565e-16,0.0022375311841120737,0.0013564908260014774,0.07993995069144849,4,20260930-053536_t3s10h1GT5
t3s10h1GT5|FG-1|k4,t3s10h1GT5,FG-1,FALSE_GRASP,4,VAL,NO_EFFECT,False,25,0.020371315151748417,-0.3116326372811826,1.144581557493458,0.0799608541814831,-1.1102230246251565e-16,0.002244886091132381,0.001355883989290707,0.07993997238079772,4,20260930-053536_t3s10h1GT5
t3s10h1GT5|FG-3|k1,t3s10h1GT5,FG-3,FALSE_GRASP,1,VAL,VERIFIED_RECOVERY,,30,0.020371315151748417,-0.3116326372811826,1.144581557493458,0.0799608541814831,-7.771561172376096e-16,0.09113519601669151,0.011206893444502597,0.036456152245098614,4,20260930-053536_t3s10h1GT5
t3s10h1GT5|FG-3|k2,t3s10h1GT5,FG-3,FALSE_GRASP,2,VAL,NO_EFFECT,,35,0.020371315151748417,-0.3116326372811826,1.144581557493458,0.0799608541814831,-7.771561172376096e-16,0.02992441113947164,0.03221011672170293,0.07950297904644224,4,20260930-053536_t3s10h1GT5
t3s10h1GT5|FG-3|k3,t3s10h1GT5,FG-3,FALSE_GRASP,3,VAL,NO_EFFECT,,40,0.020371315151748417,-0.3116326372811826,1.144581557493458,0.0799608541814831,-7.771561172376096e-16,0.02274952550304299,0.045120653163996494,0.0712057035501412,4,20260930-053536_t3s10h1GT5
t3s10h1GT5|FG-3|k4,t3s10h1GT5,FG-3,FALSE_GRASP,4,VAL,VERIFIED_RECOVERY,,45,0.020371315151748417,-0.3116326372811826,1.144581557493458,0.0799608541814831,-9.992007221626409e-16,0.02105236006083011,0.06259931503796723,0.005125914917167207,4,20260930-053536_t3s10h1GT5
t3s10h1P2T4|FG-1|k1,t3s10h1P2T4,FG-1,FALSE_GRASP,1,VAL,NO_EFFECT,False,9,0.11754579791958067,-0.25880191255209506,1.222308048415918,0.012233530119621392,-1.1102230246251565e-16,0.0019591363879323254,0.0012159540518033585,0.010804626671610869,4,20260930-053903_t3s10h1P2T4
t3s10h1P2T4|FG-1|k2,t3s10h1P2T4,FG-1,FALSE_GRASP,2,VAL,NO_EFFECT,False,14,0.11754579791958067,-0.25880191255209506,1.222308048415918,0.012233530119621392,-1.1102230246251565e-16,0.0019684530343677675,0.0012158831944033,0.010806038824449991,4,20260930-053903_t3s10h1P2T4
t3s10h1P2T4|FG-1|k3,t3s10h1P2T4,FG-1,FALSE_GRASP,3,VAL,NO_EFFECT,False,19,0.11754579791958067,-0.25880191255209506,1.222308048415918,0.012233530119621392,-1.1102230246251565e-16,0.0019778693018481786,0.0012158074106120575,0.010807453455667314,4,20260930-053903_t3s10h1P2T4
t3s10h1P2T4|FG-1|k4,t3s10h1P2T4,FG-1,FALSE_GRASP,4,VAL,NO_EFFECT,False,24,0.11754579791958067,-0.25880191255209506,1.222308048415918,0.012233530119621392,-1.1102230246251565e-16,0.001987383739759707,0.0012157266171037295,0.010808870569614219,4,20260930-053903_t3s10h1P2T4
t3s10h1P2T4|FG-3|k1,t3s10h1P2T4,FG-3,FALSE_GRASP,1,VAL,NO_EFFECT,,29,0.11754579791958067,-0.25880191255209506,1.222308048415918,0.012233530119621392,-7.771561172376096e-16,0.0,0.066936792837406,0.012233530119621392,4,20260930-053903_t3s10h1P2T4
t3s10h1P2T4|FG-3|k2,t3s10h1P2T4,FG-3,FALSE_GRASP,2,VAL,NO_EFFECT,,34,0.11754579791958067,-0.25880191255209506,1.222308048415918,0.012233530119621392,-7.771561172376096e-16,0.0,0.14646441738560212,0.012233530119621392,4,20260930-053903_t3s10h1P2T4
t3s10h1P2T4|FG-3|k3,t3s10h1P2T4,FG-3,FALSE_GRASP,3,VAL,NO_EFFECT,,39,0.11754579791958067,-0.25880191255209506,1.222308048415918,0.012233530119621392,-7.771561172376096e-16,0.0,0.12440313671884423,0.012233530119621392,4,20260930-053903_t3s10h1P2T4
t3s10h1P2T4|FG-3|k4,t3s10h1P2T4,FG-3,FALSE_GRASP,4,VAL,NO_EFFECT,,44,0.11754579791958067,-0.25880191255209506,1.222308048415918,0.012233530119621392,-7.771561172376096e-16,0.0,0.12048038617654477,0.012233530119621392,4,20260930-053903_t3s10h1P2T4
t3s11h1CT4|FG-1|k1,t3s11h1CT4,FG-1,FALSE_GRASP,1,TEST,NO_EFFECT,False,9,0.011084441680353527,-0.3162987308096905,1.1585744689691826,0.029850474058681357,-2.220446049250313e-16,0.002826053419998642,0.0006913518735429114,0.029850474058681357,4,20260930-054235_t3s11h1CT4
t3s11h1CT4|FG-1|k2,t3s11h1CT4,FG-1,FALSE_GRASP,2,TEST,NO_EFFECT,False,14,0.011084441680353527,-0.3162987308096905,1.1585744689691826,0.029850474058681357,-2.220446049250313e-16,0.0028321059290730144,0.0006896414028630948,0.029850474058681357,4,20260930-054235_t3s11h1CT4
t3s11h1CT4|FG-1|k3,t3s11h1CT4,FG-1,FALSE_GRASP,3,TEST,NO_EFFECT,False,19,0.011084441680353527,-0.3162987308096905,1.1585744689691826,0.029850474058681357,-2.220446049250313e-16,0.0028381942323050247,0.0006879083806787811,0.029850474058681357,4,20260930-054235_t3s11h1CT4
t3s11h1CT4|FG-1|k4,t3s11h1CT4,FG-1,FALSE_GRASP,4,TEST,NO_EFFECT,False,24,0.011084441680353527,-0.3162987308096905,1.1585744689691826,0.029850474058681357,-2.220446049250313e-16,0.002844316863760188,0.0006861529796268195,0.029850474058681357,4,20260930-054235_t3s11h1CT4
t3s11h1CT4|FG-3|k1,t3s11h1CT4,FG-3,FALSE_GRASP,1,TEST,VERIFIED_RECOVERY,,29,0.011084441680353527,-0.3162987308096905,1.1585744689691826,0.029850474058681357,-8.881784197001252e-16,0.04583362839277938,0.011319787861276298,0.01875736287916546,4,20260930-054235_t3s11h1CT4
t3s11h1CT4|FG-3|k2,t3s11h1CT4,FG-3,FALSE_GRASP,2,TEST,VERIFIED_RECOVERY,,34,0.011084441680353527,-0.3162987308096905,1.1585744689691826,0.029850474058681357,-8.881784197001252e-16,0.0,0.03269192861121972,0.010477710899873014,4,20260930-054235_t3s11h1CT4
t3s11h1CT4|FG-3|k3,t3s11h1CT4,FG-3,FALSE_GRASP,3,TEST,VERIFIED_RECOVERY,,39,0.011084441680353527,-0.3162987308096905,1.1585744689691826,0.029850474058681357,-8.881784197001252e-16,0.0036363616439749613,0.03719702750376208,0.0013001004569064348,4,20260930-054235_t3s11h1CT4
t3s11h1CT4|FG-3|k4,t3s11h1CT4,FG-3,FALSE_GRASP,4,TEST,NO_EFFECT,,44,0.011084441680353527,-0.3162987308096905,1.1585744689691826,0.029850474058681357,-8.881784197001252e-16,0.021645095422640592,0.02364967605294549,0.029850474058681357,4,20260930-054235_t3s11h1CT4
t3s12h1GT3|FG-1|k1,t3s12h1GT3,FG-1,FALSE_GRASP,1,VAL,NO_EFFECT,False,8,0.035711980730785915,-0.2215422524427414,1.1920687881587317,0.004358564060937144,0.0,0.005626862830843127,-0.0012778870771935624,0.0043144338357815806,4,20260930-054552_t3s12h1GT3
t3s12h1GT3|FG-1|k2,t3s12h1GT3,FG-1,FALSE_GRASP,2,VAL,NO_EFFECT,False,13,0.035711980730785915,-0.2215422524427414,1.1920687881587317,0.004358564060937144,0.0,0.005629711874130416,-0.0012789502388403928,0.004314462965700472,4,20260930-054552_t3s12h1GT3
t3s12h1GT3|FG-1|k3,t3s12h1GT3,FG-1,FALSE_GRASP,3,VAL,NO_EFFECT,False,18,0.035711980730785915,-0.2215422524427414,1.1920687881587317,0.004358564060937144,0.0,0.005632577578035924,-0.0012800196486281723,0.004314492025337774,4,20260930-054552_t3s12h1GT3
t3s12h1GT3|FG-1|k4,t3s12h1GT3,FG-1,FALSE_GRASP,4,VAL,NO_EFFECT,False,23,0.035711980730785915,-0.2215422524427414,1.1920687881587317,0.004358564060937144,0.0,0.00563545857654657,-0.0012810950369198104,0.0043145211560796926,4,20260930-054552_t3s12h1GT3
t3s12h1GT3|FG-3|k1,t3s12h1GT3,FG-3,FALSE_GRASP,1,VAL,VERIFIED_RECOVERY,,28,0.035711980730785915,-0.2215422524427414,1.1920687881587317,0.004358564060937144,-7.771561172376096e-16,0.05902347013792841,-0.003957490198527147,0.0042191038684045775,4,20260930-054552_t3s12h1GT3
t3s12h1GT3|FG-3|k2,t3s12h1GT3,FG-3,FALSE_GRASP,2,VAL,VERIFIED_RECOVERY,,33,0.035711980730785915,-0.2215422524427414,1.1920687881587317,0.004358564060937144,-7.771561172376096e-16,0.06202559476365277,0.0022075268557720795,0.004221966667461965,4,20260930-054552_t3s12h1GT3
t3s12h1GT3|FG-3|k3,t3s12h1GT3,FG-3,FALSE_GRASP,3,VAL,VERIFIED_RECOVERY,,38,0.035711980730785915,-0.2215422524427414,1.1920687881587317,0.004358564060937144,-7.771561172376096e-16,0.09009709840378011,-0.013397085237759121,0.004213387253043129,4,20260930-054552_t3s12h1GT3
t3s12h1GT3|FG-3|k4,t3s12h1GT3,FG-3,FALSE_GRASP,4,VAL,VERIFIED_RECOVERY,,43,0.035711980730785915,-0.2215422524427414,1.1920687881587317,0.004358564060937144,-7.771561172376096e-16,0.09179252209155453,-0.007866825459594995,0.0042144300603833154,4,20260930-054552_t3s12h1GT3
t3s12h1P2T4|FG-1|k1,t3s12h1P2T4,FG-1,FALSE_GRASP,1,VAL,NO_EFFECT,False,9,0.01995097644202636,-0.24189242448437476,1.1762394659560147,0.07881560549079777,-2.220446049250313e-16,0.010485887134146221,-0.008248339360894363,0.07881560549079777,4,20260930-054912_t3s12h1P2T4
t3s12h1P2T4|FG-1|k2,t3s12h1P2T4,FG-1,FALSE_GRASP,2,VAL,NO_EFFECT,False,14,0.01995097644202636,-0.24189242448437476,1.1762394659560147,0.07881560549079777,-2.220446049250313e-16,0.010479805411012233,-0.008242946532013351,0.07881560549079777,4,20260930-054912_t3s12h1P2T4
t3s12h1P2T4|FG-1|k3,t3s12h1P2T4,FG-1,FALSE_GRASP,3,VAL,NO_EFFECT,False,19,0.01995097644202636,-0.24189242448437476,1.1762394659560147,0.07881560549079777,-2.220446049250313e-16,0.010473616928843077,-0.008237473044131527,0.07881560549079777,4,20260930-054912_t3s12h1P2T4
t3s12h1P2T4|FG-1|k4,t3s12h1P2T4,FG-1,FALSE_GRASP,4,VAL,NO_EFFECT,False,24,0.01995097644202636,-0.24189242448437476,1.1762394659560147,0.07881560549079777,-2.220446049250313e-16,0.010467321429312282,-0.008231919141881483,0.07881560549079777,4,20260930-054912_t3s12h1P2T4
t3s12h1P2T4|FG-3|k1,t3s12h1P2T4,FG-3,FALSE_GRASP,1,VAL,NO_EFFECT,,29,0.01995097644202636,-0.24189242448437476,1.1762394659560147,0.07881560549079777,-8.881784197001252e-16,0.0,0.04649132202138678,0.001073813106334128,4,20260930-054912_t3s12h1P2T4
t3s12h1P2T4|FG-3|k2,t3s12h1P2T4,FG-3,FALSE_GRASP,2,VAL,VERIFIED_RECOVERY,,34,0.01995097644202636,-0.24189242448437476,1.1762394659560147,0.07881560549079777,-8.881784197001252e-16,0.10992411456123419,-0.01026751005813309,0.004424713474925671,4,20260930-054912_t3s12h1P2T4
t3s12h1P2T4|FG-3|k3,t3s12h1P2T4,FG-3,FALSE_GRASP,3,VAL,VERIFIED_RECOVERY,,39,0.01995097644202636,-0.24189242448437476,1.1762394659560147,0.07881560549079777,-8.881784197001252e-16,0.051998270832525284,0.024759095601976033,0.0049818745741278475,4,20260930-054912_t3s12h1P2T4
t3s12h1P2T4|FG-3|k4,t3s12h1P2T4,FG-3,FALSE_GRASP,4,VAL,VERIFIED_RECOVERY,,44,0.01995097644202636,-0.24189242448437476,1.1762394659560147,0.07881560549079777,-8.881784197001252e-16,0.046469528014216444,0.03210240307281559,0.005024433892289355,4,20260930-054912_t3s12h1P2T4
t5s18h1P2T7|RS-1|k1,t5s18h1P2T7,RS-1,RELEASE_PREDICATE_STALL,1,TRAIN,NO_EFFECT,,13,0.01467151375267593,0.23706668876160103,0.9734199538526483,0.07816466537295451,-7.511439359397798e-09,0.0,-0.0013020642394256932,0.07816466537295451,4,20260930-055236_t5s18h1P2T7
t5s18h1P2T7|RS-1|k2,t5s18h1P2T7,RS-1,RELEASE_PREDICATE_STALL,2,TRAIN,NO_EFFECT,,19,0.01467151375267593,0.23706668876160103,0.9734199538526483,0.07816466537295451,-7.498284326779014e-09,0.0,-0.0013093328626123668,0.07816466537295451,4,20260930-055236_t5s18h1P2T7
t5s18h1P2T7|RS-1|k3,t5s18h1P2T7,RS-1,RELEASE_PREDICATE_STALL,3,TRAIN,NO_EFFECT,,25,0.01467151375267593,0.23706668876160103,0.9734199538526483,0.07816466537295451,-7.485129405182533e-09,0.0,-0.0013163992260281088,0.07816466537295451,4,20260930-055236_t5s18h1P2T7
t5s18h1P2T7|RS-1|k4,t5s18h1P2T7,RS-1,RELEASE_PREDICATE_STALL,4,TRAIN,NO_EFFECT,,31,0.01467151375267593,0.23706668876160103,0.9734199538526483,0.07816466537295451,-7.47197437256375e-09,0.0,-0.0013233753886154886,0.07816466537295451,4,20260930-055236_t5s18h1P2T7
t5s18h1P2T7|RS-2|k1,t5s18h1P2T7,RS-2,RELEASE_PREDICATE_STALL,1,TRAIN,NO_EFFECT,,38,0.01467151375267593,0.23706668876160103,0.9734199538526483,0.07816466537295451,-4.1663553829174305e-08,0.05788276460242747,0.02164870996998708,0.07816466537295451,4,20260930-055236_t5s18h1P2T7
t5s18h1P2T7|RS-2|k2,t5s18h1P2T7,RS-2,RELEASE_PREDICATE_STALL,2,TRAIN,NO_EFFECT,,45,0.01467151375267593,0.23706668876160103,0.9734199538526483,0.07816466537295451,-3.803243042721505e-08,0.006164903213098039,0.012804204438101957,0.07816466537295451,4,20260930-055236_t5s18h1P2T7
t5s18h1P2T7|RS-2|k3,t5s18h1P2T7,RS-2,RELEASE_PREDICATE_STALL,3,TRAIN,NO_EFFECT,,52,0.01467151375267593,0.23706668876160103,0.9734199538526483,0.07816466537295451,-3.834817863257456e-08,0.0,0.012344778927455197,0.07816466537295451,4,20260930-055236_t5s18h1P2T7
t5s18h1P2T7|RS-2|k4,t5s18h1P2T7,RS-2,RELEASE_PREDICATE_STALL,4,TRAIN,NO_EFFECT,,59,0.01467151375267593,0.23706668876160103,0.9734199538526483,0.07816466537295451,-3.8663927504067885e-08,0.0,0.015088675393548745,0.07816466537295451,4,20260930-055236_t5s18h1P2T7
t5s18h1P2T7|RS-3|k1,t5s18h1P2T7,RS-3,RELEASE_PREDICATE_STALL,1,TRAIN,NO_EFFECT,,65,0.01467151375267593,0.23706668876160103,0.9734199538526483,0.07816466537295451,-9.379457321934126e-09,0.005221130733961354,0.007174437551731749,0.07816466537295451,4,20260930-055236_t5s18h1P2T7
t5s18h1P2T7|RS-3|k2,t5s18h1P2T7,RS-3,RELEASE_PREDICATE_STALL,2,TRAIN,NO_EFFECT,,71,0.01467151375267593,0.23706668876160103,0.9734199538526483,0.07816466537295451,-9.36630217829304e-09,0.005200637432074329,0.007218324638975593,0.07816466537295451,4,20260930-055236_t5s18h1P2T7
t5s18h1P2T7|RS-3|k3,t5s18h1P2T7,RS-3,RELEASE_PREDICATE_STALL,3,TRAIN,NO_EFFECT,,77,0.01467151375267593,0.23706668876160103,0.9734199538526483,0.07816466537295451,-9.353147145674257e-09,0.005179662845843369,0.007261511011647792,0.07816466537295451,4,20260930-055236_t5s18h1P2T7
t5s18h1P2T7|RS-3|k4,t5s18h1P2T7,RS-3,RELEASE_PREDICATE_STALL,4,TRAIN,NO_EFFECT,,83,0.01467151375267593,0.23706668876160103,0.9734199538526483,0.07816466537295451,-9.339992113055473e-09,0.005158218066031783,0.007303890329187324,0.07816466537295451,4,20260930-055236_t5s18h1P2T7
t9s2h1P2T10|RS-1|k1,t9s2h1P2T10,RS-1,RELEASE_PREDICATE_STALL,1,TRAIN,NO_EFFECT,,16,-0.06377329059017704,0.2499705210021747,1.0062552869775743,0.07923628162244828,0.0,0.0,-0.012959242116388214,0.07923628162244828,4,20260930-055717_t9s2h1P2T10
t9s2h1P2T10|RS-1|k2,t9s2h1P2T10,RS-1,RELEASE_PREDICATE_STALL,2,TRAIN,NO_EFFECT,,22,-0.06377329059017704,0.2499705210021747,1.0062552869775743,0.07923628162244828,0.0,0.0,-0.013025924729442417,0.07923628162244828,4,20260930-055717_t9s2h1P2T10
t9s2h1P2T10|RS-1|k3,t9s2h1P2T10,RS-1,RELEASE_PREDICATE_STALL,3,TRAIN,NO_EFFECT,,28,-0.06377329059017704,0.2499705210021747,1.0062552869775743,0.07923628162244828,0.0,0.0,-0.013092372409511555,0.07923628162244828,4,20260930-055717_t9s2h1P2T10
t9s2h1P2T10|RS-1|k4,t9s2h1P2T10,RS-1,RELEASE_PREDICATE_STALL,4,TRAIN,NO_EFFECT,,34,-0.06377329059017704,0.2499705210021747,1.0062552869775743,0.07923628162244828,0.0,0.0,-0.016294052120836344,0.07923628162244828,4,20260930-055717_t9s2h1P2T10
t9s2h1P2T10|RS-2|k1,t9s2h1P2T10,RS-2,RELEASE_PREDICATE_STALL,1,TRAIN,HARM,,41,-0.06377329059017704,0.2499705210021747,1.0062552869775743,0.07923628162244828,4.440892098500626e-16,0.0,-0.00864747498569507,0.004338935041699479,4,20260930-055717_t9s2h1P2T10
t9s2h1P2T10|RS-2|k2,t9s2h1P2T10,RS-2,RELEASE_PREDICATE_STALL,2,TRAIN,HARM,,48,-0.06377329059017704,0.2499705210021747,1.0062552869775743,0.07923628162244828,4.440892098500626e-16,0.0,-0.018368192705391806,0.004112305768707713,4,20260930-055717_t9s2h1P2T10
t9s2h1P2T10|RS-2|k3,t9s2h1P2T10,RS-2,RELEASE_PREDICATE_STALL,3,TRAIN,HARM,,55,-0.06377329059017704,0.2499705210021747,1.0062552869775743,0.07923628162244828,0.0,0.04528414671789327,-0.011839544859148288,0.004445668150339305,4,20260930-055717_t9s2h1P2T10
t9s2h1P2T10|RS-2|k4,t9s2h1P2T10,RS-2,RELEASE_PREDICATE_STALL,4,TRAIN,HARM,,62,-0.06377329059017704,0.2499705210021747,1.0062552869775743,0.07923628162244828,2.220446049250313e-16,0.029030710592294895,-0.017811500841344308,0.005906231027956295,4,20260930-055717_t9s2h1P2T10
t9s2h1P2T10|RS-3|k1,t9s2h1P2T10,RS-3,RELEASE_PREDICATE_STALL,1,TRAIN,NO_EFFECT,,68,-0.06377329059017704,0.2499705210021747,1.0062552869775743,0.07923628162244828,0.0,0.01761930427697811,-0.012175481830051904,0.07923628162244828,4,20260930-055717_t9s2h1P2T10
t9s2h1P2T10|RS-3|k2,t9s2h1P2T10,RS-3,RELEASE_PREDICATE_STALL,2,TRAIN,NO_EFFECT,,74,-0.06377329059017704,0.2499705210021747,1.0062552869775743,0.07923628162244828,0.0,0.017562252082138574,-0.013943355701391935,0.07923628162244828,4,20260930-055717_t9s2h1P2T10
t9s2h1P2T10|RS-3|k3,t9s2h1P2T10,RS-3,RELEASE_PREDICATE_STALL,3,TRAIN,NO_EFFECT,,80,-0.06377329059017704,0.2499705210021747,1.0062552869775743,0.07923628162244828,0.0,0.01750342017563211,-0.013960501054972374,0.07923628162244828,4,20260930-055717_t9s2h1P2T10
t9s2h1P2T10|RS-3|k4,t9s2h1P2T10,RS-3,RELEASE_PREDICATE_STALL,4,TRAIN,NO_EFFECT,,86,-0.06377329059017704,0.2499705210021747,1.0062552869775743,0.07923628162244828,0.0,0.017442837263001554,-0.013977363087464778,0.07923628162244828,4,20260930-055717_t9s2h1P2T10
t9s3h1CT10|RS-1|k1,t9s3h1CT10,RS-1,RELEASE_PREDICATE_STALL,1,VAL,NO_EFFECT,,16,0.07546626635388404,0.18702387420628075,1.0079725981296328,0.07923627904412567,0.0,0.0,-0.013122046602739856,0.07923627904412567,4,20260930-060249_t9s3h1CT10
t9s3h1CT10|RS-1|k2,t9s3h1CT10,RS-1,RELEASE_PREDICATE_STALL,2,VAL,NO_EFFECT,,22,0.07546626635388404,0.18702387420628075,1.0079725981296328,0.07923627904412567,0.0,0.0,-0.013188364738633607,0.07923627904412567,4,20260930-060249_t9s3h1CT10
t9s3h1CT10|RS-1|k3,t9s3h1CT10,RS-1,RELEASE_PREDICATE_STALL,3,VAL,NO_EFFECT,,28,0.07546626635388404,0.18702387420628075,1.0079725981296328,0.07923627904412567,0.0,0.0,-0.0163768595569318,0.07923627904412567,4,20260930-060249_t9s3h1CT10
t9s3h1CT10|RS-1|k4,t9s3h1CT10,RS-1,RELEASE_PREDICATE_STALL,4,VAL,NO_EFFECT,,34,0.07546626635388404,0.18702387420628075,1.0079725981296328,0.07923627904412567,0.0,0.0,-0.01646915969021001,0.07923627904412567,4,20260930-060249_t9s3h1CT10
t9s3h1CT10|RS-2|k1,t9s3h1CT10,RS-2,RELEASE_PREDICATE_STALL,1,VAL,HARM,,41,0.07546626635388404,0.18702387420628075,1.0079725981296328,0.07923627904412567,0.0,0.0,-0.00655631602457174,0.0045727805488963375,4,20260930-060249_t9s3h1CT10
t9s3h1CT10|RS-2|k2,t9s3h1CT10,RS-2,RELEASE_PREDICATE_STALL,2,VAL,NO_EFFECT,,48,0.07546626635388404,0.18702387420628075,1.0079725981296328,0.07923627904412567,2.220446049250313e-16,0.0,-0.004525032424379294,0.005230211092337199,4,20260930-060249_t9s3h1CT10
t9s3h1CT10|RS-2|k3,t9s3h1CT10,RS-2,RELEASE_PREDICATE_STALL,3,VAL,NO_EFFECT,,55,0.07546626635388404,0.18702387420628075,1.0079725981296328,0.07923627904412567,-2.220446049250313e-16,0.0,-0.0075975727229121715,0.004645789547133535,4,20260930-060249_t9s3h1CT10
t9s3h1CT10|RS-2|k4,t9s3h1CT10,RS-2,RELEASE_PREDICATE_STALL,4,VAL,NO_EFFECT,,62,0.07546626635388404,0.18702387420628075,1.0079725981296328,0.07923627904412567,2.220446049250313e-16,0.0,0.0012649323868201279,0.004639785117192692,4,20260930-060249_t9s3h1CT10
t9s3h1CT10|RS-3|k1,t9s3h1CT10,RS-3,RELEASE_PREDICATE_STALL,1,VAL,NO_EFFECT,,68,0.07546626635388404,0.18702387420628075,1.0079725981296328,0.07923627904412567,0.0,0.013766410755800873,-0.010616848299391801,0.07923627904412567,4,20260930-060249_t9s3h1CT10
t9s3h1CT10|RS-3|k2,t9s3h1CT10,RS-3,RELEASE_PREDICATE_STALL,2,VAL,NO_EFFECT,,74,0.07546626635388404,0.18702387420628075,1.0079725981296328,0.07923627904412567,0.0,0.013735065564148607,-0.010684980670366384,0.07923627904412567,4,20260930-060249_t9s3h1CT10
t9s3h1CT10|RS-3|k3,t9s3h1CT10,RS-3,RELEASE_PREDICATE_STALL,3,VAL,NO_EFFECT,,80,0.07546626635388404,0.18702387420628075,1.0079725981296328,0.07923627904412567,0.0,0.013702240493888684,-0.010753784561931323,0.07923627904412567,4,20260930-060249_t9s3h1CT10
t9s3h1CT10|RS-3|k4,t9s3h1CT10,RS-3,RELEASE_PREDICATE_STALL,4,VAL,NO_EFFECT,,86,0.07546626635388404,0.18702387420628075,1.0079725981296328,0.07923627904412567,0.0,0.01366794987227915,-0.010823001042202796,0.07923627904412567,4,20260930-060249_t9s3h1CT10
t9s3h1P2T8|RS-1|k1,t9s3h1P2T8,RS-1,RELEASE_PREDICATE_STALL,1,VAL,NO_EFFECT,,14,0.05501145026712434,0.18960885060753807,1.0256749342307474,0.07923627943960179,0.0,0.0,-0.013228245468278776,0.07923627943960179,4,20260930-060817_t9s3h1P2T8
t9s3h1P2T8|RS-1|k2,t9s3h1P2T8,RS-1,RELEASE_PREDICATE_STALL,2,VAL,NO_EFFECT,,20,0.05501145026712434,0.18960885060753807,1.0256749342307474,0.07923627943960179,0.0,0.0,-0.013297036101470983,0.07923627943960179,4,20260930-060817_t9s3h1P2T8
t9s3h1P2T8|RS-1|k3,t9s3h1P2T8,RS-1,RELEASE_PREDICATE_STALL,3,VAL,NO_EFFECT,,26,0.05501145026712434,0.18960885060753807,1.0256749342307474,0.07923627943960179,0.0,0.0,-0.013365712812338726,0.07923627943960179,4,20260930-060817_t9s3h1P2T8
t9s3h1P2T8|RS-1|k4,t9s3h1P2T8,RS-1,RELEASE_PREDICATE_STALL,4,VAL,NO_EFFECT,,32,0.05501145026712434,0.18960885060753807,1.0256749342307474,0.07923627943960179,0.0,0.0,-0.01343418998061191,0.07923627943960179,4,20260930-060817_t9s3h1P2T8
t9s3h1P2T8|RS-2|k1,t9s3h1P2T8,RS-2,RELEASE_PREDICATE_STALL,1,VAL,NO_EFFECT,,39,0.05501145026712434,0.18960885060753807,1.0256749342307474,0.07923627943960179,4.440892098500626e-16,0.0,-0.006245319536536342,0.07352786176094676,4,20260930-060817_t9s3h1P2T8
t9s3h1P2T8|RS-2|k2,t9s3h1P2T8,RS-2,RELEASE_PREDICATE_STALL,2,VAL,NO_EFFECT,,46,0.05501145026712434,0.18960885060753807,1.0256749342307474,0.07923627943960179,4.440892098500626e-16,0.0,-0.0028177775515460524,0.07213299507591288,4,20260930-060817_t9s3h1P2T8
t9s3h1P2T8|RS-2|k3,t9s3h1P2T8,RS-2,RELEASE_PREDICATE_STALL,3,VAL,NO_EFFECT,,53,0.05501145026712434,0.18960885060753807,1.0256749342307474,0.07923627943960179,2.220446049250313e-16,0.0,-0.001598615206065912,0.007932717354371602,4,20260930-060817_t9s3h1P2T8
t9s3h1P2T8|RS-2|k4,t9s3h1P2T8,RS-2,RELEASE_PREDICATE_STALL,4,VAL,NO_EFFECT,,60,0.05501145026712434,0.18960885060753807,1.0256749342307474,0.07923627943960179,6.661338147750939e-16,0.0,-0.003407270843431065,0.00752766542582279,4,20260930-060817_t9s3h1P2T8
t9s3h1P2T8|RS-3|k1,t9s3h1P2T8,RS-3,RELEASE_PREDICATE_STALL,1,VAL,NO_EFFECT,,66,0.05501145026712434,0.18960885060753807,1.0256749342307474,0.07923627943960179,0.0,0.01063889098515336,-0.00949092838635962,0.07923627943960179,4,20260930-060817_t9s3h1P2T8
t9s3h1P2T8|RS-3|k2,t9s3h1P2T8,RS-3,RELEASE_PREDICATE_STALL,2,VAL,NO_EFFECT,,72,0.05501145026712434,0.18960885060753807,1.0256749342307474,0.07923627943960179,0.0,0.010606863011781709,-0.009603572963187978,0.07923627943960179,4,20260930-060817_t9s3h1P2T8
t9s3h1P2T8|RS-3|k3,t9s3h1P2T8,RS-3,RELEASE_PREDICATE_STALL,3,VAL,NO_EFFECT,,78,0.05501145026712434,0.18960885060753807,1.0256749342307474,0.07923627943960179,0.0,0.010573766720679556,-0.009716187462459003,0.07923627943960179,4,20260930-060817_t9s3h1P2T8
t9s3h1P2T8|RS-3|k4,t9s3h1P2T8,RS-3,RELEASE_PREDICATE_STALL,4,VAL,NO_EFFECT,,84,0.05501145026712434,0.18960885060753807,1.0256749342307474,0.07923627943960179,0.0,0.010539617505073151,-0.009829609829124786,0.07923627943960179,4,20260930-060817_t9s3h1P2T8
t9s6h1CT10|RS-1|k1,t9s6h1CT10,RS-1,RELEASE_PREDICATE_STALL,1,TEST,NO_EFFECT,,16,0.013927692566880966,0.18972059946363568,1.0259714783418534,0.07881581551119975,0.0,0.0,-0.01329173419656604,0.07881581551119975,4,20260930-061327_t9s6h1CT10
t9s6h1CT10|RS-1|k2,t9s6h1CT10,RS-1,RELEASE_PREDICATE_STALL,2,TEST,NO_EFFECT,,22,0.013927692566880966,0.18972059946363568,1.0259714783418534,0.07881581551119975,0.0,0.0,-0.013361598456141266,0.07881581551119975,4,20260930-061327_t9s6h1CT10
t9s6h1CT10|RS-1|k3,t9s6h1CT10,RS-1,RELEASE_PREDICATE_STALL,3,TEST,NO_EFFECT,,28,0.013927692566880966,0.18972059946363568,1.0259714783418534,0.07881581551119975,2.220446049250313e-16,0.0,-0.013431310785137152,0.07881581551119975,4,20260930-061327_t9s6h1CT10
t9s6h1CT10|RS-1|k4,t9s6h1CT10,RS-1,RELEASE_PREDICATE_STALL,4,TEST,NO_EFFECT,,34,0.013927692566880966,0.18972059946363568,1.0259714783418534,0.07881581551119975,0.0,0.0,-0.013500569050160005,0.07881581551119975,4,20260930-061327_t9s6h1CT10
t9s6h1CT10|RS-2|k1,t9s6h1CT10,RS-2,RELEASE_PREDICATE_STALL,1,TEST,NO_EFFECT,,41,0.013927692566880966,0.18972059946363568,1.0259714783418534,0.07881581551119975,0.0,0.0,-0.003916177295920753,0.07246962736120252,4,20260930-061327_t9s6h1CT10
t9s6h1CT10|RS-2|k2,t9s6h1CT10,RS-2,RELEASE_PREDICATE_STALL,2,TEST,NO_EFFECT,,48,0.013927692566880966,0.18972059946363568,1.0259714783418534,0.07881581551119975,0.0,0.0,-0.010544228588766469,0.07881581551119975,4,20260930-061327_t9s6h1CT10
t9s6h1CT10|RS-2|k3,t9s6h1CT10,RS-2,RELEASE_PREDICATE_STALL,3,TEST,NO_EFFECT,,55,0.013927692566880966,0.18972059946363568,1.0259714783418534,0.07881581551119975,0.0,0.0,-0.008009202030736129,0.07881581551119975,4,20260930-061327_t9s6h1CT10
t9s6h1CT10|RS-2|k4,t9s6h1CT10,RS-2,RELEASE_PREDICATE_STALL,4,TEST,NO_EFFECT,,62,0.013927692566880966,0.18972059946363568,1.0259714783418534,0.07881581551119975,2.220446049250313e-16,0.0,-0.004125437062143855,0.07422080891025859,4,20260930-061327_t9s6h1CT10
t9s6h1CT10|RS-3|k1,t9s6h1CT10,RS-3,RELEASE_PREDICATE_STALL,1,TEST,NO_EFFECT,,68,0.013927692566880966,0.18972059946363568,1.0259714783418534,0.07881581551119975,0.0,0.004926947662843073,-0.003942718196813577,0.07881581551119975,4,20260930-061327_t9s6h1CT10
t9s6h1CT10|RS-3|k2,t9s6h1CT10,RS-3,RELEASE_PREDICATE_STALL,2,TEST,NO_EFFECT,,74,0.013927692566880966,0.18972059946363568,1.0259714783418534,0.07881581551119975,0.0,0.004915172260796741,-0.003983006728495386,0.07881581551119975,4,20260930-061327_t9s6h1CT10
t9s6h1CT10|RS-3|k3,t9s6h1CT10,RS-3,RELEASE_PREDICATE_STALL,3,TEST,NO_EFFECT,,80,0.013927692566880966,0.18972059946363568,1.0259714783418534,0.07881581551119975,0.0,0.004902903872652242,-0.004022339758345317,0.07881581551119975,4,20260930-061327_t9s6h1CT10
t9s6h1CT10|RS-3|k4,t9s6h1CT10,RS-3,RELEASE_PREDICATE_STALL,4,TEST,NO_EFFECT,,86,0.013927692566880966,0.18972059946363568,1.0259714783418534,0.07881581551119975,0.0,0.004890147203508777,-0.004063060788230377,0.07881581551119975,4,20260930-061327_t9s6h1CT10
t9s6h1GT11|RS-1|k1,t9s6h1GT11,RS-1,RELEASE_PREDICATE_STALL,1,TEST,NO_EFFECT,,17,0.059531822733900126,0.17978248936940505,1.0115295926359642,0.07931013501066478,0.0,0.0,-0.013256669113257291,0.07931013501066478,4,20260930-061847_t9s6h1GT11
t9s6h1GT11|RS-1|k2,t9s6h1GT11,RS-1,RELEASE_PREDICATE_STALL,2,TEST,NO_EFFECT,,23,0.059531822733900126,0.17978248936940505,1.0115295926359642,0.07931013501066478,0.0,0.0,-0.01332341079247995,0.07931013501066478,4,20260930-061847_t9s6h1GT11
t9s6h1GT11|RS-1|k3,t9s6h1GT11,RS-1,RELEASE_PREDICATE_STALL,3,TEST,NO_EFFECT,,29,0.059531822733900126,0.17978248936940505,1.0115295926359642,0.07931013501066478,0.0,0.0,-0.013390900717230425,0.07931013501066478,4,20260930-061847_t9s6h1GT11
t9s6h1GT11|RS-1|k4,t9s6h1GT11,RS-1,RELEASE_PREDICATE_STALL,4,TEST,NO_EFFECT,,35,0.059531822733900126,0.17978248936940505,1.0115295926359642,0.07931013501066478,0.0,0.0,-0.01345899041927373,0.07931013501066478,4,20260930-061847_t9s6h1GT11
t9s6h1GT11|RS-2|k1,t9s6h1GT11,RS-2,RELEASE_PREDICATE_STALL,1,TEST,HARM,,42,0.059531822733900126,0.17978248936940505,1.0115295926359642,0.07931013501066478,8.881784197001252e-16,0.0,0.009716467929390515,0.011899585136348978,4,20260930-061847_t9s6h1GT11
t9s6h1GT11|RS-2|k2,t9s6h1GT11,RS-2,RELEASE_PREDICATE_STALL,2,TEST,NO_EFFECT,,49,0.059531822733900126,0.17978248936940505,1.0115295926359642,0.07931013501066478,4.440892098500626e-16,0.0,-0.010151840659229638,0.07530599144911364,4,20260930-061847_t9s6h1GT11
t9s6h1GT11|RS-2|k3,t9s6h1GT11,RS-2,RELEASE_PREDICATE_STALL,3,TEST,HARM,,56,0.059531822733900126,0.17978248936940505,1.0115295926359642,0.07931013501066478,1.1102230246251565e-15,0.0060724337366329095,-0.03887799262512992,0.07813138409599638,4,20260930-061847_t9s6h1GT11
t9s6h1GT11|RS-2|k4,t9s6h1GT11,RS-2,RELEASE_PREDICATE_STALL,4,TEST,NO_EFFECT,,63,0.059531822733900126,0.17978248936940505,1.0115295926359642,0.07931013501066478,8.881784197001252e-16,0.0,-0.003100215515964011,0.07533244331279249,4,20260930-061847_t9s6h1GT11
t9s6h1GT11|RS-3|k1,t9s6h1GT11,RS-3,RELEASE_PREDICATE_STALL,1,TEST,NO_EFFECT,,69,0.059531822733900126,0.17978248936940505,1.0115295926359642,0.07931013501066478,0.0,0.006804457773407879,-0.01924058175853338,0.07926275320518143,4,20260930-061847_t9s6h1GT11
t9s6h1GT11|RS-3|k2,t9s6h1GT11,RS-3,RELEASE_PREDICATE_STALL,2,TEST,NO_EFFECT,,75,0.059531822733900126,0.17978248936940505,1.0115295926359642,0.07931013501066478,0.0,0.006780601311460854,-0.01939452827901922,0.07926286174672759,4,20260930-061847_t9s6h1GT11
t9s6h1GT11|RS-3|k3,t9s6h1GT11,RS-3,RELEASE_PREDICATE_STALL,3,TEST,NO_EFFECT,,81,0.059531822733900126,0.17978248936940505,1.0115295926359642,0.07931013501066478,0.0,0.006756012817543011,-0.019549883770692278,0.07926297146129281,4,20260930-061847_t9s6h1GT11
t9s6h1GT11|RS-3|k4,t9s6h1GT11,RS-3,RELEASE_PREDICATE_STALL,4,TEST,NO_EFFECT,,87,0.059531822733900126,0.17978248936940505,1.0115295926359642,0.07931013501066478,0.0,0.006730708393505314,-0.01970592368138252,0.07926308285169553,4,20260930-061847_t9s6h1GT11
t9s12h1GT10|RS-1|k1,t9s12h1GT10,RS-1,RELEASE_PREDICATE_STALL,1,TRAIN,NO_EFFECT,,16,-0.03570186810844177,0.1888874250656574,1.0258887315860896,0.07905392922722432,0.0,0.0,-0.007562518889849101,0.07905392922722432,4,20260930-062507_t9s12h1GT10
t9s12h1GT10|RS-1|k2,t9s12h1GT10,RS-1,RELEASE_PREDICATE_STALL,2,TRAIN,NO_EFFECT,,22,-0.03570186810844177,0.1888874250656574,1.0258887315860896,0.07905392922722432,0.0,0.0,-0.007606379972981414,0.07905392922722432,4,20260930-062507_t9s12h1GT10
t9s12h1GT10|RS-1|k3,t9s12h1GT10,RS-1,RELEASE_PREDICATE_STALL,3,TRAIN,NO_EFFECT,,28,-0.03570186810844177,0.1888874250656574,1.0258887315860896,0.07905392922722432,0.0,0.0,-0.007650488460284044,0.07905392922722432,4,20260930-062507_t9s12h1GT10
t9s12h1GT10|RS-1|k4,t9s12h1GT10,RS-1,RELEASE_PREDICATE_STALL,4,TRAIN,NO_EFFECT,,34,-0.03570186810844177,0.1888874250656574,1.0258887315860896,0.07905392922722432,0.0,0.0,-0.007694912096922191,0.07905392922722432,4,20260930-062507_t9s12h1GT10
t9s12h1GT10|RS-2|k1,t9s12h1GT10,RS-2,RELEASE_PREDICATE_STALL,1,TRAIN,NO_EFFECT,,41,-0.03570186810844177,0.1888874250656574,1.0258887315860896,0.07905392922722432,-2.220446049250313e-16,0.014909755389719948,-0.08820207383966022,0.07905392922722432,4,20260930-062507_t9s12h1GT10
t9s12h1GT10|RS-2|k2,t9s12h1GT10,RS-2,RELEASE_PREDICATE_STALL,2,TRAIN,NO_EFFECT,,48,-0.03570186810844177,0.1888874250656574,1.0258887315860896,0.07905392922722432,6.661338147750939e-16,0.0,-0.006478318401197503,0.07790780954477208,4,20260930-062507_t9s12h1GT10
t9s12h1GT10|RS-2|k3,t9s12h1GT10,RS-2,RELEASE_PREDICATE_STALL,3,TRAIN,NO_EFFECT,,55,-0.03570186810844177,0.1888874250656574,1.0258887315860896,0.07905392922722432,-2.220446049250313e-16,0.0,-0.009192078705438311,0.07905392922722432,4,20260930-062507_t9s12h1GT10
t9s12h1GT10|RS-2|k4,t9s12h1GT10,RS-2,RELEASE_PREDICATE_STALL,4,TRAIN,NO_EFFECT,,62,-0.03570186810844177,0.1888874250656574,1.0258887315860896,0.07905392922722432,4.440892098500626e-16,0.00574076692358183,-0.08055426354028189,0.07905392922722432,4,20260930-062507_t9s12h1GT10
t9s12h1GT10|RS-3|k1,t9s12h1GT10,RS-3,RELEASE_PREDICATE_STALL,1,TRAIN,NO_EFFECT,,68,-0.03570186810844177,0.1888874250656574,1.0258887315860896,0.07905392922722432,0.0,0.0035693955520941234,-0.002501041369809609,0.07905392922722432,4,20260930-062507_t9s12h1GT10
t9s12h1GT10|RS-3|k2,t9s12h1GT10,RS-3,RELEASE_PREDICATE_STALL,2,TRAIN,NO_EFFECT,,74,-0.03570186810844177,0.1888874250656574,1.0258887315860896,0.07905392922722432,0.0,0.0035215108186315014,-0.002502143945721569,0.07905392922722432,4,20260930-062507_t9s12h1GT10
t9s12h1GT10|RS-3|k3,t9s12h1GT10,RS-3,RELEASE_PREDICATE_STALL,3,TRAIN,NO_EFFECT,,80,-0.03570186810844177,0.1888874250656574,1.0258887315860896,0.07905392922722432,0.0,0.0034736415601825943,-0.0025047100479588247,0.07905392922722432,4,20260930-062507_t9s12h1GT10
t9s12h1GT10|RS-3|k4,t9s12h1GT10,RS-3,RELEASE_PREDICATE_STALL,4,TRAIN,NO_EFFECT,,86,-0.03570186810844177,0.1888874250656574,1.0258887315860896,0.07905392922722432,0.0,0.003425746170386157,-0.002508511487902043,0.07905392922722432,4,20260930-062507_t9s12h1GT10
t9s12h1P2T9|RS-1|k1,t9s12h1P2T9,RS-1,RELEASE_PREDICATE_STALL,1,TRAIN,NO_EFFECT,,15,-0.0001607792354163043,0.16060298823443855,0.9655066216116949,0.07923629830298551,0.0,0.00020413185167800219,-0.012302060598214537,0.07923629830298551,4,20260930-063044_t9s12h1P2T9
t9s12h1P2T9|RS-1|k2,t9s12h1P2T9,RS-1,RELEASE_PREDICATE_STALL,2,TRAIN,NO_EFFECT,,21,-0.0001607792354163043,0.16060298823443855,0.9655066216116949,0.07923629830298551,0.0,0.00020422287452370735,-0.012365654496312162,0.07923629830298551,4,20260930-063044_t9s12h1P2T9
t9s12h1P2T9|RS-1|k3,t9s12h1P2T9,RS-1,RELEASE_PREDICATE_STALL,3,TRAIN,NO_EFFECT,,27,-0.0001607792354163043,0.16060298823443855,0.9655066216116949,0.07923629830298551,0.0,0.00020429876777428024,-0.012429192243743059,0.07923629830298551,4,20260930-063044_t9s12h1P2T9
t9s12h1P2T9|RS-1|k4,t9s12h1P2T9,RS-1,RELEASE_PREDICATE_STALL,4,TRAIN,NO_EFFECT,,33,-0.0001607792354163043,0.16060298823443855,0.9655066216116949,0.07923629830298551,0.0,0.00020438162220037803,-0.012492575538254447,0.07923629830298551,4,20260930-063044_t9s12h1P2T9
t9s12h1P2T9|RS-2|k1,t9s12h1P2T9,RS-2,RELEASE_PREDICATE_STALL,1,TRAIN,NO_EFFECT,,40,-0.0001607792354163043,0.16060298823443855,0.9655066216116949,0.07923629830298551,-2.220446049250313e-16,0.0,-0.009688378997221414,0.07068299238658746,4,20260930-063044_t9s12h1P2T9
t9s12h1P2T9|RS-2|k2,t9s12h1P2T9,RS-2,RELEASE_PREDICATE_STALL,2,TRAIN,NO_EFFECT,,47,-0.0001607792354163043,0.16060298823443855,0.9655066216116949,0.07923629830298551,-4.440892098500626e-16,0.0,-0.014313362718228362,0.060200820389287917,4,20260930-063044_t9s12h1P2T9
t9s12h1P2T9|RS-2|k3,t9s12h1P2T9,RS-2,RELEASE_PREDICATE_STALL,3,TRAIN,NO_EFFECT,,54,-0.0001607792354163043,0.16060298823443855,0.9655066216116949,0.07923629830298551,-2.220446049250313e-16,0.0,-0.012746277295452801,0.07717876568482725,4,20260930-063044_t9s12h1P2T9
t9s12h1P2T9|RS-2|k4,t9s12h1P2T9,RS-2,RELEASE_PREDICATE_STALL,4,TRAIN,NO_EFFECT,,61,-0.0001607792354163043,0.16060298823443855,0.9655066216116949,0.07923629830298551,-2.220446049250313e-16,0.0,-0.015018917938577292,0.05789273845565,4,20260930-063044_t9s12h1P2T9
t9s12h1P2T9|RS-3|k1,t9s12h1P2T9,RS-3,RELEASE_PREDICATE_STALL,1,TRAIN,NO_EFFECT,,67,-0.0001607792354163043,0.16060298823443855,0.9655066216116949,0.07923629830298551,0.0,0.0,-0.009806558270508026,0.07923629830298551,4,20260930-063044_t9s12h1P2T9
t9s12h1P2T9|RS-3|k2,t9s12h1P2T9,RS-3,RELEASE_PREDICATE_STALL,2,TRAIN,NO_EFFECT,,73,-0.0001607792354163043,0.16060298823443855,0.9655066216116949,0.07923629830298551,0.0,0.0,-0.009871007584412061,0.07923629830298551,4,20260930-063044_t9s12h1P2T9
t9s12h1P2T9|RS-3|k3,t9s12h1P2T9,RS-3,RELEASE_PREDICATE_STALL,3,TRAIN,NO_EFFECT,,79,-0.0001607792354163043,0.16060298823443855,0.9655066216116949,0.07923629830298551,0.0,0.0,-0.009935334952918762,0.07923629830298551,4,20260930-063044_t9s12h1P2T9
t9s12h1P2T9|RS-3|k4,t9s12h1P2T9,RS-3,RELEASE_PREDICATE_STALL,4,TRAIN,NO_EFFECT,,85,-0.0001607792354163043,0.16060298823443855,0.9655066216116949,0.07923629830298551,0.0,0.0,-0.009999570256185586,0.07923629830298551,4,20260930-063044_t9s12h1P2T9
t9s15h1P2T12|RS-1|k1,t9s15h1P2T12,RS-1,RELEASE_PREDICATE_STALL,1,TEST,NO_EFFECT,,18,-0.0022723892701623435,0.19011396494846278,0.9864157616928975,0.07935135716639942,0.0,0.0,-0.012891701491576646,0.07935135716639942,4,20260930-063608_t9s15h1P2T12
t9s15h1P2T12|RS-1|k2,t9s15h1P2T12,RS-1,RELEASE_PREDICATE_STALL,2,TEST,NO_EFFECT,,24,-0.0022723892701623435,0.19011396494846278,0.9864157616928975,0.07935135716639942,0.0,0.0,-0.012958527272731113,0.07935135716639942,4,20260930-063608_t9s15h1P2T12
t9s15h1P2T12|RS-1|k3,t9s15h1P2T12,RS-1,RELEASE_PREDICATE_STALL,3,TEST,NO_EFFECT,,30,-0.0022723892701623435,0.19011396494846278,0.9864157616928975,0.07935135716639942,0.0,0.0,-0.013025235922133171,0.07935135716639942,4,20260930-063608_t9s15h1P2T12
t9s15h1P2T12|RS-1|k4,t9s15h1P2T12,RS-1,RELEASE_PREDICATE_STALL,4,TEST,NO_EFFECT,,36,-0.0022723892701623435,0.19011396494846278,0.9864157616928975,0.07935135716639942,0.0,0.0,-0.013091764213218171,0.07935135716639942,4,20260930-063608_t9s15h1P2T12
t9s15h1P2T12|RS-2|k1,t9s15h1P2T12,RS-2,RELEASE_PREDICATE_STALL,1,TEST,NO_EFFECT,,43,-0.0022723892701623435,0.19011396494846278,0.9864157616928975,0.07935135716639942,0.0,0.02961012703993804,-0.010883055066092329,0.07935135716639942,4,20260930-063608_t9s15h1P2T12
t9s15h1P2T12|RS-2|k2,t9s15h1P2T12,RS-2,RELEASE_PREDICATE_STALL,2,TEST,NO_EFFECT,,50,-0.0022723892701623435,0.19011396494846278,0.9864157616928975,0.07935135716639942,0.0,0.03979416505864686,-0.01812023121533396,0.07935135716639942,4,20260930-063608_t9s15h1P2T12
t9s15h1P2T12|RS-2|k3,t9s15h1P2T12,RS-2,RELEASE_PREDICATE_STALL,3,TEST,NO_EFFECT,,57,-0.0022723892701623435,0.19011396494846278,0.9864157616928975,0.07935135716639942,0.0,0.0426387067506786,-0.015324165387796185,0.07545385284891698,4,20260930-063608_t9s15h1P2T12
t9s15h1P2T12|RS-2|k4,t9s15h1P2T12,RS-2,RELEASE_PREDICATE_STALL,4,TEST,NO_EFFECT,,64,-0.0022723892701623435,0.19011396494846278,0.9864157616928975,0.07935135716639942,0.0,0.015987446896698954,-0.017114452488982634,0.07935135716639942,4,20260930-063608_t9s15h1P2T12
t9s15h1P2T12|RS-3|k1,t9s15h1P2T12,RS-3,RELEASE_PREDICATE_STALL,1,TEST,NO_EFFECT,,70,-0.0022723892701623435,0.19011396494846278,0.9864157616928975,0.07935135716639942,0.0,0.0,0.00023743493880962196,0.07935135716639942,4,20260930-063608_t9s15h1P2T12
t9s15h1P2T12|RS-3|k2,t9s15h1P2T12,RS-3,RELEASE_PREDICATE_STALL,2,TEST,NO_EFFECT,,76,-0.0022723892701623435,0.19011396494846278,0.9864157616928975,0.07935135716639942,0.0,0.0,0.00024231140154873376,0.07935135716639942,4,20260930-063608_t9s15h1P2T12
t9s15h1P2T12|RS-3|k3,t9s15h1P2T12,RS-3,RELEASE_PREDICATE_STALL,3,TEST,NO_EFFECT,,82,-0.0022723892701623435,0.19011396494846278,0.9864157616928975,0.07935135716639942,0.0,0.0,0.0002468713184470839,0.07935135716639942,4,20260930-063608_t9s15h1P2T12
t9s15h1P2T12|RS-3|k4,t9s15h1P2T12,RS-3,RELEASE_PREDICATE_STALL,4,TEST,NO_EFFECT,,88,-0.0022723892701623435,0.19011396494846278,0.9864157616928975,0.07935135716639942,0.0,0.0,0.00025101295377605304,0.07935135716639942,4,20260930-063608_t9s15h1P2T12
t9s17h1CT15|RS-1|k1,t9s17h1CT15,RS-1,RELEASE_PREDICATE_STALL,1,TRAIN,NO_EFFECT,,21,0.004145517710482403,0.24654902572580217,1.0245742154798274,0.07944982593486102,0.0,0.0007108916583462577,-0.012725085702099848,0.07944982593486102,4,20260930-064158_t9s17h1CT15
t9s17h1CT15|RS-1|k2,t9s17h1CT15,RS-1,RELEASE_PREDICATE_STALL,2,TRAIN,NO_EFFECT,,27,0.004145517710482403,0.24654902572580217,1.0245742154798274,0.07944982593486102,0.0,0.0007115474378052156,-0.012790021219186265,0.07944982593486102,4,20260930-064158_t9s17h1CT15
t9s17h1CT15|RS-1|k3,t9s17h1CT15,RS-1,RELEASE_PREDICATE_STALL,3,TRAIN,NO_EFFECT,,33,0.004145517710482403,0.24654902572580217,1.0245742154798274,0.07944982593486102,0.0,0.0007122117636193526,-0.012854885480280687,0.07944982593486102,4,20260930-064158_t9s17h1CT15
t9s17h1CT15|RS-1|k4,t9s17h1CT15,RS-1,RELEASE_PREDICATE_STALL,4,TRAIN,NO_EFFECT,,39,0.004145517710482403,0.24654902572580217,1.0245742154798274,0.07944982593486102,0.0,0.0007128606444910535,-0.012919612465213781,0.07944982593486102,4,20260930-064158_t9s17h1CT15
t9s17h1CT15|RS-2|k1,t9s17h1CT15,RS-2,RELEASE_PREDICATE_STALL,1,TRAIN,NO_EFFECT,,46,0.004145517710482403,0.24654902572580217,1.0245742154798274,0.07944982593486102,2.220446049250313e-16,0.0,-0.007237635235779694,0.06141066776457653,4,20260930-064158_t9s17h1CT15
t9s17h1CT15|RS-2|k2,t9s17h1CT15,RS-2,RELEASE_PREDICATE_STALL,2,TRAIN,NO_EFFECT,,53,0.004145517710482403,0.24654902572580217,1.0245742154798274,0.07944982593486102,-4.440892098500626e-16,0.0,-0.005261414789052399,0.007228919620424696,4,20260930-064158_t9s17h1CT15
t9s17h1CT15|RS-2|k3,t9s17h1CT15,RS-2,RELEASE_PREDICATE_STALL,3,TRAIN,NO_EFFECT,,60,0.004145517710482403,0.24654902572580217,1.0245742154798274,0.07944982593486102,0.0,0.0,-0.004348223152739528,0.056485038046813624,4,20260930-064158_t9s17h1CT15
t9s17h1CT15|RS-2|k4,t9s17h1CT15,RS-2,RELEASE_PREDICATE_STALL,4,TRAIN,NO_EFFECT,,67,0.004145517710482403,0.24654902572580217,1.0245742154798274,0.07944982593486102,0.0,0.0,-0.007962312149388473,0.0048250746462784825,4,20260930-064158_t9s17h1CT15
t9s17h1CT15|RS-3|k1,t9s17h1CT15,RS-3,RELEASE_PREDICATE_STALL,1,TRAIN,NO_EFFECT,,73,0.004145517710482403,0.24654902572580217,1.0245742154798274,0.07944982593486102,0.0,0.0,-0.0007569993293455868,0.07944982593486102,4,20260930-064158_t9s17h1CT15
t9s17h1CT15|RS-3|k2,t9s17h1CT15,RS-3,RELEASE_PREDICATE_STALL,2,TRAIN,NO_EFFECT,,79,0.004145517710482403,0.24654902572580217,1.0245742154798274,0.07944982593486102,0.0,0.0,-0.0007694712039186813,0.07944982593486102,4,20260930-064158_t9s17h1CT15
t9s17h1CT15|RS-3|k3,t9s17h1CT15,RS-3,RELEASE_PREDICATE_STALL,3,TRAIN,NO_EFFECT,,85,0.004145517710482403,0.24654902572580217,1.0245742154798274,0.07944982593486102,0.0,0.0,-0.00078226527152081,0.07944982593486102,4,20260930-064158_t9s17h1CT15
t9s17h1CT15|RS-3|k4,t9s17h1CT15,RS-3,RELEASE_PREDICATE_STALL,4,TRAIN,NO_EFFECT,,91,0.004145517710482403,0.24654902572580217,1.0245742154798274,0.07944982593486102,0.0,0.0,-0.0007953422712311253,0.07944982593486102,4,20260930-064158_t9s17h1CT15
