arm,stage,cond,task,seed,segment,result,success,infra,turns,wall_s,fires,injections,injected_tokens,recovery_any,stalled@3
P0,g05,g05P0,3,1,s1-10,policy_fail,0,0,39,2712.2,2,0,0,0,0
P0,g05,g05P0,3,2,s1-10,success,1,0,20,595.6,0,0,0,0,0
P0,g05,g05P0,3,3,s1-10,success,1,0,32,2729.6,1,0,0,0,0
P0,g05,g05P0,3,4,s1-10,policy_fail,0,0,39,2727.2,1,0,0,0,0
P0,g05,g05P0,3,5,s1-10,success,1,0,32,3570.4,3,0,0,0,0
P0,g05,g05P0,3,6,s1-10,policy_fail,0,0,39,3248.6,2,0,0,0,0
P0,g05,g05P0,3,7,s1-10,success,1,0,24,2719.5,2,0,0,0,0
P0,g05,g05P0,3,8,s1-10,success,1,0,19,1366.8,1,0,0,0,0
P0,g05,g05P0,3,9,s1-10,success,1,0,12,823.4,0,0,0,0,0
P0,g05,g05P0,3,10,s1-10,success,1,0,18,1898.0,0,0,0,0,0
P0,g05,g05P0,3,11,s11-20,success,1,0,38,3035.1,4,0,0,0,0
P0,g05,g05P0,3,12,s11-20,success,1,0,17,504.9,0,0,0,0,0
P0,g05,g05P0,3,13,s11-20,success,1,0,29,1159.3,2,0,0,0,0
P0,g05,g05P0,3,14,s11-20,success,1,0,36,3683.8,0,0,0,0,0
P0,g05,g05P0,3,15,s11-20,policy_fail,0,0,39,3484.8,5,0,0,0,0
P0,g05,g05P0,3,16,s11-20,success,1,0,20,1656.5,1,0,0,0,0
P0,g05,g05P0,3,17,s11-20,success,1,0,18,1219.5,0,0,0,0,0
P0,g05,g05P0,3,18,s11-20,success,1,0,36,3685.6,0,0,0,0,0
P0,g05,g05P0,3,19,s11-20,success,1,0,31,2728.3,1,0,0,0,0
P0,g05,g05P0,3,20,s11-20,success,1,0,23,1657.5,0,0,0,0,0
P0,g05,g05P0,5,1,s1-10,success,1,0,26,2050.9,1,0,0,0,0
P0,g05,g05P0,5,2,s1-10,success,1,0,27,2330.6,1,0,0,0,0
P0,g05,g05P0,5,3,s1-10,success,1,0,14,909.9,0,0,0,0,0
P0,g05,g05P0,5,4,s1-10,success,1,0,27,2576.4,5,0,0,0,0
P0,g05,g05P0,5,5,s1-10,success,1,0,30,3507.1,3,0,0,0,0
P0,g05,g05P0,5,6,s1-10,success,1,0,22,1780.2,1,0,0,0,0
P0,g05,g05P0,5,7,s1-10,success,1,0,35,2646.1,3,0,0,0,0
P0,g05,g05P0,5,8,s1-10,success,1,0,18,1488.6,1,0,0,0,0
P0,g05,g05P0,5,9,s1-10,success,1,0,22,1892.1,0,0,0,0,0
P0,g05,g05P0,5,10,s1-10,success,1,0,26,2256.9,1,0,0,0,0
P0,g05,g05P0,5,11,s11-20,success,1,0,14,904.4,0,0,0,0,0
P0,g05,g05P0,5,12,s11-20,success,1,0,30,2738.7,2,0,0,0,0
P0,g05,g05P0,5,13,s11-20,success,1,0,35,2653.6,2,0,0,0,0
P0,g05,g05P0,5,14,s11-20,success,1,0,24,2632.7,1,0,0,0,0
P0,g05,g05P0,5,15,s11-20,success,1,0,20,1658.1,1,0,0,0,0
P0,g05,g05P0,5,16,s11-20,success,1,0,18,989.8,0,0,0,0,0
P0,g05,g05P0,5,17,s11-20,success,1,0,25,2157.8,1,0,0,0,0
P0,g05,g05P0,5,18,s11-20,success,1,0,30,2821.9,4,0,0,0,0
P0,g05,g05P0,5,19,s11-20,success,1,0,19,1299.8,0,0,0,0,0
P0,g05,g05P0,5,20,s11-20,success,1,0,24,1857.4,0,0,0,0,0
P0,g05,g05P0,9,1,s1-10,success,1,0,29,3622.0,2,0,0,0,0
P0,g05,g05P0,9,2,s1-10,success,1,0,36,3519.7,5,0,0,0,0
P0,g05,g05P0,9,3,s1-10,success,1,0,27,2856.2,4,0,0,0,0
P0,g05,g05P0,9,4,s1-10,success,1,0,31,2939.1,1,0,0,0,0
P0,g05,g05P0,9,5,s1-10,success,1,0,35,3655.3,3,0,0,0,0
P0,g05,g05P0,9,6,s1-10,policy_fail,0,0,5,273.9,0,0,0,0,0
P0,g05,g05P0,9,7,s1-10,success,1,0,33,3139.1,5,0,0,0,0
P0,g05,g05P0,9,8,s1-10,success,1,0,35,3253.0,4,0,0,0,0
P0,g05,g05P0,9,9,s1-10,success,1,0,24,2364.4,2,0,0,0,0
P0,g05,g05P0,9,10,s1-10,success,1,0,37,3337.8,5,0,0,0,0
P0,g05,g05P0,9,11,s11-20,success,1,0,21,1463.4,4,0,0,0,0
P0,g05,g05P0,9,12,s11-20,success,1,0,35,3685.7,0,0,0,0,0
P0,g05,g05P0,9,13,s11-20,policy_fail,0,0,39,3035.5,6,0,0,0,0
P0,g05,g05P0,9,14,s11-20,success,1,0,33,3690.2,0,0,0,0,0
P0,g05,g05P0,9,15,s11-20,policy_fail,0,0,39,3315.1,4,0,0,0,0
P0,g05,g05P0,9,16,s11-20,success,1,0,39,3141.7,5,0,0,0,0
P0,g05,g05P0,9,17,s11-20,success,1,0,34,3685.0,0,0,0,0,0
P0,g05,g05P0,9,18,s11-20,success,1,0,38,3200.3,5,0,0,0,0
P0,g05,g05P0,9,19,s11-20,success,1,0,23,2302.1,2,0,0,0,0
P0,g05,g05P0,9,20,s11-20,success,1,0,27,2439.9,4,0,0,0,0
P2,g05,g05P2,3,1,s1-10,success,1,0,18,1127.3,0,0,0,0,0
P2,g05,g05P2,3,2,s1-10,success,1,0,19,1728.2,1,1,56,0,0
P2,g05,g05P2,3,3,s1-10,success,1,0,14,1009.3,0,0,0,0,0
P2,g05,g05P2,3,4,s1-10,success,1,0,31,3253.2,4,4,224,1,0
P2,g05,g05P2,3,5,s1-10,success,1,0,24,1770.5,0,0,0,0,0
P2,g05,g05P2,3,6,s1-10,success,1,0,16,1149.6,0,0,0,0,0
P2,g05,g05P2,3,7,s1-10,policy_fail,0,0,33,3519.3,3,3,168,0,3
P2,g05,g05P2,3,8,s1-10,success,1,0,14,1327.4,0,0,0,0,0
P2,g05,g05P2,3,9,s1-10,success,1,0,34,3683.8,0,0,0,0,0
P2,g05,g05P2,3,10,s1-10,success,1,0,26,1277.1,1,1,56,1,0
P2,g05,g05P2,3,11,s11-20,success,1,0,24,2468.5,0,0,0,0,0
P2,g05,g05P2,3,12,s11-20,success,1,0,30,2950.2,2,2,112,1,0
P2,g05,g05P2,3,13,s11-20,success,1,0,26,3174.0,3,3,168,1,0
P2,g05,g05P2,3,14,s11-20,success,1,0,24,1501.3,0,0,0,0,0
P2,g05,g05P2,3,15,s11-20,success,1,0,26,3259.6,3,3,168,0,2
P2,g05,g05P2,3,16,s11-20,success,1,0,18,1259.5,0,0,0,0,0
P2,g05,g05P2,3,17,s11-20,success,1,0,23,1689.4,1,1,56,0,0
P2,g05,g05P2,3,18,s11-20,policy_fail,0,0,38,3504.6,1,1,56,0,1
P2,g05,g05P2,3,19,s11-20,policy_fail,0,0,35,3020.0,3,3,168,1,0
P2,g05,g05P2,3,20,s11-20,success,1,0,31,3269.3,1,1,56,1,0
P2,g05,g05P2,5,1,s1-10,success,1,0,31,3425.5,4,4,224,1,3
P2,g05,g05P2,5,2,s1-10,success,1,0,22,2039.3,1,1,56,1,0
P2,g05,g05P2,5,3,s1-10,success,1,0,22,2207.2,1,1,56,0,1
P2,g05,g05P2,5,4,s1-10,success,1,0,25,2014.7,2,2,112,1,2
P2,g05,g05P2,5,5,s1-10,success,1,0,23,1675.3,0,0,0,0,0
P2,g05,g05P2,5,6,s1-10,success,1,0,23,2139.5,2,2,112,1,0
P2,g05,g05P2,5,7,s1-10,success,1,0,32,2772.7,2,2,112,1,0
P2,g05,g05P2,5,8,s1-10,success,1,0,28,2759.3,0,0,0,0,0
P2,g05,g05P2,5,9,s1-10,success,1,0,30,2503.9,1,1,56,0,1
P2,g05,g05P2,5,10,s1-10,success,1,0,16,1074.1,0,0,0,0,0
P2,g05,g05P2,5,11,s11-20,success,1,0,26,2152.4,2,2,112,1,0
P2,g05,g05P2,5,12,s11-20,success,1,0,28,1896.3,2,2,112,1,1
P2,g05,g05P2,5,13,s11-20,success,1,0,33,2788.5,3,3,168,1,4
P2,g05,g05P2,5,14,s11-20,success,1,0,29,2361.6,2,2,112,1,0
P2,g05,g05P2,5,15,s11-20,success,1,0,24,2438.6,3,3,168,1,4
P2,g05,g05P2,5,16,s11-20,success,1,0,19,1515.9,1,1,56,1,0
P2,g05,g05P2,5,17,s11-20,success,1,0,16,1173.5,1,1,56,0,0
P2,g05,g05P2,5,18,s11-20,success,1,0,19,1365.2,1,1,56,0,1
P2,g05,g05P2,5,19,s11-20,success,1,0,25,1600.6,1,1,56,1,0
P2,g05,g05P2,5,20,s11-20,success,1,0,20,1409.2,0,0,0,0,0
P2,g05,g05P2,9,1,s1-10,success,1,0,37,2865.1,5,5,280,1,0
P2,g05,g05P2,9,2,s1-10,success,1,0,23,2111.9,3,3,168,1,0
P2,g05,g05P2,9,3,s1-10,policy_fail,0,0,39,2706.5,3,3,168,1,0
P2,g05,g05P2,9,4,s1-10,success,1,0,29,2325.8,4,4,224,1,0
P2,g05,g05P2,9,5,s1-10,success,1,0,38,2803.3,4,4,224,1,0
P2,g05,g05P2,9,6,s1-10,policy_fail,0,0,39,3478.2,5,5,280,1,2
P2,g05,g05P2,9,7,s1-10,success,1,0,34,2569.6,4,4,224,1,0
P2,g05,g05P2,9,8,s1-10,success,1,0,31,3446.3,6,6,336,1,0
P2,g05,g05P2,9,9,s1-10,success,1,0,23,2459.3,1,1,56,1,0
P2,g05,g05P2,9,10,s1-10,success,1,0,37,3133.5,3,3,168,1,0
P2,g05,g05P2,9,11,s11-20,success,1,0,28,3088.3,5,5,280,1,2
P2,g05,g05P2,9,12,s11-20,policy_fail,0,0,39,2235.8,6,6,336,1,2
P2,g05,g05P2,9,13,s11-20,policy_fail,0,0,39,3563.7,6,6,336,1,2
P2,g05,g05P2,9,14,s11-20,success,1,0,38,1780.2,4,4,224,1,0
P2,g05,g05P2,9,15,s11-20,success,1,0,39,3016.0,4,4,224,1,2
P2,g05,g05P2,9,16,s11-20,success,1,0,35,3237.5,3,3,168,1,1
P2,g05,g05P2,9,17,s11-20,success,1,0,35,3135.8,6,6,336,1,3
P2,g05,g05P2,9,18,s11-20,success,1,0,33,2633.0,3,3,168,1,0
P2,g05,g05P2,9,19,s11-20,success,1,0,20,1581.9,1,1,56,0,0
P2,g05,g05P2,9,20,s11-20,success,1,0,27,2035.2,4,4,224,1,2
P4,g0,g0D,3,1,s1-10,success,1,0,19,892.1,0,0,0,0,0
P4,g0,g0D,3,2,s1-10,success,1,0,29,2919.3,2,2,688,1,0
P4,g0,g0D,3,3,s1-10,success,1,0,23,2331.3,1,1,343,1,0
P4,g0,g0D,3,4,s1-10,policy_fail,0,0,31,1725.3,4,4,1390,1,1
P4,g0,g0D,3,5,s1-10,success,1,0,27,2247.0,0,0,0,0,0
P4,g0,g0D,3,6,s1-10,success,1,0,15,1396.6,0,0,0,0,0
P4,g0,g0D,3,7,s1-10,success,1,0,22,2468.6,1,1,343,0,0
P4,g0,g0D,3,8,s1-10,success,1,0,32,1942.8,2,2,688,1,0
P4,g0,g0D,3,9,s1-10,success,1,0,23,1495.2,0,0,0,0,0
P4,g0,g0D,3,10,s1-10,success,1,0,17,793.5,1,1,343,0,0
P4,g0,g0D,3,11,s11-20,success,1,0,31,625.1,1,1,345,1,0
P4,g0,g0D,3,12,s11-20,success,1,0,21,1084.8,1,1,343,0,0
P4,g0,g0D,3,13,s11-20,policy_fail,0,0,38,3088.0,5,5,1735,1,0
P4,g0,g0D,3,14,s11-20,success,1,0,23,1423.3,1,1,345,1,0
P4,g0,g0D,3,15,s11-20,success,1,0,14,674.6,0,0,0,0,0
P4,g0,g0D,3,16,s11-20,success,1,0,14,770.8,0,0,0,0,0
P4,g0,g0D,3,17,s11-20,success,1,0,33,2928.9,2,2,688,1,1
P4,g0,g0D,3,18,s11-20,success,1,0,23,1565.9,1,1,343,1,0
P4,g0,g0D,3,19,s11-20,policy_fail,0,0,18,1582.2,0,0,0,0,0
P4,g0,g0D,3,20,s11-20,success,1,0,22,1552.8,1,1,343,1,0
P4,g0,g0D,5,1,s1-10,success,1,0,26,2283.9,3,3,1043,1,0
P4,g0,g0D,5,2,s1-10,success,1,0,23,1512.0,1,1,345,1,0
P4,g0,g0D,5,3,s1-10,success,1,0,27,3012.2,1,1,345,1,0
P4,g0,g0D,5,4,s1-10,success,1,0,24,2541.9,2,2,690,1,0
P4,g0,g0D,5,5,s1-10,success,1,0,28,2201.7,1,1,349,0,1
P4,g0,g0D,5,6,s1-10,success,1,0,30,2906.3,4,4,1388,1,2
P4,g0,g0D,5,7,s1-10,success,1,0,29,2716.4,2,2,698,1,0
P4,g0,g0D,5,8,s1-10,success,1,0,31,2517.8,1,1,345,1,0
P4,g0,g0D,5,9,s1-10,success,1,0,30,2252.3,1,1,345,1,0
P4,g0,g0D,5,10,s1-10,success,1,0,26,1735.7,1,1,345,1,0
P4,g0,g0D,5,11,s11-20,success,1,0,21,1118.3,1,1,357,0,0
P4,g0,g0D,5,12,s11-20,success,1,0,21,1640.2,2,2,694,1,3
P4,g0,g0D,5,13,s11-20,success,1,0,33,3183.4,6,6,2085,1,4
P4,g0,g0D,5,14,s11-20,success,1,0,25,2017.4,1,1,349,0,1
P4,g0,g0D,5,15,s11-20,success,1,0,22,2133.6,2,2,698,1,0
P4,g0,g0D,5,16,s11-20,success,1,0,29,1668.8,1,1,345,1,0
P4,g0,g0D,5,17,s11-20,success,1,0,21,1701.5,2,2,698,1,2
P4,g0,g0D,5,18,s11-20,success,1,0,21,1824.6,2,2,698,1,2
P4,g0,g0D,5,19,s11-20,success,1,0,14,839.1,0,0,0,0,0
P4,g0,g0D,5,20,s11-20,success,1,0,26,1578.6,0,0,0,0,0
P4,g0,g0D,9,1,s1-10,success,1,0,39,3343.2,6,6,2103,1,2
P4,g0,g0D,9,2,s1-10,success,1,0,32,3408.6,4,4,1387,1,0
P4,g0,g0D,9,3,s1-10,success,1,0,37,3249.9,4,4,1402,1,0
P4,g0,g0D,9,4,s1-10,success,1,0,36,3684.0,0,0,0,0,0
P4,g0,g0D,9,5,s1-10,success,1,0,25,2064.7,3,3,1047,1,0
P4,g0,g0D,9,6,s1-10,success,1,0,33,3041.6,4,4,1397,1,0
P4,g0,g0D,9,7,s1-10,success,1,0,34,3319.5,4,4,1388,1,2
P4,g0,g0D,9,8,s1-10,policy_fail,0,0,31,3586.7,6,6,2094,1,4
P4,g0,g0D,9,9,s1-10,success,1,0,23,1771.4,2,2,694,1,0
P4,g0,g0D,9,10,s1-10,policy_fail,0,0,39,2732.0,5,5,1742,1,2
P4,g0,g0D,9,11,s11-20,success,1,0,26,1573.3,1,1,346,0,0
P4,g0,g0D,9,12,s11-20,success,1,0,32,3687.2,0,0,0,0,0
P4,g0,g0D,9,13,s11-20,success,1,0,28,3686.9,0,0,0,0,0
P4,g0,g0D,9,14,s11-20,success,1,0,34,3399.3,5,5,1745,1,2
P4,g0,g0D,9,15,s11-20,success,1,0,34,2318.2,2,2,694,1,0
P4,g0,g0D,9,16,s11-20,policy_fail,0,0,39,2060.7,6,6,2096,1,0
P4,g0,g0D,9,17,s11-20,success,1,0,37,1247.5,4,4,1390,1,3
P4,g0,g0D,9,18,s11-20,success,1,0,25,876.3,4,4,1392,1,1
P4,g0,g0D,9,19,s11-20,success,1,0,25,2237.6,2,2,694,1,0
P4,g0,g0D,9,20,s11-20,success,1,0,30,1636.7,2,2,701,1,0
