snapshot_id,split,pp_acq,pp_stable,po_acq,po_stable,op_acq,op_stable,oo_acq,oo_stable,exec_acq,exec_stable,cand_acq,cand_stable,int_acq,int_stable
qsnap_00,DEV,0.375,0.25,0.625,0.5,0.25,0.125,0.625,0.25,0.312,0.188,-0.062,-0.188,0.125,-0.125
qsnap_02,DEV,0.25,0.25,1.0,0.875,1.0,1.0,1.0,1.0,0.375,0.312,0.375,0.438,-0.75,-0.625
qsnap_06,DEV,0.5,0.5,0.875,0.875,1.0,1.0,1.0,1.0,0.188,0.188,0.312,0.312,-0.375,-0.375
qsnap_08,DEV,0.875,0.375,0.75,0.75,0.875,0.625,1.0,1.0,0.0,0.375,0.125,0.25,0.25,0.0
qsnap_14,DEV,0.875,0.25,1.0,1.0,0.875,0.25,0.625,0.625,-0.062,0.562,-0.188,-0.188,-0.375,-0.375
POOLED(DEV),,0.575,0.325,0.85,0.8,0.8,0.6,0.85,0.775,0.163,0.325,0.113,0.125,-0.225,-0.3
qsnap_01,TEST,0.375,0.25,0.875,0.875,0.875,0.875,0.75,0.75,0.188,0.25,0.188,0.25,-0.625,-0.75
qsnap_03,TEST,0.5,0.375,0.75,0.75,1.0,0.75,1.0,1.0,0.125,0.312,0.375,0.312,-0.25,-0.125
qsnap_05,TEST,0.75,0.625,1.0,0.875,1.0,0.875,1.0,0.875,0.125,0.125,0.125,0.125,-0.25,-0.25
qsnap_09,TEST,0.625,0.25,1.0,0.5,0.875,0.375,0.75,0.0,0.125,-0.062,0.0,-0.188,-0.5,-0.625
qsnap_11,TEST,1.0,0.5,1.0,1.0,1.0,0.75,1.0,1.0,0.0,0.375,0.0,0.125,0.0,-0.25
qsnap_13,TEST,0.25,0.25,0.5,0.125,0.375,0.125,0.75,0.25,0.312,0.0,0.188,0.0,0.125,0.25
qsnap_17,TEST,1.0,0.375,0.75,0.5,0.625,0.5,0.625,0.125,-0.125,-0.125,-0.25,-0.125,0.25,-0.5
qsnap_19,TEST,1.0,0.5,0.125,0.0,0.875,0.125,0.25,0.125,-0.75,-0.25,0.0,-0.125,0.25,0.5
POOLED(TEST),,0.688,0.391,0.75,0.578,0.828,0.547,0.766,0.516,0.0,0.078,0.078,0.047,-0.125,-0.219
