event_id,ord,task,seed,t0,role,n_prefix,a_fail_shape,pre_sha16,post_sha16,a_fail_sha16,prompt,method
r09,1,3,128,3,R0_DEV,95,5x7,2f75b186f46704df,8ccfd6428357d798,d1648a5824f53ecc,pick up the black patterned bowl on the cookies box,n/a
r12,2,3,132,3,R0_DEV,118,5x7,20dc170de3b4eaba,7c4576cd5e637af1,6e72058f667ee387,pick up the black patterned bowl on the cookies box,n/a
r14,3,3,134,4,R0_DEV,75,5x7,02a587803b4b844d,4a6bd61522f34d3e,5bf6c073166db624,Pick the akita black bowl on the cookies box and place it on the plate,n/a
r15,4,3,136,3,R0_DEV,55,5x7,d5b4b949e4523d26,149962daf4b713e7,918369c70ad12f6a,pick up the black patterned bowl on the cookies box,n/a
r30,5,3,151,3,R0_DEV,108,5x7,e29e7846cc6b4f12,5320fd7b0b328b48,b93ffdc344acd8c8,pick up the black bowl on the cookies box,n/a
r43,6,3,163,3,R0_DEV,92,5x7,f14841973c110769,29f5ed000cfc7699,dbfe003a58a4ea4e,pick up the black patterned bowl on the cookies box,n/a
r48,7,3,167,3,R0_DEV,91,5x7,40db48aa018b0c69,5c19f0161468d322,46474366759a2c0f,pick up the black patterned bowl on the cookies box,n/a
r53,8,3,174,3,R0_DEV,84,5x7,6133df3a082974ae,17ba3ddc6acdf698,178b81ff77e964c6,pick up the black patterned bowl on the cookies box,n/a
r54,9,3,173,3,R1_COHORT,47,5x7,653e454b563b1ef3,28270263fe23a3fc,505d490059dac380,pick up the black bowl on the cookies box,PREFIX
r64,10,3,184,3,R1_COHORT,60,5x7,5e5497f1433536f0,84bbf2f24f89c132,abf3545ff57f34df,pick up the black bowl on the cookies box,PREFIX
r67,11,3,187,4,R1_COHORT,104,5x7,180cff19f7d4f8d0,aa14fe43c822c01c,c2e26806986a73e9,pick up the black bowl on the cookies box,PREFIX
r88,12,5,137,3,R1_COHORT,39,5x7,8c64e9de41bdc21b,f38daf83b4cf3727,a5bbd0fe3c39fcef,pick up the black patterned bowl,PREFIX
r104,13,5,154,3,R1_COHORT,36,5x7,83e65b3a8749c3d5,a0e7fc72103fe488,42cbbad8f4b488d7,pick up the black patterned bowl,PREFIX
r111,14,5,160,2,R1_COHORT,33,5x7,aec5a635150e8532,0a40a6ac0b096890,3cd466b1974ff0f6,pick up the black patterned bowl,PREFIX
r117,15,5,167,3,R1_COHORT,35,5x7,0c1e092479d550f1,26c71fd9ff90adf9,89fdac0a7bbd818c,pick up the black patterned bowl,PREFIX
r119,16,5,169,2,R1_COHORT,35,5x7,23c71e2e026ba3e4,99f7ecd13067c915,5fc40d2bd97b5562,pick up the black patterned bowl,PREFIX
r129,17,5,178,3,R1_COHORT,31,5x7,e7a130dcd06827f7,a2953015a3bbbc3c,1ac816e2a76c5a25,pick up the black patterned bowl,PREFIX
r138,18,5,188,3,R1_COHORT,37,5x7,e244973e4f65bc04,ef94da11854fb7d9,89f2599ba5d35b95,pick up the black patterned bowl,PREFIX
r142,19,9,123,6,R1_COHORT,93,5x7,b3e192ebe35a9a8c,e44747b70a4b8cb4,99b5aae54b3268d1,pick up the bowl on the wooden cabinet,PREFIX
r143,20,9,122,4,R1_COHORT,97,5x7,9cd3d17c49dba4fb,b7591efcab5464be,7d297e7b5e28a93a,pick up the bowl on the cabinet,PREFIX
r156,21,9,136,4,R1_COHORT,68,5x7,7059bd19c45601ff,3064159e056a5e60,744fee504ad7b606,pick up the bowl on the wooden cabinet,PREFIX
r158,22,9,138,5,R1_COHORT,104,5x7,a782602c8a96c344,f3de5266891f9f75,fa42aaf71b60e717,pick up the bowl on the cabinet,PREFIX
r160,23,9,140,5,R1_COHORT,116,5x7,038df003c4afbb58,383cf099e2b12a9d,354f5af218181652,pick up the bowl on the wooden cabinet,PREFIX
r164,24,9,145,4,R1_COHORT,48,5x7,41298e8a7a00fe78,8c2e2811d4f8900f,09ec4365f66a17c9,pick up the bowl on the cabinet,PREFIX
r166,25,9,144,5,R1_COHORT,106,5x7,091fca3c51596615,c5d0e66f1add2638,133f19b398154555,pick up the bowl on the wooden cabinet,PREFIX
r168,26,9,149,4,R1_COHORT,127,5x7,a2fa1aa7facd17dd,95b28dd15f3a68d8,fa8455bf32dd0456,pick up the bowl on the cabinet,PREFIX
r171,27,9,152,5,R1_COHORT,105,5x7,69203abfa58fb67e,bd311378f50d57ff,8190155c6ce71c3c,pick up the bowl on the cabinet,PREFIX
r172,28,9,151,5,R1_COHORT,105,5x7,eb23559e3ad99e65,bb377a1325b439a7,b6e5727a42e626d8,pick up the bowl on the cabinet,PREFIX
r175,29,9,155,6,R1_COHORT,131,5x7,ee8451ce5adba8de,4e35fdb0e8a72b2c,72c307468a46db94,pick up the bowl on the cabinet,PREFIX
r180,30,9,160,4,R1_COHORT,50,5x7,3e782bad64713b53,9bd2bc4bbe5641b0,2739998dedfcedba,pick up the bowl on the cabinet,PREFIX
r181,31,9,159,4,R1_COHORT,99,5x7,97bcb7bf340bf831,f459d7ada1fe1035,07e7887e520f8d46,pick up the black bowl on the wooden cabinet,PREFIX
r185,32,9,165,6,R1_COHORT,140,5x7,ca34ba8e2d9c09b9,19bafdb3e727f33c,4f6ea1edfec0e9cc,pick up the bowl on the cabinet,PREFIX
