# stageN0_audit_manifest | seed=20261002 | N=45 | p33=2 p66=4 | q_U=0 q_I=0 q_D=45 | eligible=124
# 抽取序=audit_id 序:族['RELEASE_PREDICATE_STALL', 'FALSE_GRASP', 'MOVE_CONTACT_STALL']×类['DEPENDENT', 'INDEPENDENT', 'UNRESOLVED']×三分位['S', 'M', 'L'];I/U 跨族配额同 D 规则(比例+最大余数,平手 RPS>FG>MCS)
# sha256(以下全部字节)=2390cf39f095cf5414a8b7f1b6c91d176a0090fb55147f832caf99b4c52aa947
audit_id,segment_id,family,machine_class,length_tercile,primitive_count,task,seed,node,t0,tR
"dossier_00","20260915-13:38:33_glm-5.3-flash_armB2_libero_spatial_task_t9_s9_r3#f0","RELEASE_PREDICATE_STALL","DEPENDENT","S","2","9","9","RELEASE_PREDICATE_STALL","10","12"
"dossier_01","20260915-13:45:52_glm-5.3-flash_armB2_libero_spatial_task_t9_s10_r2#f0","RELEASE_PREDICATE_STALL","DEPENDENT","S","2","9","10","RELEASE_PREDICATE_STALL","11","13"
"dossier_02","20260920-16:10:23_glm-5.3-flash_g0E_libero_spatial_task_t5_s5_r1#f0","RELEASE_PREDICATE_STALL","DEPENDENT","S","2","5","5","RELEASE_PREDICATE_STALL","8","10"
"dossier_03","20260921-11:11:28_glm-5.3-flash_g05P2_libero_spatial_task_t5_s9_r1#f0","RELEASE_PREDICATE_STALL","DEPENDENT","S","2","5","9","RELEASE_PREDICATE_STALL","7","9"
"dossier_04","20260922-19:42:32_glm-5.3-flash_g05P2_libero_spatial_task_t9_s11_r1#f0","RELEASE_PREDICATE_STALL","DEPENDENT","S","2","9","11","RELEASE_PREDICATE_STALL","10","12"
"dossier_05","20260922-21:32:26_glm-5.3-flash_g05P2_libero_spatial_task_t9_s16_r1#f2","RELEASE_PREDICATE_STALL","DEPENDENT","S","2","9","16","RELEASE_PREDICATE_STALL","12","14"
"dossier_06","20260922-23:53:38_glm-5.3-flash_g0D_libero_spatial_task_t9_s14_r1#f0","RELEASE_PREDICATE_STALL","DEPENDENT","S","2","9","14","RELEASE_PREDICATE_STALL","12","14"
"dossier_07","20260928-18:28:46_glm-5.3-flash_h1P2_libero_spatial_task_t9_s15_r1#f0","RELEASE_PREDICATE_STALL","DEPENDENT","S","2","9","15","RELEASE_PREDICATE_STALL","12","14"
"dossier_08","20260916-05:01:06_glm-5.3-flash_armB_libero_spatial_task_t5_s10_r1#f0","RELEASE_PREDICATE_STALL","DEPENDENT","M","3","5","10","RELEASE_PREDICATE_STALL","6","9"
"dossier_09","20260917-05:58:41_glm-5.3-flash_memB1_libero_spatial_task_t5_s3_r1#f0","RELEASE_PREDICATE_STALL","DEPENDENT","M","3","5","3","RELEASE_PREDICATE_STALL","9","12"
"dossier_10","20260917-14:49:06_glm-5.3-flash_memB2_libero_spatial_task_t5_s10_r1#f0","RELEASE_PREDICATE_STALL","DEPENDENT","M","4","5","10","RELEASE_PREDICATE_STALL","8","12"
"dossier_11","20260921-04:34:43_glm-5.3-flash_g05P0_libero_spatial_task_t5_s4_r1#f0","RELEASE_PREDICATE_STALL","DEPENDENT","M","3","5","4","RELEASE_PREDICATE_STALL","11","14"
"dossier_12","20260921-07:36:03_glm-5.3-flash_g05P1_libero_spatial_task_t5_s2_r1#f0","RELEASE_PREDICATE_STALL","DEPENDENT","M","3","5","2","RELEASE_PREDICATE_STALL","9","12"
"dossier_13","20260922-23:25:16_glm-5.3-flash_g0D_libero_spatial_task_t5_s17_r1#f0","RELEASE_PREDICATE_STALL","DEPENDENT","M","4","5","17","RELEASE_PREDICATE_STALL","6","10"
"dossier_14","20260923-01:17:44_glm-5.3-flash_g0D_libero_spatial_task_t9_s18_r1#f0","RELEASE_PREDICATE_STALL","DEPENDENT","M","3","9","18","RELEASE_PREDICATE_STALL","10","13"
"dossier_15","20260928-17:37:27_glm-5.3-flash_h1P2_libero_spatial_task_t5_s18_r1#f0","RELEASE_PREDICATE_STALL","DEPENDENT","M","3","5","18","RELEASE_PREDICATE_STALL","7","10"
"dossier_16","20260907-03:59:25_glm-5.3-flash_armA_libero_spatial_task_t9_s1_r2#f0","RELEASE_PREDICATE_STALL","DEPENDENT","L","5","9","1","RELEASE_PREDICATE_STALL","9","14"
"dossier_17","20260907-07:46:28_glm-5.3-flash_armB_libero_spatial_task_t9_s7_r3#f0","RELEASE_PREDICATE_STALL","DEPENDENT","L","5","9","7","RELEASE_PREDICATE_STALL","11","16"
"dossier_18","20260907-11:42:31_glm-5.3-flash_armC_libero_spatial_task_t9_s1_r2#f1","RELEASE_PREDICATE_STALL","DEPENDENT","L","6","9","1","RELEASE_PREDICATE_STALL","8","14"
"dossier_19","20260917-11:50:45_glm-5.3-flash_memB3_libero_spatial_task_t5_s8_r1#f0","RELEASE_PREDICATE_STALL","DEPENDENT","L","5","5","8","RELEASE_PREDICATE_STALL","6","11"
"dossier_20","20260918-09:27:49_glm-5.3-flash_memO2_libero_spatial_task_t9_s10_r1#f0","RELEASE_PREDICATE_STALL","DEPENDENT","L","7","9","10","RELEASE_PREDICATE_STALL","8","15"
"dossier_21","20260928-17:42:51_glm-5.3-flash_h1P2_libero_spatial_task_t9_s3_r1#f0","RELEASE_PREDICATE_STALL","DEPENDENT","L","5","9","3","RELEASE_PREDICATE_STALL","8","13"
"dossier_22","20260928-18:04:54_glm-5.3-flash_h1P2_libero_spatial_task_t9_s12_r1#f0","RELEASE_PREDICATE_STALL","DEPENDENT","L","6","9","12","RELEASE_PREDICATE_STALL","9","15"
"dossier_23","20260905-21:10:40_glm-5.3-flash_vanilla_libero_spatial_task_t9_s4_r1#f0","FALSE_GRASP","DEPENDENT","S","2","9","4","FALSE_GRASP","4","6"
"dossier_24","20260922-02:46:28_glm-5.3-flash_g05P0_libero_spatial_task_t3_s20_r1#f0","FALSE_GRASP","DEPENDENT","S","2","3","20","FALSE_GRASP","3","5"
"dossier_25","20260922-05:11:55_glm-5.3-flash_g05P2_libero_spatial_task_t3_s17_r1#f0","FALSE_GRASP","DEPENDENT","S","2","3","17","FALSE_GRASP","4","6"
"dossier_26","20260928-18:04:54_glm-5.3-flash_h1P2_libero_spatial_task_t9_s12_r1#f2","FALSE_GRASP","DEPENDENT","S","2","9","12","FALSE_GRASP","13","15"
"dossier_27","20260928-22:19:03_glm-5.3-flash_h1G_libero_spatial_task_t3_s5_r1#f0","FALSE_GRASP","DEPENDENT","S","2","3","5","FALSE_GRASP","4","6"
"dossier_28","20260928-23:03:11_glm-5.3-flash_h1G_libero_spatial_task_t3_s12_r1#f0","FALSE_GRASP","DEPENDENT","S","2","3","12","FALSE_GRASP","3","5"
"dossier_29","20260929-03:06:38_glm-5.3-flash_h1G_libero_spatial_task_t3_s6_r1#f0","FALSE_GRASP","DEPENDENT","S","2","3","6","FALSE_GRASP","4","6"
"dossier_30","20260906-12:06:17_glm-5.3-flash_armA_libero_spatial_task_t9_s4_r1#f0","FALSE_GRASP","DEPENDENT","M","3","9","4","FALSE_GRASP","4","7"
"dossier_31","20260920-11:31:18_glm-5.3-flash_g0B_libero_spatial_task_t9_s10_r1#f0","FALSE_GRASP","DEPENDENT","M","4","9","10","FALSE_GRASP","7","11"
"dossier_32","20260922-20:46:58_glm-5.3-flash_g05P0_libero_spatial_task_t3_s19_r1#f1","FALSE_GRASP","DEPENDENT","M","4","3","19","FALSE_GRASP","6","10"
"dossier_33","20260928-15:21:13_glm-5.3-flash_h1G_libero_spatial_task_t3_s19_r1#f0","FALSE_GRASP","DEPENDENT","M","4","3","19","FALSE_GRASP","2","6"
"dossier_34","20260928-16:26:18_glm-5.3-flash_h1P2_libero_spatial_task_t3_s9_r1#f0","FALSE_GRASP","DEPENDENT","M","3","3","9","FALSE_GRASP","3","6"
"dossier_35","20260928-18:44:49_glm-5.3-flash_h1C_libero_spatial_task_t3_s2_r1#f0","FALSE_GRASP","DEPENDENT","M","3","3","2","FALSE_GRASP","2","5"
"dossier_36","20260906-20:39:32_glm-5.3-flash_armB_libero_spatial_task_t9_s10_r1#f0","FALSE_GRASP","DEPENDENT","L","6","9","10","FALSE_GRASP","5","11"
"dossier_37","20260921-05:05:17_glm-5.3-flash_g05P0_libero_spatial_task_t9_s1_r1#f0","FALSE_GRASP","DEPENDENT","L","7","9","1","FALSE_GRASP","3","10"
"dossier_38","20260922-18:45:37_glm-5.3-flash_g05P2_libero_spatial_task_t3_s20_r1#f0","FALSE_GRASP","DEPENDENT","L","8","3","20","FALSE_GRASP","3","11"
"dossier_39","20260922-21:32:26_glm-5.3-flash_g05P2_libero_spatial_task_t9_s16_r1#f1","FALSE_GRASP","DEPENDENT","L","8","9","16","FALSE_GRASP","6","14"
"dossier_40","20260922-22:51:09_glm-5.3-flash_g0D_libero_spatial_task_t3_s17_r1#f0","FALSE_GRASP","DEPENDENT","L","7","3","17","FALSE_GRASP","4","11"
"dossier_41","20260922-22:51:09_glm-5.3-flash_g0D_libero_spatial_task_t3_s17_r1#f1","FALSE_GRASP","DEPENDENT","L","5","3","17","FALSE_GRASP","6","11"
"dossier_42","20260928-14:48:26_glm-5.3-flash_h1P2_libero_spatial_task_t3_s19_r1#f0","FALSE_GRASP","DEPENDENT","L","13","3","19","FALSE_GRASP","4","17"
"dossier_43","20260918-11:06:19_glm-5.3-flash_memO2_libero_spatial_task_t9_s1_r1#f1","MOVE_CONTACT_STALL","DEPENDENT","S","2","9","1","CONTACT_STALL","12","14"
"dossier_44","20260928-18:04:54_glm-5.3-flash_h1P2_libero_spatial_task_t9_s12_r1#f1","MOVE_CONTACT_STALL","DEPENDENT","M","4","9","12","CONTACT_STALL","11","15"
