snapshot_id,split,family,task,seed,t0,cand_idx,cand_sha,n_rec,n_harm,n_cont,cand_label,cont_labels,terminated_in_chunk,pick_success,ee_class,contact_class,obj_class,wall_s,infra_abort,note
psnap_00,DEV,FALSE_GRASP,3,41,3,1,b9e7e07563e3166a,3,0,3,RECOVERY,RECOVERY;RECOVERY;RECOVERY,0,True;True;True,DESCEND,HOLD,HARM_DISP,5.2,,
psnap_00,DEV,FALSE_GRASP,3,41,3,2,70ee735e394b4f98,3,0,3,RECOVERY,RECOVERY;RECOVERY;RECOVERY,0,True;True;True,DESCEND,HOLD,HARM_DISP,4.2,,
psnap_00,DEV,FALSE_GRASP,3,41,3,3,a0f70a2e0e44b816,3,0,3,RECOVERY,RECOVERY;RECOVERY;RECOVERY,0,True;True;True,DESCEND,HOLD,HARM_DISP,5.1,,
psnap_00,DEV,FALSE_GRASP,3,41,3,4,eceb2cfdbc69efdc,3,0,3,RECOVERY,RECOVERY;RECOVERY;RECOVERY,0,True;True;True,DESCEND,HOLD,HARM_DISP,4.1,,
psnap_00,DEV,FALSE_GRASP,3,41,3,5,6a5a80b240dda37e,3,0,3,RECOVERY,RECOVERY;RECOVERY;RECOVERY,0,True;True;True,DESCEND,HOLD,HARM_DISP,4.2,,
psnap_00,DEV,FALSE_GRASP,3,41,3,6,d357c4b2aa9346ba,3,0,3,RECOVERY,RECOVERY;RECOVERY;RECOVERY,0,True;True;True,DESCEND,HOLD,HARM_DISP,4.2,,
psnap_00,DEV,FALSE_GRASP,3,41,3,7,418eea9e86703ade,3,0,3,RECOVERY,RECOVERY;RECOVERY;RECOVERY,0,True;True;True,DESCEND,HOLD,HARM_DISP,4.1,,
psnap_00,DEV,FALSE_GRASP,3,41,3,8,5657759ce6f56fbd,3,0,3,RECOVERY,RECOVERY;RECOVERY;RECOVERY,0,True;True;True,DESCEND,HOLD,HARM_DISP,5.2,,
psnap_02,DEV,FALSE_GRASP,3,48,3,1,7aae0f3815b9acb4,0,0,3,NO_EFFECT,NO_EFFECT;NO_EFFECT;NO_EFFECT,0,False;False;False,DESCEND,OPENING,UNMOVED,67.9,,
psnap_01,TEST,FALSE_GRASP,3,42,4,,,,,,,,,,,,,,boot_3attempts,
psnap_02,DEV,FALSE_GRASP,3,48,3,2,6c3abb099704fe97,1,0,3,RECOVERY,NO_EFFECT;NO_EFFECT;RECOVERY,0,False;False;False,DESCEND,OPENING,UNMOVED,68.7,,
psnap_04,DEV,FALSE_GRASP,3,56,4,1,55a66fd602ea72b3,2,1,3,RECOVERY,RECOVERY;HARM;RECOVERY,0,True;True;True,ASCEND,HOLD,TOWARD_LIFT,18.7,,
psnap_04,DEV,FALSE_GRASP,3,56,4,2,5eb48439a079ac00,0,3,3,HARM,HARM;HARM;HARM,0,True;True;True,ASCEND,OPENING,HARM_DISP,22.6,,
psnap_02,DEV,FALSE_GRASP,3,48,3,3,67fbfb34b88ea7e6,0,0,3,NO_EFFECT,NO_EFFECT;NO_EFFECT;NO_EFFECT,0,False;False;False,DESCEND,HOLD,UNMOVED,69.4,,
psnap_04,DEV,FALSE_GRASP,3,56,4,3,00d492041747ae85,2,1,3,RECOVERY,RECOVERY;HARM;RECOVERY,0,True;True;True,ASCEND,HOLD,TOWARD_LIFT,17.3,,
psnap_04,DEV,FALSE_GRASP,3,56,4,4,fb2c2c8ce419bb56,3,0,3,RECOVERY,RECOVERY;RECOVERY;RECOVERY,0,True;True;True,ASCEND,HOLD,TOWARD_LIFT,13.4,,
psnap_04,DEV,FALSE_GRASP,3,56,4,5,81d367582a744be6,0,3,3,HARM,HARM;HARM;HARM,0,True;True;True,ASCEND,OPENING,HARM_DISP,20.5,,
psnap_04,DEV,FALSE_GRASP,3,56,4,6,7ce77f17473b0164,3,0,3,RECOVERY,RECOVERY;RECOVERY;RECOVERY,0,True;True;True,ASCEND,HOLD,TOWARD_LIFT,13.5,,
psnap_02,DEV,FALSE_GRASP,3,48,3,4,a5dca188c677838e,0,0,3,NO_EFFECT,NO_EFFECT;NO_EFFECT;NO_EFFECT,0,False;False;False,DESCEND,OPENING,UNMOVED,68.4,,
psnap_04,DEV,FALSE_GRASP,3,56,4,7,7ca9c3b930589c5c,0,3,3,HARM,HARM;HARM;HARM,0,True;True;True,ASCEND,HOLD,HARM_DISP,21.0,,
psnap_04,DEV,FALSE_GRASP,3,56,4,8,7562d241c121308e,3,0,3,RECOVERY,RECOVERY;RECOVERY;RECOVERY,0,True;True;True,ASCEND,HOLD,TOWARD_LIFT,18.5,,
psnap_02,DEV,FALSE_GRASP,3,48,3,5,50adc3b2fb4fa023,0,0,3,NO_EFFECT,NO_EFFECT;NO_EFFECT;NO_EFFECT,0,False;False;False,DESCEND,OPENING,UNMOVED,69.2,,
psnap_02,DEV,FALSE_GRASP,3,48,3,6,7dd30f774536ccea,0,0,3,NO_EFFECT,NO_EFFECT;NO_EFFECT;NO_EFFECT,0,False;False;False,DESCEND,OPENING,UNMOVED,68.4,,
psnap_05,TEST,FALSE_GRASP,3,62,3,1,a58f99c2bf4b638d,1,0,3,RECOVERY,RECOVERY;NO_EFFECT;NO_EFFECT,0,False;False;False,STATIONARY,HOLD,UNMOVED,68.0,,
psnap_02,DEV,FALSE_GRASP,3,48,3,7,7c456281c596a606,0,0,3,NO_EFFECT,NO_EFFECT;NO_EFFECT;NO_EFFECT,0,False;False;False,DESCEND,OPENING,UNMOVED,69.0,,
psnap_05,TEST,FALSE_GRASP,3,62,3,2,9b7bb999888de2d5,2,0,3,RECOVERY,NO_EFFECT;RECOVERY;RECOVERY,0,False;False;False,STATIONARY,CLOSING,UNMOVED,67.5,,
psnap_02,DEV,FALSE_GRASP,3,48,3,8,4741afd9e1e9ef93,0,0,3,NO_EFFECT,NO_EFFECT;NO_EFFECT;NO_EFFECT,0,False;False;False,DESCEND,OPENING,UNMOVED,68.4,,
psnap_05,TEST,FALSE_GRASP,3,62,3,3,7eb56bd2a024f67e,2,0,3,RECOVERY,RECOVERY;NO_EFFECT;RECOVERY,0,False;False;False,STATIONARY,CLOSING,UNMOVED,67.6,,
psnap_05,TEST,FALSE_GRASP,3,62,3,4,d51aaa45c6c41f76,3,0,3,RECOVERY,RECOVERY;RECOVERY;RECOVERY,0,False;False;True,STATIONARY,CLOSING,UNMOVED,67.2,,
psnap_06,DEV,FALSE_GRASP,3,64,3,1,ee247f5155b260c5,3,0,3,RECOVERY,RECOVERY;RECOVERY;RECOVERY,0,False;False;False,ASCEND,HOLD,TOWARD_LIFT,69.8,,
psnap_05,TEST,FALSE_GRASP,3,62,3,5,d1ee9ca5ac40f719,0,0,3,NO_EFFECT,NO_EFFECT;NO_EFFECT;NO_EFFECT,0,False;False;False,STATIONARY,CLOSING,UNMOVED,68.1,,
psnap_06,DEV,FALSE_GRASP,3,64,3,2,e1d8036158810d4c,3,0,3,RECOVERY,RECOVERY;RECOVERY;RECOVERY,0,False;False;False,ASCEND,HOLD,TOWARD_LIFT,69.8,,
psnap_05,TEST,FALSE_GRASP,3,62,3,6,9510e69a7e79e33d,1,0,3,RECOVERY,NO_EFFECT;NO_EFFECT;RECOVERY,0,False;False;False,STATIONARY,HOLD,UNMOVED,68.0,,
psnap_06,DEV,FALSE_GRASP,3,64,3,3,cf5d8cfe7d309f08,3,0,3,RECOVERY,RECOVERY;RECOVERY;RECOVERY,0,False;False;False,ASCEND,HOLD,TOWARD_LIFT,71.1,,
psnap_05,TEST,FALSE_GRASP,3,62,3,7,9f8cc28b217d655d,1,0,3,RECOVERY,RECOVERY;NO_EFFECT;NO_EFFECT,0,False;False;False,STATIONARY,CLOSING,UNMOVED,67.9,,
psnap_06,DEV,FALSE_GRASP,3,64,3,4,115f8c839b0cf053,3,0,3,RECOVERY,RECOVERY;RECOVERY;RECOVERY,0,False;False;False,ASCEND,HOLD,TOWARD_LIFT,71.1,,
psnap_05,TEST,FALSE_GRASP,3,62,3,8,6313e03890d9b1db,1,0,3,RECOVERY,NO_EFFECT;RECOVERY;NO_EFFECT,0,False;False;False,STATIONARY,CLOSING,UNMOVED,68.1,,
psnap_06,DEV,FALSE_GRASP,3,64,3,5,700d658217954cf9,3,0,3,RECOVERY,RECOVERY;RECOVERY;RECOVERY,0,False;False;False,ASCEND,HOLD,TOWARD_LIFT,70.9,,
psnap_07,TEST,FALSE_GRASP,3,67,2,1,b8a6f959bcde5b84,3,0,3,RECOVERY,RECOVERY;RECOVERY;RECOVERY,0,True;True;False,STATIONARY,HOLD,UNMOVED,65.5,,
psnap_06,DEV,FALSE_GRASP,3,64,3,6,2db0e658acd65351,3,0,3,RECOVERY,RECOVERY;RECOVERY;RECOVERY,0,False;False;False,ASCEND,HOLD,TOWARD_LIFT,70.9,,
psnap_07,TEST,FALSE_GRASP,3,67,2,2,5316460f31cf3c2c,3,0,3,RECOVERY,RECOVERY;RECOVERY;RECOVERY,0,True;True;False,STATIONARY,HOLD,UNMOVED,62.3,,
psnap_06,DEV,FALSE_GRASP,3,64,3,7,e12dea261fbb85a1,3,0,3,RECOVERY,RECOVERY;RECOVERY;RECOVERY,0,False;False;False,ASCEND,HOLD,TOWARD_LIFT,69.8,,
psnap_07,TEST,FALSE_GRASP,3,67,2,3,45f3ee32afe2bd0b,3,0,3,RECOVERY,RECOVERY;RECOVERY;RECOVERY,0,False;True;False,STATIONARY,HOLD,UNMOVED,57.0,,
psnap_06,DEV,FALSE_GRASP,3,64,3,8,2569becbf7a57d24,3,0,3,RECOVERY,RECOVERY;RECOVERY;RECOVERY,0,False;False;False,ASCEND,HOLD,TOWARD_LIFT,71.0,,
psnap_07,TEST,FALSE_GRASP,3,67,2,4,5112dc2d4c70c13e,3,0,3,RECOVERY,RECOVERY;RECOVERY;RECOVERY,0,True;True;True,STATIONARY,HOLD,UNMOVED,56.9,,
psnap_07,TEST,FALSE_GRASP,3,67,2,5,ee0733ae755388dd,3,0,3,RECOVERY,RECOVERY;RECOVERY;RECOVERY,0,False;True;True,STATIONARY,HOLD,UNMOVED,54.8,,
psnap_08,DEV,FALSE_GRASP,3,68,4,1,f715b1d35fc27365,3,0,3,RECOVERY,RECOVERY;RECOVERY;RECOVERY,0,False;True;True,DESCEND,OPENING,UNMOVED,56.0,,
psnap_07,TEST,FALSE_GRASP,3,67,2,6,4c7c8aa705301d58,3,0,3,RECOVERY,RECOVERY;RECOVERY;RECOVERY,0,False;True;True,STATIONARY,HOLD,UNMOVED,56.1,,
psnap_08,DEV,FALSE_GRASP,3,68,4,2,587fea721d3c29cb,3,0,3,RECOVERY,RECOVERY;RECOVERY;RECOVERY,0,True;True;False,DESCEND,OPENING,UNMOVED,63.9,,
psnap_07,TEST,FALSE_GRASP,3,67,2,7,52606ff669b40190,3,0,3,RECOVERY,RECOVERY;RECOVERY;RECOVERY,0,True;False;True,STATIONARY,HOLD,UNMOVED,51.4,,
psnap_08,DEV,FALSE_GRASP,3,68,4,3,a4212209e29bda2a,3,0,3,RECOVERY,RECOVERY;RECOVERY;RECOVERY,0,True;False;False,STATIONARY,OPENING,UNMOVED,64.7,,
psnap_07,TEST,FALSE_GRASP,3,67,2,8,dc6bcc7797818063,3,0,3,RECOVERY,RECOVERY;RECOVERY;RECOVERY,0,True;False;True,STATIONARY,HOLD,UNMOVED,64.1,,
psnap_08,DEV,FALSE_GRASP,3,68,4,4,d3816be1e766ebed,2,0,3,RECOVERY,RECOVERY;RECOVERY;NO_EFFECT,0,False;False;False,DESCEND,OPENING,UNMOVED,68.1,,
psnap_09,TEST,FALSE_GRASP,3,75,3,1,07fb75603b1a5709,3,0,3,RECOVERY,RECOVERY;RECOVERY;RECOVERY,0,True;True;True,DESCEND,HOLD,HARM_DISP,6.7,,
psnap_09,TEST,FALSE_GRASP,3,75,3,2,c023eaf561cf6778,3,0,3,RECOVERY,RECOVERY;RECOVERY;RECOVERY,0,True;True;True,DESCEND,HOLD,HARM_DISP,7.9,,
psnap_08,DEV,FALSE_GRASP,3,68,4,5,b240df5dee21cf50,3,0,3,RECOVERY,RECOVERY;RECOVERY;RECOVERY,0,True;True;True,DESCEND,OPENING,UNMOVED,61.4,,
psnap_09,TEST,FALSE_GRASP,3,75,3,3,80b1057c1402d676,3,0,3,RECOVERY,RECOVERY;RECOVERY;RECOVERY,0,True;True;True,DESCEND,HOLD,HARM_DISP,45.2,,
psnap_09,TEST,FALSE_GRASP,3,75,3,4,ee3b1422136fda2f,3,0,3,RECOVERY,RECOVERY;RECOVERY;RECOVERY,0,True;True;True,DESCEND,HOLD,HARM_DISP,7.8,,
psnap_09,TEST,FALSE_GRASP,3,75,3,5,422f5bf0861f7ac7,1,2,3,RECOVERY,HARM;HARM;RECOVERY,0,False;True;True,DESCEND,HOLD,HARM_DISP,41.7,,
psnap_08,DEV,FALSE_GRASP,3,68,4,6,b74d4f7193dbab0e,3,0,3,RECOVERY,RECOVERY;RECOVERY;RECOVERY,0,False;False;False,DESCEND,OPENING,UNMOVED,69.0,,
psnap_09,TEST,FALSE_GRASP,3,75,3,6,df12c576f8fa33e1,0,3,3,HARM,HARM;HARM;HARM,0,False;True;False,DESCEND,HOLD,HARM_DISP,57.4,,
psnap_08,DEV,FALSE_GRASP,3,68,4,7,fad591b8785af1ed,3,0,3,RECOVERY,RECOVERY;RECOVERY;RECOVERY,0,True;False;False,DESCEND,OPENING,UNMOVED,66.4,,
psnap_09,TEST,FALSE_GRASP,3,75,3,7,4295201189e343de,1,2,3,RECOVERY,HARM;RECOVERY;HARM,0,True;True;False,DESCEND,OPENING,HARM_DISP,47.9,,
psnap_08,DEV,FALSE_GRASP,3,68,4,8,f9302df48f31fc1a,3,0,3,RECOVERY,RECOVERY;RECOVERY;RECOVERY,0,False;True;False,DESCEND,OPENING,UNMOVED,65.6,,
psnap_09,TEST,FALSE_GRASP,3,75,3,8,3abe6e021e0ef971,1,2,3,RECOVERY,RECOVERY;HARM;HARM,0,True;False;False,DESCEND,OPENING,HARM_DISP,49.8,,
psnap_11,TEST,FALSE_GRASP,5,33,3,1,fda93e5f77f26627,2,0,3,RECOVERY,RECOVERY;RECOVERY;NO_EFFECT,0,False;True;False,STATIONARY,HOLD,UNMOVED,73.9,,
psnap_10,DEV,FALSE_GRASP,5,30,2,1,1c7ec8660bf8d9bb,2,0,3,RECOVERY,RECOVERY;RECOVERY;NO_EFFECT,0,False;False;False,ASCEND,HOLD,UNMOVED,75.3,,
psnap_11,TEST,FALSE_GRASP,5,33,3,2,d9bfb5347da40382,2,0,3,RECOVERY,NO_EFFECT;RECOVERY;RECOVERY,0,False;False;False,STATIONARY,HOLD,HARM_DISP,76.0,,
psnap_10,DEV,FALSE_GRASP,5,30,2,2,3a59103c3f2b0dad,1,0,3,RECOVERY,NO_EFFECT;NO_EFFECT;RECOVERY,0,False;False;False,ASCEND,OPENING,UNMOVED,75.3,,
psnap_11,TEST,FALSE_GRASP,5,33,3,3,271e11f4d04ba587,2,0,3,RECOVERY,NO_EFFECT;RECOVERY;RECOVERY,0,False;False;True,STATIONARY,HOLD,UNMOVED,65.6,,
psnap_10,DEV,FALSE_GRASP,5,30,2,3,44288b233cdde169,2,0,3,RECOVERY,RECOVERY;NO_EFFECT;RECOVERY,0,False;False;False,ASCEND,HOLD,UNMOVED,76.3,,
psnap_11,TEST,FALSE_GRASP,5,33,3,4,077780849acd9a13,0,0,3,NO_EFFECT,NO_EFFECT;NO_EFFECT;NO_EFFECT,0,False;False;False,STATIONARY,OPENING,HARM_DISP,75.8,,
psnap_10,DEV,FALSE_GRASP,5,30,2,4,ec000935fea4fd85,0,0,3,NO_EFFECT,NO_EFFECT;NO_EFFECT;NO_EFFECT,0,False;False;False,ASCEND,HOLD,UNMOVED,74.8,,
psnap_11,TEST,FALSE_GRASP,5,33,3,5,3a6c8e78680f7615,0,0,3,NO_EFFECT,NO_EFFECT;NO_EFFECT;NO_EFFECT,0,False;False;False,STATIONARY,HOLD,HARM_DISP,75.4,,
psnap_10,DEV,FALSE_GRASP,5,30,2,5,766165e024434599,2,0,3,RECOVERY,NO_EFFECT;RECOVERY;RECOVERY,0,False;False;False,ASCEND,OPENING,UNMOVED,75.3,,
psnap_11,TEST,FALSE_GRASP,5,33,3,6,a786d09f208db5a2,2,0,3,RECOVERY,RECOVERY;NO_EFFECT;RECOVERY,0,False;False;False,STATIONARY,HOLD,UNMOVED,74.5,,
psnap_10,DEV,FALSE_GRASP,5,30,2,6,24255d4c0c6d09ed,1,0,3,RECOVERY,RECOVERY;NO_EFFECT;NO_EFFECT,0,False;False;False,ASCEND,HOLD,UNMOVED,75.1,,
psnap_11,TEST,FALSE_GRASP,5,33,3,7,d8161b7a7436deb6,2,0,3,RECOVERY,RECOVERY;NO_EFFECT;RECOVERY,0,False;False;False,STATIONARY,HOLD,UNMOVED,74.8,,
psnap_10,DEV,FALSE_GRASP,5,30,2,7,4b28751e33bcc504,2,0,3,RECOVERY,RECOVERY;RECOVERY;NO_EFFECT,0,False;False;False,ASCEND,OPENING,UNMOVED,75.4,,
psnap_11,TEST,FALSE_GRASP,5,33,3,8,0a0d623285f645c8,0,0,3,NO_EFFECT,NO_EFFECT;NO_EFFECT;NO_EFFECT,0,False;False;False,STATIONARY,HOLD,UNMOVED,75.2,,
psnap_10,DEV,FALSE_GRASP,5,30,2,8,70446f7ceedfa80e,2,0,3,RECOVERY,RECOVERY;NO_EFFECT;RECOVERY,0,False;False;True,ASCEND,OPENING,UNMOVED,74.5,,
psnap_12,DEV,FALSE_GRASP,5,37,2,1,ade38cf9aee29ce4,3,0,3,RECOVERY,RECOVERY;RECOVERY;RECOVERY,1,;;,DESCEND,HOLD,HARM_DISP,1.5,,
psnap_12,DEV,FALSE_GRASP,5,37,2,2,110d80cb3d1f0b07,3,0,3,RECOVERY,RECOVERY;RECOVERY;RECOVERY,1,;;,DESCEND,HOLD,HARM_DISP,1.6,,
psnap_12,DEV,FALSE_GRASP,5,37,2,3,3d1516bce9d42d15,3,0,3,RECOVERY,RECOVERY;RECOVERY;RECOVERY,1,;;,DESCEND,HOLD,HARM_DISP,1.5,,
psnap_12,DEV,FALSE_GRASP,5,37,2,4,5b450a8304a5cddd,3,0,3,RECOVERY,RECOVERY;RECOVERY;RECOVERY,1,;;,DESCEND,HOLD,HARM_DISP,1.4,,
psnap_12,DEV,FALSE_GRASP,5,37,2,5,1e441e3467fa05aa,3,0,3,RECOVERY,RECOVERY;RECOVERY;RECOVERY,1,;;,DESCEND,HOLD,HARM_DISP,1.5,,
psnap_12,DEV,FALSE_GRASP,5,37,2,6,bcdf2da6ec2adc4b,3,0,3,RECOVERY,RECOVERY;RECOVERY;RECOVERY,1,;;,DESCEND,HOLD,HARM_DISP,1.5,,
psnap_12,DEV,FALSE_GRASP,5,37,2,7,4c585d516e344ca4,3,0,3,RECOVERY,RECOVERY;RECOVERY;RECOVERY,1,;;,DESCEND,HOLD,HARM_DISP,1.4,,
psnap_12,DEV,FALSE_GRASP,5,37,2,8,1ea5258e7d89f62c,3,0,3,RECOVERY,RECOVERY;RECOVERY;RECOVERY,1,;;,DESCEND,HOLD,HARM_DISP,1.4,,
psnap_13,TEST,FALSE_GRASP,5,39,3,1,619b10ba66dd6547,3,0,3,RECOVERY,RECOVERY;RECOVERY;RECOVERY,0,True;True;True,STATIONARY,HOLD,UNMOVED,29.0,,
psnap_14,DEV,FALSE_GRASP,5,43,2,1,fd79a190cf5624a5,0,0,3,NO_EFFECT,NO_EFFECT;NO_EFFECT;NO_EFFECT,1,;;,STATIONARY,HOLD,UNMOVED,1.4,,
psnap_14,DEV,FALSE_GRASP,5,43,2,2,09a60136252ea8e5,0,0,3,NO_EFFECT,NO_EFFECT;NO_EFFECT;NO_EFFECT,1,;;,STATIONARY,HOLD,UNMOVED,1.6,,
psnap_14,DEV,FALSE_GRASP,5,43,2,3,9c1404de4cef777e,3,0,3,RECOVERY,RECOVERY;RECOVERY;RECOVERY,1,;;,STATIONARY,HOLD,UNMOVED,1.4,,
psnap_14,DEV,FALSE_GRASP,5,43,2,4,e0ce6a105600fa90,3,0,3,RECOVERY,RECOVERY;RECOVERY;RECOVERY,1,;;,STATIONARY,HOLD,UNMOVED,1.4,,
psnap_14,DEV,FALSE_GRASP,5,43,2,5,6e9d7b0e441446a7,3,0,3,RECOVERY,RECOVERY;RECOVERY;RECOVERY,1,;;,DESCEND,HOLD,HARM_DISP,1.4,,
psnap_14,DEV,FALSE_GRASP,5,43,2,6,7b7a5d8f047121bb,3,0,3,RECOVERY,RECOVERY;RECOVERY;RECOVERY,1,;;,STATIONARY,HOLD,UNMOVED,1.4,,
psnap_14,DEV,FALSE_GRASP,5,43,2,7,0011a080be42d18c,3,0,3,RECOVERY,RECOVERY;RECOVERY;RECOVERY,1,;;,DESCEND,HOLD,HARM_DISP,1.4,,
psnap_14,DEV,FALSE_GRASP,5,43,2,8,7bc71116c82bee01,3,0,3,RECOVERY,RECOVERY;RECOVERY;RECOVERY,0,True;True;True,STATIONARY,HOLD,UNMOVED,4.5,,
psnap_13,TEST,FALSE_GRASP,5,39,3,2,2731def7cd1b8e45,3,0,3,RECOVERY,RECOVERY;RECOVERY;RECOVERY,0,True;True;True,ASCEND,HOLD,TOWARD_LIFT,27.5,,
psnap_13,TEST,FALSE_GRASP,5,39,3,3,d44b4e8beb25f6c8,3,0,3,RECOVERY,RECOVERY;RECOVERY;RECOVERY,0,True;True;True,ASCEND,HOLD,TOWARD_LIFT,28.5,,
psnap_13,TEST,FALSE_GRASP,5,39,3,4,a472c4b98e5fabd9,3,0,3,RECOVERY,RECOVERY;RECOVERY;RECOVERY,0,True;False;True,ASCEND,HOLD,TOWARD_LIFT,44.7,,
psnap_13,TEST,FALSE_GRASP,5,39,3,5,58738a70b5cfb77e,3,0,3,RECOVERY,RECOVERY;RECOVERY;RECOVERY,0,True;True;True,STATIONARY,HOLD,UNMOVED,29.3,,
psnap_15,TEST,FALSE_GRASP,5,44,2,1,f775f72a18457a25,3,0,3,RECOVERY,RECOVERY;RECOVERY;RECOVERY,0,True;True;True,ASCEND,HOLD,TOWARD_LIFT,30.8,,
psnap_13,TEST,FALSE_GRASP,5,39,3,6,82b576763e0e54a0,3,0,3,RECOVERY,RECOVERY;RECOVERY;RECOVERY,0,True;True;True,STATIONARY,HOLD,TOWARD_LIFT,31.0,,
psnap_13,TEST,FALSE_GRASP,5,39,3,7,91f5bebe57e59773,3,0,3,RECOVERY,RECOVERY;RECOVERY;RECOVERY,0,True;True;True,STATIONARY,HOLD,TOWARD_LIFT,29.6,,
psnap_15,TEST,FALSE_GRASP,5,44,2,2,462fe99827949227,3,0,3,RECOVERY,RECOVERY;RECOVERY;RECOVERY,0,True;True;True,ASCEND,HOLD,TOWARD_LIFT,42.5,,
psnap_13,TEST,FALSE_GRASP,5,39,3,8,df211e78fdbd58e6,3,0,3,RECOVERY,RECOVERY;RECOVERY;RECOVERY,0,True;True;True,ASCEND,HOLD,TOWARD_LIFT,28.4,,
psnap_15,TEST,FALSE_GRASP,5,44,2,3,0267f5435d13c973,3,0,3,RECOVERY,RECOVERY;RECOVERY;RECOVERY,0,True;True;True,ASCEND,HOLD,TOWARD_LIFT,30.4,,
psnap_15,TEST,FALSE_GRASP,5,44,2,4,3a973e02b4d31ea7,3,0,3,RECOVERY,RECOVERY;RECOVERY;RECOVERY,0,True;True;True,ASCEND,HOLD,TOWARD_LIFT,42.5,,
psnap_15,TEST,FALSE_GRASP,5,44,2,5,bfc0a2cfee76a7c2,3,0,3,RECOVERY,RECOVERY;RECOVERY;RECOVERY,0,True;True;True,ASCEND,HOLD,TOWARD_LIFT,37.2,,
psnap_15,TEST,FALSE_GRASP,5,44,2,6,7c8b98852c977265,3,0,3,RECOVERY,RECOVERY;RECOVERY;RECOVERY,0,True;True;True,ASCEND,HOLD,TOWARD_LIFT,48.0,,
psnap_15,TEST,FALSE_GRASP,5,44,2,7,6d2fc920e2f82b59,3,0,3,RECOVERY,RECOVERY;RECOVERY;RECOVERY,0,True;True;True,ASCEND,HOLD,TOWARD_LIFT,44.5,,
psnap_15,TEST,FALSE_GRASP,5,44,2,8,5230dbc86b4e4d63,3,0,3,RECOVERY,RECOVERY;RECOVERY;RECOVERY,0,True;True;True,ASCEND,HOLD,TOWARD_LIFT,49.2,,
psnap_16,DEV,FALSE_GRASP,5,45,3,1,4e079fea421fa1f6,3,0,3,RECOVERY,RECOVERY;RECOVERY;RECOVERY,0,False;True;False,STATIONARY,OPENING,UNMOVED,74.5,,
psnap_16,DEV,FALSE_GRASP,5,45,3,2,39d5a58557678876,3,0,3,RECOVERY,RECOVERY;RECOVERY;RECOVERY,0,True;True;True,STATIONARY,OPENING,UNMOVED,65.8,,
psnap_16,DEV,FALSE_GRASP,5,45,3,3,5fa7f2710296f4f4,3,0,3,RECOVERY,RECOVERY;RECOVERY;RECOVERY,0,False;False;False,ASCEND,OPENING,UNMOVED,75.2,,
psnap_16,DEV,FALSE_GRASP,5,45,3,4,155677aa269f8651,3,0,3,RECOVERY,RECOVERY;RECOVERY;RECOVERY,0,False;False;False,STATIONARY,OPENING,UNMOVED,74.8,,
psnap_16,DEV,FALSE_GRASP,5,45,3,5,c3e2939aa5dfdf59,3,0,3,RECOVERY,RECOVERY;RECOVERY;RECOVERY,0,False;False;False,ASCEND,OPENING,UNMOVED,75.2,,
psnap_18,DEV,FALSE_GRASP,5,52,13,,,,,,,,,,,,,,boot_3attempts,
psnap_16,DEV,FALSE_GRASP,5,45,3,6,f13e82c64fbb5981,3,0,3,RECOVERY,RECOVERY;RECOVERY;RECOVERY,0,False;False;False,ASCEND,OPENING,UNMOVED,74.6,,
psnap_19,TEST,FALSE_GRASP,5,53,3,1,54be77623573ebf8,3,0,3,RECOVERY,RECOVERY;RECOVERY;RECOVERY,0,True;True;True,ASCEND,HOLD,TOWARD_LIFT,36.8,,
psnap_16,DEV,FALSE_GRASP,5,45,3,7,6739a7103268bcd8,3,0,3,RECOVERY,RECOVERY;RECOVERY;RECOVERY,0,True;False;False,ASCEND,OPENING,UNMOVED,75.6,,
psnap_19,TEST,FALSE_GRASP,5,53,3,2,7712cf4f077a29fc,2,0,3,RECOVERY,RECOVERY;RECOVERY;NO_EFFECT,0,False;True;False,ASCEND,HOLD,UNMOVED,65.4,,
psnap_16,DEV,FALSE_GRASP,5,45,3,8,4b18352ff0bcf04c,2,0,3,RECOVERY,NO_EFFECT;RECOVERY;RECOVERY,0,False;False;False,ASCEND,OPENING,UNMOVED,75.5,,
psnap_19,TEST,FALSE_GRASP,5,53,3,3,4f7352dd6d9ce5fd,1,0,3,RECOVERY,RECOVERY;NO_EFFECT;NO_EFFECT,0,True;False;False,ASCEND,HOLD,TOWARD_LIFT,61.0,,
psnap_20,DEV,FALSE_GRASP,5,60,3,1,54fb807532cd7402,2,1,3,RECOVERY,RECOVERY;RECOVERY;HARM,0,True;True;True,DESCEND,HOLD,HARM_DISP,4.9,,
psnap_20,DEV,FALSE_GRASP,5,60,3,2,43f0fed24e380f8d,3,0,3,RECOVERY,RECOVERY;RECOVERY;RECOVERY,0,True;True;True,DESCEND,HOLD,HARM_DISP,5.9,,
psnap_20,DEV,FALSE_GRASP,5,60,3,3,b15441629d53e0e9,3,0,3,RECOVERY,RECOVERY;RECOVERY;RECOVERY,0,True;True;True,DESCEND,HOLD,HARM_DISP,4.8,,
psnap_20,DEV,FALSE_GRASP,5,60,3,4,24bdd52dffa6a8ab,2,1,3,RECOVERY,HARM;RECOVERY;RECOVERY,0,True;True;True,DESCEND,HOLD,HARM_DISP,4.9,,
psnap_20,DEV,FALSE_GRASP,5,60,3,5,5317ea87e0fb21ac,3,0,3,RECOVERY,RECOVERY;RECOVERY;RECOVERY,0,True;True;True,DESCEND,HOLD,HARM_DISP,5.9,,
psnap_19,TEST,FALSE_GRASP,5,53,3,4,61c6259a6135024c,0,0,3,NO_EFFECT,NO_EFFECT;NO_EFFECT;NO_EFFECT,0,False;False;False,ASCEND,OPENING,UNMOVED,76.0,,
psnap_20,DEV,FALSE_GRASP,5,60,3,6,9c07a056dbcf636f,3,0,3,RECOVERY,RECOVERY;RECOVERY;RECOVERY,0,True;True;True,DESCEND,HOLD,HARM_DISP,4.9,,
psnap_20,DEV,FALSE_GRASP,5,60,3,7,597acf4af291caec,1,2,3,RECOVERY,RECOVERY;HARM;HARM,0,True;True;True,DESCEND,HOLD,HARM_DISP,4.9,,
psnap_20,DEV,FALSE_GRASP,5,60,3,8,774da36b71341889,3,0,3,RECOVERY,RECOVERY;RECOVERY;RECOVERY,0,True;True;True,DESCEND,HOLD,HARM_DISP,4.8,,
psnap_19,TEST,FALSE_GRASP,5,53,3,5,d482cbf6c0d7f3a1,2,0,3,RECOVERY,RECOVERY;RECOVERY;NO_EFFECT,0,False;True;False,ASCEND,OPENING,UNMOVED,66.1,,
psnap_19,TEST,FALSE_GRASP,5,53,3,6,423dbecf14bd9210,3,0,3,RECOVERY,RECOVERY;RECOVERY;RECOVERY,0,True;True;True,ASCEND,HOLD,TOWARD_LIFT,29.2,,
psnap_19,TEST,FALSE_GRASP,5,53,3,7,7cd10311b76cca9a,3,0,3,RECOVERY,RECOVERY;RECOVERY;RECOVERY,0,True;True;True,ASCEND,HOLD,TOWARD_LIFT,40.5,,
psnap_19,TEST,FALSE_GRASP,5,53,3,8,f4d789b1200c6965,3,0,3,RECOVERY,RECOVERY;RECOVERY;RECOVERY,0,True;False;True,ASCEND,HOLD,TOWARD_LIFT,44.3,,
psnap_21,TEST,FALSE_GRASP,5,69,3,1,8e6d715f8c8f6cfa,3,0,3,RECOVERY,RECOVERY;RECOVERY;RECOVERY,0,False;True;False,ASCEND,HOLD,TOWARD_LIFT,68.9,,
psnap_21,TEST,FALSE_GRASP,5,69,3,2,cc159fc1356534f3,3,0,3,RECOVERY,RECOVERY;RECOVERY;RECOVERY,0,False;False;True,ASCEND,HOLD,TOWARD_LIFT,71.0,,
psnap_24,DEV,FALSE_GRASP,9,29,5,1,b007f72d7a6f4ed8,2,1,3,RECOVERY,RECOVERY;RECOVERY;HARM,0,False;False;True,STATIONARY,HOLD,UNMOVED,60.3,,
psnap_21,TEST,FALSE_GRASP,5,69,3,3,90f325bbe4b275d1,3,0,3,RECOVERY,RECOVERY;RECOVERY;RECOVERY,0,False;False;True,ASCEND,HOLD,TOWARD_LIFT,67.7,,
psnap_24,DEV,FALSE_GRASP,9,29,5,2,de25c8c558322da5,2,1,3,RECOVERY,RECOVERY;RECOVERY;HARM,0,False;False;True,STATIONARY,HOLD,UNMOVED,54.6,,
psnap_21,TEST,FALSE_GRASP,5,69,3,4,d48ef79b5b8ecef0,2,1,3,RECOVERY,RECOVERY;HARM;RECOVERY,0,False;False;False,ASCEND,HOLD,HARM_DISP,73.2,,
psnap_24,DEV,FALSE_GRASP,9,29,5,3,75c17373d9b0ef51,2,1,3,RECOVERY,RECOVERY;RECOVERY;HARM,0,False;False;False,ASCEND,HOLD,TOWARD_LIFT,66.1,,
psnap_21,TEST,FALSE_GRASP,5,69,3,5,f1bc799bf0a80d91,2,0,3,RECOVERY,RECOVERY;NO_EFFECT;RECOVERY,0,False;False;True,ASCEND,HOLD,TOWARD_LIFT,69.5,,
psnap_24,DEV,FALSE_GRASP,9,29,5,4,e591e29238cbb2ad,1,2,3,RECOVERY,RECOVERY;HARM;HARM,0,False;False;False,LATERAL,HOLD,HARM_DISP,66.4,,
psnap_21,TEST,FALSE_GRASP,5,69,3,6,ac0aefbc7d4e7a11,2,1,3,RECOVERY,RECOVERY;HARM;RECOVERY,0,False;False;False,ASCEND,HOLD,HARM_DISP,73.5,,
psnap_24,DEV,FALSE_GRASP,9,29,5,5,5595dc2439dbd407,0,3,3,HARM,HARM;HARM;HARM,0,False;True;True,STATIONARY,OPENING,HARM_DISP,51.3,,
psnap_21,TEST,FALSE_GRASP,5,69,3,7,ab626cda003f04a4,3,0,3,RECOVERY,RECOVERY;RECOVERY;RECOVERY,0,False;False;True,ASCEND,HOLD,TOWARD_LIFT,70.7,,
psnap_24,DEV,FALSE_GRASP,9,29,5,6,5e13a0dfccb4979b,3,0,3,RECOVERY,RECOVERY;RECOVERY;RECOVERY,0,False;False;False,STATIONARY,HOLD,HARM_DISP,66.1,,
psnap_24,DEV,FALSE_GRASP,9,29,5,7,a17d93996fbc5110,2,1,3,RECOVERY,RECOVERY;HARM;RECOVERY,0,False;True;False,STATIONARY,HOLD,TOWARD_LIFT,56.6,,
psnap_21,TEST,FALSE_GRASP,5,69,3,8,e86b2178835ebb73,2,1,3,RECOVERY,RECOVERY;HARM;RECOVERY,0,False;False;False,ASCEND,HOLD,UNMOVED,74.1,,
psnap_24,DEV,FALSE_GRASP,9,29,5,8,a91bef78c85d6526,3,0,3,RECOVERY,RECOVERY;RECOVERY;RECOVERY,0,False;False;False,STATIONARY,HOLD,UNMOVED,65.2,,
psnap_25,TEST,FALSE_GRASP,9,30,6,1,49323752ce638aa3,0,0,3,NO_EFFECT,NO_EFFECT;NO_EFFECT;NO_EFFECT,0,False;False;False,STATIONARY,HOLD,UNMOVED,70.7,,
psnap_26,DEV,FALSE_GRASP,9,32,5,1,f681c1987750b12f,0,0,3,NO_EFFECT,NO_EFFECT;NO_EFFECT;NO_EFFECT,0,False;False;False,DESCEND,HOLD,UNMOVED,68.8,,
psnap_25,TEST,FALSE_GRASP,9,30,6,2,7ba12e06796d4dc3,0,0,3,NO_EFFECT,NO_EFFECT;NO_EFFECT;NO_EFFECT,0,False;False;False,STATIONARY,HOLD,UNMOVED,70.5,,
psnap_26,DEV,FALSE_GRASP,9,32,5,2,bcf0cb5769b07cd8,0,0,3,NO_EFFECT,NO_EFFECT;NO_EFFECT;NO_EFFECT,0,False;False;False,DESCEND,HOLD,UNMOVED,69.0,,
psnap_25,TEST,FALSE_GRASP,9,30,6,3,f3f7edde22b330c4,1,0,3,RECOVERY,NO_EFFECT;RECOVERY;NO_EFFECT,0,False;False;False,STATIONARY,CLOSING,UNMOVED,69.8,,
psnap_26,DEV,FALSE_GRASP,9,32,5,3,4db8c78ca3fce073,0,0,3,NO_EFFECT,NO_EFFECT;NO_EFFECT;NO_EFFECT,0,False;False;False,DESCEND,HOLD,UNMOVED,68.3,,
psnap_25,TEST,FALSE_GRASP,9,30,6,4,cefdcee0be4f3baf,0,1,3,HARM,NO_EFFECT;NO_EFFECT;HARM,0,False;False;False,STATIONARY,HOLD,UNMOVED,69.4,,
psnap_26,DEV,FALSE_GRASP,9,32,5,4,356cc86a51bb8215,0,0,3,NO_EFFECT,NO_EFFECT;NO_EFFECT;NO_EFFECT,0,False;False;False,DESCEND,HOLD,UNMOVED,70.0,,
psnap_25,TEST,FALSE_GRASP,9,30,6,5,c777c6c84161cf50,0,0,3,NO_EFFECT,NO_EFFECT;NO_EFFECT;NO_EFFECT,0,False;False;False,STATIONARY,CLOSING,UNMOVED,69.5,,
psnap_26,DEV,FALSE_GRASP,9,32,5,5,0462066b1b9dc7ef,2,0,3,RECOVERY,RECOVERY;RECOVERY;NO_EFFECT,0,False;False;False,DESCEND,CLOSING,UNMOVED,68.6,,
psnap_25,TEST,FALSE_GRASP,9,30,6,6,9c77f58cf1390098,0,0,3,NO_EFFECT,NO_EFFECT;NO_EFFECT;NO_EFFECT,0,False;False;False,STATIONARY,HOLD,UNMOVED,70.0,,
psnap_26,DEV,FALSE_GRASP,9,32,5,6,d987c5305b2c8a65,0,0,3,NO_EFFECT,NO_EFFECT;NO_EFFECT;NO_EFFECT,0,False;False;False,DESCEND,CLOSING,UNMOVED,68.4,,
psnap_25,TEST,FALSE_GRASP,9,30,6,7,660cbfed291f0769,0,1,3,HARM,NO_EFFECT;HARM;NO_EFFECT,0,False;False;False,STATIONARY,HOLD,UNMOVED,70.3,,
psnap_26,DEV,FALSE_GRASP,9,32,5,7,46972b2d763c6371,0,0,3,NO_EFFECT,NO_EFFECT;NO_EFFECT;NO_EFFECT,0,False;False;False,DESCEND,HOLD,UNMOVED,69.7,,
psnap_25,TEST,FALSE_GRASP,9,30,6,8,1f06058afb7733c7,0,0,3,NO_EFFECT,NO_EFFECT;NO_EFFECT;NO_EFFECT,0,False;False;False,STATIONARY,CLOSING,UNMOVED,70.5,,
psnap_26,DEV,FALSE_GRASP,9,32,5,8,ca574a0c4aa9ba14,1,0,3,RECOVERY,NO_EFFECT;NO_EFFECT;RECOVERY,0,False;False;False,DESCEND,CLOSING,UNMOVED,69.4,,
psnap_27,TEST,FALSE_GRASP,9,34,5,1,f700cabf80a60ec9,2,1,3,RECOVERY,RECOVERY;HARM;RECOVERY,0,False;True;False,DESCEND,HOLD,HARM_DISP,68.7,,
psnap_27,TEST,FALSE_GRASP,9,34,5,2,4ebe8b572a502e8a,3,0,3,RECOVERY,RECOVERY;RECOVERY;RECOVERY,0,False;False;False,STATIONARY,HOLD,HARM_DISP,70.3,,
psnap_27,TEST,FALSE_GRASP,9,34,5,3,c701e0281d248555,0,3,3,HARM,HARM;HARM;HARM,0,False;False;False,STATIONARY,OPENING,HARM_DISP,68.2,,
psnap_27,TEST,FALSE_GRASP,9,34,5,4,dd068d73392e5f21,0,3,3,HARM,HARM;HARM;HARM,0,False;False;False,STATIONARY,OPENING,HARM_DISP,68.7,,
psnap_27,TEST,FALSE_GRASP,9,34,5,5,a0297ca528114e12,0,3,3,HARM,HARM;HARM;HARM,0,True;False;True,STATIONARY,OPENING,HARM_DISP,62.5,,
psnap_27,TEST,FALSE_GRASP,9,34,5,6,6b3b904a1c360246,3,0,3,RECOVERY,RECOVERY;RECOVERY;RECOVERY,0,False;False;False,STATIONARY,HOLD,UNMOVED,71.4,,
psnap_27,TEST,FALSE_GRASP,9,34,5,7,6f995d89669d4d67,2,1,3,RECOVERY,RECOVERY;HARM;RECOVERY,0,False;False;False,STATIONARY,HOLD,HARM_DISP,69.9,,
psnap_27,TEST,FALSE_GRASP,9,34,5,8,e86a21dba6b6466d,3,0,3,RECOVERY,RECOVERY;RECOVERY;RECOVERY,0,False;False;False,DESCEND,HOLD,HARM_DISP,69.7,,
