segment_id,task,seed,family,node,t0,tR,tR_reason,tR_offset,pre_sig,primitive_count,n_observe,n_ground,n_verify_pos,n_verify_neg,n_replan_turns,wall_s,A,B,C,D,E,label,label_sub,fid,unknown_rate
20260905-21:10:40_glm-5.3-flash_vanilla_libero_spatial_task_t9_s4_r1#f0,9,4,FALSE_GRASP,FALSE_GRASP,4,6,pick_lift,2,move|pick,2,1,1,2,0,2,-3.92,False,False,False,True,True,OPTION_REQUIRED,D-late,True,0.0
20260906-06:53:56_glm-5.3-flash_vanilla_libero_spatial_task_t9_s9_r1#f0,9,9,RELEASE_PREDICATE_STALL,RELEASE_PREDICATE_STALL,8,11,terminated,3,move|gripper,3,1,1,3,0,3,-9.41,False,False,False,True,True,OPTION_REQUIRED,D-late,True,0.0
20260906-11:23:01_glm-5.3-flash_armA_libero_spatial_task_t9_s1_r1#f0,9,1,RELEASE_PREDICATE_STALL,RELEASE_PREDICATE_STALL,7,9,terminated,2,move|gripper,2,1,0,2,0,2,-3.66,False,False,False,True,True,OPTION_REQUIRED,D-late,True,0.0
20260906-12:06:17_glm-5.3-flash_armA_libero_spatial_task_t9_s4_r1#f0,9,4,FALSE_GRASP,FALSE_GRASP,4,7,pick_lift,3,move|pick,3,1,0,2,0,3,-5.43,False,False,False,True,True,OPTION_REQUIRED,D-late,True,0.0
20260906-18:14:55_glm-5.3-flash_armB_libero_spatial_task_t9_s1_r1#f0,9,1,FALSE_GRASP,FALSE_GRASP,2,9,terminated,7,move|pick,7,3,0,3,3,7,-8.74,True,False,True,True,True,OPTION_REQUIRED,,True,0.0
20260906-19:01:04_glm-5.3-flash_armB_libero_spatial_task_t9_s4_r1#f1,9,4,MOVE_CONTACT_STALL,MOVE_STALL,7,10,,,,,,,,,,,,,,,,UNRESOLVED,beyond-transcript,,
20260906-19:16:37_glm-5.3-flash_armB_libero_spatial_task_t9_s4_r2#f0,9,4,FALSE_GRASP,FALSE_GRASP,2,14,,,,,,,,,,,,,,,,UNRESOLVED,beyond-transcript,,
20260906-19:16:37_glm-5.3-flash_armB_libero_spatial_task_t9_s4_r2#f1,9,4,RELEASE_PREDICATE_STALL,RELEASE_PREDICATE_STALL,8,14,,,,,,,,,,,,,,,,UNRESOLVED,beyond-transcript,,
20260906-19:16:37_glm-5.3-flash_armB_libero_spatial_task_t9_s4_r2#f2,9,4,FALSE_GRASP,FALSE_GRASP,10,14,,,,,,,,,,,,,,,,UNRESOLVED,beyond-transcript,,
20260906-19:16:37_glm-5.3-flash_armB_libero_spatial_task_t9_s4_r2#f3,9,4,FALSE_GRASP,FALSE_GRASP,12,14,,,,,,,,,,,,,,,,UNRESOLVED,beyond-transcript,,
20260906-20:31:25_glm-5.3-flash_armB_libero_spatial_task_t9_s9_r3#f0,9,9,RELEASE_PREDICATE_STALL,RELEASE_PREDICATE_STALL,9,12,terminated,3,move|gripper,3,1,1,3,0,3,4.18,False,False,False,True,True,OPTION_REQUIRED,D-late,True,0.0
20260906-20:39:32_glm-5.3-flash_armB_libero_spatial_task_t9_s10_r1#f0,9,10,FALSE_GRASP,FALSE_GRASP,5,11,terminated,6,move|pick,6,4,1,3,0,6,-16.7,True,False,False,True,False,OPTION_REQUIRED,,True,0.0
20260906-22:41:42_glm-5.3-flash_armA_libero_spatial_task_t9_s1_r3#f0,9,1,FALSE_GRASP,FALSE_GRASP,5,10,,,,,,,,,,,,,,,,UNRESOLVED,beyond-transcript,,
20260907-03:22:59_glm-5.3-flash_armB_libero_spatial_task_t9_s9_r2#f0,9,9,FALSE_GRASP,FALSE_GRASP,4,6,pick_lift,2,move|pick,2,1,1,2,0,2,-8.15,False,False,False,True,True,OPTION_REQUIRED,D-late,True,0.0
20260907-03:59:25_glm-5.3-flash_armA_libero_spatial_task_t9_s1_r2#f0,9,1,RELEASE_PREDICATE_STALL,RELEASE_PREDICATE_STALL,9,14,terminated,5,move|gripper,5,1,0,5,0,5,-8.23,False,False,False,True,False,OPTION_REQUIRED,D-late,True,0.0
20260907-07:46:28_glm-5.3-flash_armB_libero_spatial_task_t9_s7_r3#f0,9,7,RELEASE_PREDICATE_STALL,RELEASE_PREDICATE_STALL,11,16,terminated,5,move|gripper,5,3,0,4,1,5,-2.77,True,False,True,True,True,OPTION_REQUIRED,,True,0.0
20260907-07:46:28_glm-5.3-flash_armB_libero_spatial_task_t9_s7_r3#f1,9,7,MOVE_CONTACT_STALL,CONTACT_STALL,13,16,terminated,3,move|pick,3,2,0,3,0,3,-13.31,True,False,False,True,True,OPTION_REQUIRED,,True,0.0
20260907-11:42:31_glm-5.3-flash_armC_libero_spatial_task_t9_s1_r2#f0,9,1,FALSE_GRASP,FALSE_GRASP,2,14,terminated,12,move|pick,12,3,3,9,0,12,-7.93,True,True,False,True,False,OPTION_REQUIRED,,True,0.0
20260907-11:42:31_glm-5.3-flash_armC_libero_spatial_task_t9_s1_r2#f1,9,1,RELEASE_PREDICATE_STALL,RELEASE_PREDICATE_STALL,8,14,terminated,6,move|gripper,6,3,2,5,0,6,-2.38,True,True,False,True,False,OPTION_REQUIRED,,True,0.0
20260907-12:04:15_glm-5.3-flash_armC_libero_spatial_task_t9_s4_r1#f0,9,4,FALSE_GRASP,FALSE_GRASP,4,7,pick_lift,3,move|pick,3,1,0,3,0,3,-7.71,False,False,False,True,True,OPTION_REQUIRED,D-late,True,0.0
20260907-17:17:27_glm-5.3-flash_armC_libero_spatial_task_t9_s1_r2#f0,9,1,RELEASE_PREDICATE_STALL,RELEASE_PREDICATE_STALL,10,12,terminated,2,move|gripper,2,1,0,2,0,2,0.04,True,False,False,True,True,OPTION_REQUIRED,,True,0.0
20260907-17:36:15_glm-5.3-flash_armC_libero_spatial_task_t9_s4_r2#f0,9,4,FALSE_GRASP,FALSE_GRASP,3,17,terminated,14,move|pick,14,2,1,8,2,14,-14.91,True,True,True,True,True,OPTION_REQUIRED,,True,0.0
20260907-17:36:15_glm-5.3-flash_armC_libero_spatial_task_t9_s4_r2#f1,9,4,RELEASE_PREDICATE_STALL,RELEASE_PREDICATE_STALL,7,17,terminated,10,move|gripper,10,2,1,6,2,10,-1.57,True,True,True,True,True,OPTION_REQUIRED,,True,0.0
20260907-17:36:15_glm-5.3-flash_armC_libero_spatial_task_t9_s4_r2#f2,9,4,FALSE_GRASP,FALSE_GRASP,12,17,terminated,5,move|pick,5,1,0,4,0,5,-8.87,False,False,False,True,False,OPTION_REQUIRED,D-late,True,0.0
20260907-18:20:09_glm-5.3-flash_armC_libero_spatial_task_t9_s9_r1#f0,9,9,RELEASE_PREDICATE_STALL,RELEASE_PREDICATE_STALL,13,15,terminated,2,move|gripper,2,1,0,1,1,2,22.94,False,False,True,True,True,OPTION_REQUIRED,,True,0.0
20260907-18:29:08_glm-5.3-flash_armC_libero_spatial_task_t9_s10_r2#f0,9,10,MOVE_CONTACT_STALL,MOVE_STALL,9,17,move_ok,8,move|move,8,3,2,2,4,8,-8.68,True,False,True,False,True,OPTION_REQUIRED,,True,0.0
20260907-18:29:08_glm-5.3-flash_armC_libero_spatial_task_t9_s10_r2#f1,9,10,MOVE_CONTACT_STALL,MOVE_STALL,15,17,move_ok,2,move|move,2,0,0,1,0,2,-14.18,False,False,False,False,False,MACRO_REPRESENTABLE,,False,0.0
20260915-11:12:33_glm-5.3-flash_armB2_libero_spatial_task_t9_s1_r2#f0,9,1,RELEASE_PREDICATE_STALL,RELEASE_PREDICATE_STALL,10,13,terminated,3,move|gripper,3,2,0,3,0,3,-1.74,False,False,False,True,True,OPTION_REQUIRED,D-late,True,0.0
20260915-12:05:07_glm-5.3-flash_armB2_libero_spatial_task_t9_s4_r2#f0,9,4,RELEASE_PREDICATE_STALL,RELEASE_PREDICATE_STALL,10,13,,,,,,,,,,,,,,,,UNRESOLVED,beyond-transcript,,
20260915-12:58:26_glm-5.3-flash_armB2_libero_spatial_task_t9_s7_r2#f0,9,7,RELEASE_PREDICATE_STALL,RELEASE_PREDICATE_STALL,8,11,,,,,,,,,,,,,,,,UNRESOLVED,beyond-transcript,,
20260915-13:38:33_glm-5.3-flash_armB2_libero_spatial_task_t9_s9_r3#f0,9,9,RELEASE_PREDICATE_STALL,RELEASE_PREDICATE_STALL,10,12,terminated,2,move|gripper,2,1,0,2,0,2,1.97,False,False,False,True,True,OPTION_REQUIRED,D-late,True,0.0
20260915-13:45:52_glm-5.3-flash_armB2_libero_spatial_task_t9_s10_r2#f0,9,10,RELEASE_PREDICATE_STALL,RELEASE_PREDICATE_STALL,11,13,terminated,2,move|gripper,2,1,0,1,1,2,-0.71,False,False,True,True,True,OPTION_REQUIRED,,True,0.0
20260915-15:01:23_glm-5.3-flash_armB2_libero_spatial_task_t9_s7_r2#f0,9,7,RELEASE_PREDICATE_STALL,RELEASE_PREDICATE_STALL,11,13,terminated,2,move|gripper,2,1,0,2,0,2,3.99,True,False,False,True,True,OPTION_REQUIRED,,True,0.0
20260915-15:33:25_glm-5.3-flash_armB2_libero_spatial_task_t9_s10_r3#f0,9,10,RELEASE_PREDICATE_STALL,RELEASE_PREDICATE_STALL,9,12,terminated,3,move|gripper,3,1,1,2,0,3,-7.16,False,True,False,True,False,OPTION_REQUIRED,,True,0.0
20260915-18:12:26_glm-5.3-flash_armA_libero_spatial_task_t5_s4_r1#f0,5,4,RELEASE_PREDICATE_STALL,RELEASE_PREDICATE_STALL,8,12,terminated,4,move|gripper,4,1,0,3,1,4,-3.85,False,False,False,False,False,MACRO_REPRESENTABLE,,False,0.0
20260915-18:12:26_glm-5.3-flash_armA_libero_spatial_task_t5_s4_r1#f1,5,4,FALSE_GRASP,FALSE_GRASP,11,12,terminated,1,move|pick,1,0,0,1,0,1,-10.23,False,False,False,False,False,EDGE_REPRESENTABLE,,False,0.0
20260915-18:12:34_glm-5.3-flash_armA_libero_spatial_task_t5_s5_r1#f0,5,5,RELEASE_PREDICATE_STALL,RELEASE_PREDICATE_STALL,7,10,terminated,3,move|gripper,3,1,0,3,0,3,4.66,False,False,False,False,False,MACRO_REPRESENTABLE,,False,0.0
20260916-04:38:31_glm-5.3-flash_armB_libero_spatial_task_t5_s4_r1#f0,5,4,RELEASE_PREDICATE_STALL,RELEASE_PREDICATE_STALL,6,8,terminated,2,move|gripper,2,1,0,2,0,2,4.41,True,False,False,False,False,OPTION_REQUIRED,,True,0.0
20260916-04:48:27_glm-5.3-flash_armB_libero_spatial_task_t5_s7_r1#f0,5,7,RELEASE_PREDICATE_STALL,RELEASE_PREDICATE_STALL,6,9,terminated,3,move|gripper,3,0,0,3,0,3,-0.36,False,False,False,False,False,MACRO_REPRESENTABLE,,False,0.0
20260916-05:01:06_glm-5.3-flash_armB_libero_spatial_task_t5_s10_r1#f0,5,10,RELEASE_PREDICATE_STALL,RELEASE_PREDICATE_STALL,6,9,terminated,3,move|gripper,3,1,0,3,0,3,7.09,False,False,False,False,False,MACRO_REPRESENTABLE,,False,0.0
20260916-07:01:11_glm-5.3-flash_armB2_libero_spatial_task_t5_s2_r1#f0,5,2,RELEASE_PREDICATE_STALL,RELEASE_PREDICATE_STALL,7,10,terminated,3,move|gripper,3,1,0,3,0,3,7.38,False,False,False,False,False,MACRO_REPRESENTABLE,,False,0.0
20260916-07:09:23_glm-5.3-flash_armB2_libero_spatial_task_t5_s4_r1#f0,5,4,RELEASE_PREDICATE_STALL,RELEASE_PREDICATE_STALL,6,8,terminated,2,move|gripper,2,1,0,2,0,2,1.48,True,False,False,False,False,OPTION_REQUIRED,,True,0.0
20260916-07:13:21_glm-5.3-flash_armB2_libero_spatial_task_t5_s6_r1#f0,5,6,RELEASE_PREDICATE_STALL,RELEASE_PREDICATE_STALL,9,11,terminated,2,move|gripper,2,1,0,2,0,2,4.49,True,False,False,False,False,OPTION_REQUIRED,,True,0.0
20260916-07:21:06_glm-5.3-flash_armB2_libero_spatial_task_t5_s7_r1#f0,5,7,RELEASE_PREDICATE_STALL,RELEASE_PREDICATE_STALL,7,9,terminated,2,move|gripper,2,1,0,2,0,2,6.19,True,False,False,False,False,OPTION_REQUIRED,,True,0.0
20260916-07:39:29_glm-5.3-flash_armB2_libero_spatial_task_t5_s10_r1#f0,5,10,FALSE_GRASP,FALSE_GRASP,1,6,terminated,5,pick,5,6,0,3,1,5,-10.08,True,False,True,False,True,OPTION_REQUIRED,,True,0.0
20260916-07:39:29_glm-5.3-flash_armB2_libero_spatial_task_t5_s10_r1#f1,5,10,FALSE_GRASP,FALSE_GRASP,3,6,terminated,3,move|pick,3,4,0,2,0,3,-9.3,True,False,False,False,False,OPTION_REQUIRED,,True,0.0
20260916-08:04:05_glm-5.3-flash_armB2_libero_spatial_task_t5_s3_r1#f0,5,3,RELEASE_PREDICATE_STALL,RELEASE_PREDICATE_STALL,7,9,terminated,2,move|gripper,2,1,0,2,0,2,7.9,True,False,False,False,False,OPTION_REQUIRED,,True,0.0
20260917-05:56:34_glm-5.3-flash_memB1_libero_spatial_task_t5_s2_r1#f0,5,2,RELEASE_PREDICATE_STALL,RELEASE_PREDICATE_STALL,6,9,,,,,,,,,,,,,,,,UNRESOLVED,beyond-transcript,,
20260917-05:58:41_glm-5.3-flash_memB1_libero_spatial_task_t5_s3_r1#f0,5,3,RELEASE_PREDICATE_STALL,RELEASE_PREDICATE_STALL,9,12,terminated,3,move|gripper,3,1,0,3,0,3,1.64,False,False,False,False,False,MACRO_REPRESENTABLE,,False,0.0
20260917-06:09:48_glm-5.3-flash_memB1_libero_spatial_task_t5_s7_r1#f0,5,7,RELEASE_PREDICATE_STALL,RELEASE_PREDICATE_STALL,8,10,terminated,2,move|gripper,2,1,0,2,0,2,4.36,True,False,False,False,False,OPTION_REQUIRED,,True,0.0
20260917-09:19:26_glm-5.3-flash_memB2_libero_spatial_task_t5_s7_r1#f0,5,7,RELEASE_PREDICATE_STALL,RELEASE_PREDICATE_STALL,7,10,terminated,3,move|gripper,3,1,0,3,0,3,2.08,False,False,False,False,False,MACRO_REPRESENTABLE,,False,0.0
20260917-10:35:57_glm-5.3-flash_memB2_libero_spatial_task_t9_s9_r1#f0,9,9,RELEASE_PREDICATE_STALL,RELEASE_PREDICATE_STALL,10,11,terminated,1,move|gripper,1,0,0,1,0,1,-11.07,False,False,False,True,False,OPTION_REQUIRED,D-late,True,0.0
20260917-11:50:44_glm-5.3-flash_memB3_libero_spatial_task_t5_s7_r1#f0,5,7,RELEASE_PREDICATE_STALL,RELEASE_PREDICATE_STALL,8,12,terminated,4,move|gripper,4,1,0,4,0,4,2.59,False,False,False,False,False,MACRO_REPRESENTABLE,,False,0.0
20260917-11:50:45_glm-5.3-flash_memB3_libero_spatial_task_t5_s8_r1#f0,5,8,RELEASE_PREDICATE_STALL,RELEASE_PREDICATE_STALL,6,11,terminated,5,move|gripper,5,2,0,4,1,5,2.48,False,False,False,False,False,MACRO_REPRESENTABLE,,False,0.0
20260917-11:50:45_glm-5.3-flash_memB3_libero_spatial_task_t5_s8_r1#f1,5,8,FALSE_GRASP,FALSE_GRASP,10,11,terminated,1,move|pick,1,1,0,1,0,1,-5.75,False,False,False,False,False,MACRO_REPRESENTABLE,,False,0.0
20260917-13:08:41_glm-5.3-flash_memB3_libero_spatial_task_t9_s9_r1#f0,9,9,FALSE_GRASP,FALSE_GRASP,4,6,,,,,,,,,,,,,,,,UNRESOLVED,beyond-transcript,,
20260917-13:23:56_glm-5.3-flash_memB3_libero_spatial_task_t9_s10_r1#f0,9,10,RELEASE_PREDICATE_STALL,RELEASE_PREDICATE_STALL,10,13,terminated,3,move|gripper,3,1,2,3,0,3,8.23,False,False,False,True,True,OPTION_REQUIRED,D-late,True,0.0
20260917-13:43:09_glm-5.3-flash_memB1_libero_spatial_task_t5_s2_r1#f0,5,2,RELEASE_PREDICATE_STALL,RELEASE_PREDICATE_STALL,7,9,terminated,2,move|gripper,2,1,0,2,0,2,7.31,False,False,False,False,False,MACRO_REPRESENTABLE,,False,0.0
20260917-14:13:58_glm-5.3-flash_memB1_libero_spatial_task_t9_s7_r1#f0,9,7,RELEASE_PREDICATE_STALL,RELEASE_PREDICATE_STALL,11,14,terminated,3,move|gripper,3,1,0,3,0,3,-1.46,False,False,False,True,True,OPTION_REQUIRED,D-late,True,0.0
20260917-14:49:06_glm-5.3-flash_memB2_libero_spatial_task_t5_s10_r1#f0,5,10,RELEASE_PREDICATE_STALL,RELEASE_PREDICATE_STALL,8,12,terminated,4,move|gripper,4,1,0,4,0,4,1.73,False,False,False,False,False,MACRO_REPRESENTABLE,,False,0.0
20260917-18:27:35_glm-5.3-flash_memB0_libero_spatial_task_t9_s9_r1#f0,9,9,FALSE_GRASP,FALSE_GRASP,3,5,pick_lift,2,move|pick,2,2,0,2,0,2,-6.89,False,False,False,True,True,OPTION_REQUIRED,D-late,True,0.0
20260918-08:17:51_glm-5.3-flash_memO2_libero_spatial_task_t5_s5_r1#f0,5,5,RELEASE_PREDICATE_STALL,RELEASE_PREDICATE_STALL,6,9,,,,,,,,,,,,,,,,UNRESOLVED,beyond-transcript,,
20260918-09:25:14_glm-5.3-flash_memO2_libero_spatial_task_t9_s9_r1#f0,9,9,RELEASE_PREDICATE_STALL,RELEASE_PREDICATE_STALL,9,12,terminated,3,move|gripper,3,1,0,3,0,3,-0.77,False,False,False,True,True,OPTION_REQUIRED,D-late,True,0.0
20260918-09:27:49_glm-5.3-flash_memO2_libero_spatial_task_t9_s10_r1#f0,9,10,RELEASE_PREDICATE_STALL,RELEASE_PREDICATE_STALL,8,15,terminated,7,move|gripper,7,3,0,5,2,7,-0.15,True,False,True,True,True,OPTION_REQUIRED,,True,0.0
20260918-09:27:49_glm-5.3-flash_memO2_libero_spatial_task_t9_s10_r1#f1,9,10,MOVE_CONTACT_STALL,CONTACT_STALL,10,15,terminated,5,move|pick,5,2,0,4,1,5,-13.8,True,False,True,True,True,OPTION_REQUIRED,,True,0.0
20260918-09:27:49_glm-5.3-flash_memO2_libero_spatial_task_t9_s10_r1#f2,9,10,MOVE_CONTACT_STALL,CONTACT_STALL,12,15,terminated,3,move|pick,3,1,0,3,0,3,-8.67,False,False,False,True,True,OPTION_REQUIRED,D-late,True,0.0
20260918-09:48:43_glm-5.3-flash_memO2_libero_spatial_task_t5_s8_r1#f0,5,8,RELEASE_PREDICATE_STALL,RELEASE_PREDICATE_STALL,8,10,terminated,2,move|gripper,2,1,0,2,0,2,4.65,True,False,False,False,False,OPTION_REQUIRED,,True,0.0
20260918-10:09:19_glm-5.3-flash_memO2_libero_spatial_task_t9_s4_r1#f0,9,4,FALSE_GRASP,FALSE_GRASP,5,13,terminated,8,move|pick,8,4,3,6,1,8,-16.35,True,False,True,True,True,OPTION_REQUIRED,,True,0.0
20260918-10:09:19_glm-5.3-flash_memO2_libero_spatial_task_t9_s4_r1#f1,9,4,FALSE_GRASP,FALSE_GRASP,7,13,terminated,6,move|pick,6,3,3,5,0,6,-14.95,False,False,False,True,False,OPTION_REQUIRED,D-late,True,0.0
20260918-10:57:57_glm-5.3-flash_memO2_libero_spatial_task_t5_s7_r1#f0,5,7,RELEASE_PREDICATE_STALL,RELEASE_PREDICATE_STALL,8,10,pick_lift,2,move|gripper,2,1,0,2,0,2,3.43,True,False,False,False,False,OPTION_REQUIRED,,True,0.0
20260918-10:57:57_glm-5.3-flash_memO2_libero_spatial_task_t5_s7_r1#f1,5,7,RELEASE_PREDICATE_STALL,RELEASE_PREDICATE_STALL,12,16,terminated,4,move|gripper,4,2,0,4,0,4,1.53,True,False,False,False,False,OPTION_REQUIRED,,True,0.0
20260918-11:06:19_glm-5.3-flash_memO2_libero_spatial_task_t9_s1_r1#f0,9,1,RELEASE_PREDICATE_STALL,RELEASE_PREDICATE_STALL,9,14,terminated,5,move|gripper,5,2,0,4,1,5,-2.24,True,False,True,True,True,OPTION_REQUIRED,,True,0.0
20260918-11:06:19_glm-5.3-flash_memO2_libero_spatial_task_t9_s1_r1#f1,9,1,MOVE_CONTACT_STALL,CONTACT_STALL,12,14,terminated,2,move|pick,2,1,0,2,0,2,-14.32,False,False,False,True,True,OPTION_REQUIRED,D-late,True,0.0
20260920-09:01:34_glm-5.3-flash_g0B_libero_spatial_task_t5_s8_r1#f0,5,8,RELEASE_PREDICATE_STALL,RELEASE_PREDICATE_STALL,8,12,,,,,,,,,,,,,,,,UNRESOLVED,beyond-transcript,,
20260920-11:31:18_glm-5.3-flash_g0B_libero_spatial_task_t9_s10_r1#f0,9,10,FALSE_GRASP,FALSE_GRASP,7,11,terminated,4,move|pick,4,2,0,2,0,4,-15.73,False,False,False,True,False,OPTION_REQUIRED,D-late,True,0.0
20260920-13:04:11_glm-5.3-flash_g0D_libero_spatial_task_t5_s7_r1#f0,5,7,RELEASE_PREDICATE_STALL,RELEASE_PREDICATE_STALL,7,10,terminated,3,move|gripper,3,1,0,3,0,3,5.66,False,False,False,False,False,MACRO_REPRESENTABLE,,False,0.0
20260920-13:40:23_glm-5.3-flash_g0D_libero_spatial_task_t9_s1_r1#f0,9,1,FALSE_GRASP,FALSE_GRASP,3,5,,,,,,,,,,,,,,,,UNRESOLVED,beyond-transcript,,
20260920-14:40:01_glm-5.3-flash_g0D_libero_spatial_task_t9_s10_r1#f0,9,10,FALSE_GRASP,FALSE_GRASP,4,6,,,,,,,,,,,,,,,,UNRESOLVED,beyond-transcript,,
20260920-16:10:23_glm-5.3-flash_g0E_libero_spatial_task_t5_s5_r1#f0,5,5,RELEASE_PREDICATE_STALL,RELEASE_PREDICATE_STALL,8,10,terminated,2,move|gripper,2,1,0,2,0,2,4.36,True,False,False,False,False,OPTION_REQUIRED,,True,0.0
20260920-16:24:44_glm-5.3-flash_g0E_libero_spatial_task_t5_s10_r1#f0,5,10,RELEASE_PREDICATE_STALL,RELEASE_PREDICATE_STALL,8,11,terminated,3,move|gripper,3,1,1,3,0,3,0.63,False,False,False,False,False,MACRO_REPRESENTABLE,,False,0.0
20260920-16:46:24_glm-5.3-flash_g0E_libero_spatial_task_t9_s4_r1#f0,9,4,RELEASE_PREDICATE_STALL,RELEASE_PREDICATE_STALL,9,12,terminated,3,move|gripper,3,1,0,3,0,3,4.56,False,False,False,True,True,OPTION_REQUIRED,D-late,True,0.0
20260920-17:19:38_glm-5.3-flash_g0E_libero_spatial_task_t9_s9_r1#f0,9,9,RELEASE_PREDICATE_STALL,RELEASE_PREDICATE_STALL,9,12,,,,,,,,,,,,,,,,UNRESOLVED,beyond-transcript,,
20260920-18:44:20_glm-5.3-flash_g0D_libero_spatial_task_t5_s5_r1#f0,5,5,RELEASE_PREDICATE_STALL,RELEASE_PREDICATE_STALL,7,9,terminated,2,move|gripper,2,0,0,2,0,2,4.32,False,False,False,False,False,MACRO_REPRESENTABLE,,False,0.0
20260920-18:46:58_glm-5.3-flash_g0D_libero_spatial_task_t9_s1_r1#f0,9,1,RELEASE_PREDICATE_STALL,RELEASE_PREDICATE_STALL,11,13,terminated,2,move|gripper,2,1,0,2,0,2,1.09,True,False,False,True,True,OPTION_REQUIRED,,True,0.0
20260920-19:14:28_glm-5.3-flash_g0D_libero_spatial_task_t9_s7_r1#f0,9,7,RELEASE_PREDICATE_STALL,RELEASE_PREDICATE_STALL,11,15,terminated,4,move|gripper,4,2,0,4,0,4,-0.22,False,False,False,True,True,OPTION_REQUIRED,D-late,True,0.0
20260920-20:39:25_glm-5.3-flash_g0E_libero_spatial_task_t9_s10_r1#f0,9,10,RELEASE_PREDICATE_STALL,RELEASE_PREDICATE_STALL,10,15,,,,,,,,,,,,,,,,UNRESOLVED,beyond-transcript,,
20260920-20:39:25_glm-5.3-flash_g0E_libero_spatial_task_t9_s10_r1#f1,9,10,MOVE_CONTACT_STALL,CONTACT_STALL,13,15,,,,,,,,,,,,,,,,UNRESOLVED,beyond-transcript,,
20260921-04:34:43_glm-5.3-flash_g05P0_libero_spatial_task_t5_s4_r1#f0,5,4,RELEASE_PREDICATE_STALL,RELEASE_PREDICATE_STALL,11,14,terminated,3,move|gripper,3,1,0,3,0,3,4.46,False,False,False,False,False,MACRO_REPRESENTABLE,,False,0.0
20260921-04:43:51_glm-5.3-flash_g05P0_libero_spatial_task_t5_s5_r1#f0,5,5,RELEASE_PREDICATE_STALL,RELEASE_PREDICATE_STALL,7,9,pick_lift,2,move|gripper,2,1,0,2,0,2,2.53,True,False,False,False,False,OPTION_REQUIRED,,True,0.0
20260921-04:47:26_glm-5.3-flash_g05P0_libero_spatial_task_t5_s7_r1#f0,5,7,RELEASE_PREDICATE_STALL,RELEASE_PREDICATE_STALL,9,11,terminated,2,move|gripper,2,1,0,2,0,2,2.89,False,False,False,False,False,MACRO_REPRESENTABLE,,False,0.0
20260921-05:05:17_glm-5.3-flash_g05P0_libero_spatial_task_t9_s1_r1#f0,9,1,FALSE_GRASP,FALSE_GRASP,3,10,terminated,7,move|pick,7,5,5,5,0,7,-10.6,True,False,False,True,False,OPTION_REQUIRED,,True,0.0
20260921-06:16:02_glm-5.3-flash_g05P0_libero_spatial_task_t9_s10_r1#f0,9,10,RELEASE_PREDICATE_STALL,RELEASE_PREDICATE_STALL,10,14,terminated,4,move|gripper,4,3,0,1,3,4,-5.29,True,False,True,True,True,OPTION_REQUIRED,,True,0.0
20260921-06:16:02_glm-5.3-flash_g05P0_libero_spatial_task_t9_s10_r1#f1,9,10,MOVE_CONTACT_STALL,CONTACT_STALL,12,14,terminated,2,move|pick,2,2,0,0,2,2,-10.21,True,False,True,True,True,OPTION_REQUIRED,,True,0.0
20260921-07:36:03_glm-5.3-flash_g05P1_libero_spatial_task_t5_s2_r1#f0,5,2,RELEASE_PREDICATE_STALL,RELEASE_PREDICATE_STALL,9,12,terminated,3,move|gripper,3,1,0,3,0,3,6.21,False,False,False,False,False,MACRO_REPRESENTABLE,,False,0.0
20260921-07:42:21_glm-5.3-flash_g05P1_libero_spatial_task_t5_s5_r1#f0,5,5,RELEASE_PREDICATE_STALL,RELEASE_PREDICATE_STALL,6,9,terminated,3,move|gripper,3,1,0,3,0,3,2.58,False,False,False,False,False,MACRO_REPRESENTABLE,,False,0.0
20260921-08:19:15_glm-5.3-flash_g05P1_libero_spatial_task_t9_s1_r1#f0,9,1,RELEASE_PREDICATE_STALL,RELEASE_PREDICATE_STALL,10,13,,,,,,,,,,,,,,,,UNRESOLVED,beyond-transcript,,
20260921-09:05:45_glm-5.3-flash_g05P1_libero_spatial_task_t9_s9_r1#f0,9,9,FALSE_GRASP,FALSE_GRASP,3,12,terminated,9,move|pick,9,5,3,6,1,9,-10.99,True,False,True,True,True,OPTION_REQUIRED,,True,0.0
20260921-09:05:45_glm-5.3-flash_g05P1_libero_spatial_task_t9_s9_r1#f1,9,9,RELEASE_PREDICATE_STALL,RELEASE_PREDICATE_STALL,9,12,terminated,3,move|gripper,3,2,1,2,1,3,-6.76,True,False,True,True,True,OPTION_REQUIRED,,True,0.0
20260921-10:34:41_glm-5.3-flash_g05P2_libero_spatial_task_t5_s3_r1#f0,5,3,RELEASE_PREDICATE_STALL,RELEASE_PREDICATE_STALL,6,8,terminated,2,move|gripper,2,1,0,2,0,2,4.48,True,False,False,False,False,OPTION_REQUIRED,,True,0.0
20260921-10:36:24_glm-5.3-flash_g05P2_libero_spatial_task_t5_s4_r1#f0,5,4,RELEASE_PREDICATE_STALL,RELEASE_PREDICATE_STALL,7,10,terminated,3,move|gripper,3,1,0,3,0,3,2.6,False,False,False,False,False,MACRO_REPRESENTABLE,,False,0.0
20260921-11:11:28_glm-5.3-flash_g05P2_libero_spatial_task_t5_s9_r1#f0,5,9,RELEASE_PREDICATE_STALL,RELEASE_PREDICATE_STALL,7,9,terminated,2,move|gripper,2,1,0,2,0,2,5.26,True,False,False,False,False,OPTION_REQUIRED,,True,0.0
20260921-14:26:10_glm-5.3-flash_g05P3_libero_spatial_task_t9_s4_r1#f0,9,4,FALSE_GRASP,FALSE_GRASP,3,12,terminated,9,move|pick,9,6,3,6,1,9,-16.53,True,False,True,True,True,OPTION_REQUIRED,,True,0.0
20260921-14:26:10_glm-5.3-flash_g05P3_libero_spatial_task_t9_s4_r1#f1,9,4,FALSE_GRASP,FALSE_GRASP,5,12,terminated,7,move|pick,7,4,3,5,0,7,-15.83,True,False,False,True,False,OPTION_REQUIRED,,True,0.0
20260921-18:50:52_glm-5.3-flash_g05P3_libero_spatial_task_t9_s7_r1#f0,9,7,RELEASE_PREDICATE_STALL,RELEASE_PREDICATE_STALL,11,14,terminated,3,move|gripper,3,1,0,1,1,3,-10.89,False,False,True,True,True,OPTION_REQUIRED,,True,0.0
20260921-18:53:27_glm-5.3-flash_g05P3_libero_spatial_task_t9_s9_r1#f0,9,9,RELEASE_PREDICATE_STALL,RELEASE_PREDICATE_STALL,11,13,terminated,2,move|gripper,2,1,1,2,0,2,1.71,True,False,False,True,True,OPTION_REQUIRED,,True,0.0
20260922-02:26:09_glm-5.3-flash_g05P0_libero_spatial_task_t3_s17_r1#f0,3,17,FALSE_GRASP,FALSE_GRASP,3,5,terminated,2,move|pick,2,1,0,2,0,2,4.87,False,False,False,True,True,OPTION_REQUIRED,D-late,True,0.0
20260922-02:46:28_glm-5.3-flash_g05P0_libero_spatial_task_t3_s20_r1#f0,3,20,FALSE_GRASP,FALSE_GRASP,3,5,terminated,2,move|pick,2,1,0,2,0,2,4.11,False,False,False,True,True,OPTION_REQUIRED,D-late,True,0.0
20260922-03:14:06_glm-5.3-flash_g05P0_libero_spatial_task_t5_s12_r1#f0,5,12,RELEASE_PREDICATE_STALL,RELEASE_PREDICATE_STALL,8,10,terminated,2,move|gripper,2,1,0,2,0,2,0.99,True,False,False,False,False,OPTION_REQUIRED,,True,0.0
20260922-03:21:14_glm-5.3-flash_g05P0_libero_spatial_task_t5_s13_r1#f0,5,13,RELEASE_PREDICATE_STALL,RELEASE_PREDICATE_STALL,8,11,terminated,3,move|gripper,3,1,0,3,0,3,-2.03,False,False,False,False,False,MACRO_REPRESENTABLE,,False,0.0
20260922-04:05:27_glm-5.3-flash_g05P0_libero_spatial_task_t9_s16_r1#f0,9,16,RELEASE_PREDICATE_STALL,RELEASE_PREDICATE_STALL,10,12,terminated,2,move|gripper,2,1,0,2,0,2,1.19,True,False,False,True,True,OPTION_REQUIRED,,True,0.0
20260922-04:53:54_glm-5.3-flash_g05P0_libero_spatial_task_t9_s20_r1#f0,9,20,RELEASE_PREDICATE_STALL,RELEASE_PREDICATE_STALL,10,12,terminated,2,move|gripper,2,1,0,2,0,2,5.62,False,False,False,True,True,OPTION_REQUIRED,D-late,True,0.0
20260922-05:11:55_glm-5.3-flash_g05P2_libero_spatial_task_t3_s17_r1#f0,3,17,FALSE_GRASP,FALSE_GRASP,4,6,terminated,2,move|pick,2,2,2,2,0,2,6.53,False,True,False,True,True,OPTION_REQUIRED,,True,0.0
20260922-17:48:42_glm-5.3-flash_g05P0_libero_spatial_task_t9_s14_r1#f0,9,14,RELEASE_PREDICATE_STALL,RELEASE_PREDICATE_STALL,11,13,,,,,,,,,,,,,,,,UNRESOLVED,beyond-transcript,,
20260922-18:45:37_glm-5.3-flash_g05P2_libero_spatial_task_t3_s20_r1#f0,3,20,FALSE_GRASP,FALSE_GRASP,3,11,terminated,8,move|pick,8,4,3,5,2,8,-10.86,True,False,False,True,True,OPTION_REQUIRED,,True,0.0
20260922-18:45:37_glm-5.3-flash_g05P2_libero_spatial_task_t3_s20_r1#f1,3,20,RELEASE_PREDICATE_STALL,RELEASE_PREDICATE_STALL,8,11,terminated,3,move|gripper,3,2,0,3,0,3,6.73,True,False,False,False,True,OPTION_REQUIRED,,True,0.0
20260922-18:50:12_glm-5.3-flash_g05P2_libero_spatial_task_t5_s13_r1#f0,5,13,RELEASE_PREDICATE_STALL,RELEASE_PREDICATE_STALL,9,11,terminated,2,move|gripper,2,1,0,2,0,2,4.27,True,False,False,False,False,OPTION_REQUIRED,,True,0.0
20260922-19:01:58_glm-5.3-flash_g05P2_libero_spatial_task_t5_s15_r1#f0,5,15,RELEASE_PREDICATE_STALL,RELEASE_PREDICATE_STALL,7,9,terminated,2,move|gripper,2,1,0,2,0,2,4.75,True,False,False,False,False,OPTION_REQUIRED,,True,0.0
20260922-19:42:32_glm-5.3-flash_g05P2_libero_spatial_task_t9_s11_r1#f0,9,11,RELEASE_PREDICATE_STALL,RELEASE_PREDICATE_STALL,10,12,terminated,2,move|gripper,2,1,1,2,0,2,2.92,True,False,False,True,True,OPTION_REQUIRED,,True,0.0
20260922-20:01:56_glm-5.3-flash_g05P2_libero_spatial_task_t9_s16_r1#f0,9,16,RELEASE_PREDICATE_STALL,RELEASE_PREDICATE_STALL,9,14,,,,,,,,,,,,,,,,UNRESOLVED,beyond-transcript,,
20260922-20:01:56_glm-5.3-flash_g05P2_libero_spatial_task_t9_s16_r1#f1,9,16,MOVE_CONTACT_STALL,CONTACT_STALL,11,14,,,,,,,,,,,,,,,,UNRESOLVED,beyond-transcript,,
20260922-20:42:01_glm-5.3-flash_g05P2_libero_spatial_task_t9_s20_r1#f0,9,20,RELEASE_PREDICATE_STALL,RELEASE_PREDICATE_STALL,9,11,terminated,2,move|gripper,2,1,0,2,0,2,5.16,True,False,False,True,True,OPTION_REQUIRED,,True,0.0
20260922-20:46:58_glm-5.3-flash_g05P0_libero_spatial_task_t3_s19_r1#f0,3,19,FALSE_GRASP,FALSE_GRASP,4,10,terminated,6,move|pick,6,4,1,3,1,6,-13.7,True,True,True,True,True,OPTION_REQUIRED,,True,0.0
20260922-20:46:58_glm-5.3-flash_g05P0_libero_spatial_task_t3_s19_r1#f1,3,19,FALSE_GRASP,FALSE_GRASP,6,10,terminated,4,move|pick,4,2,0,2,0,4,-18.44,True,False,False,True,False,OPTION_REQUIRED,,True,0.0
20260922-21:04:50_glm-5.3-flash_g05P2_libero_spatial_task_t9_s14_r1#f0,9,14,RELEASE_PREDICATE_STALL,RELEASE_PREDICATE_STALL,12,15,,,,,,,,,,,,,,,,UNRESOLVED,beyond-transcript,,
20260922-21:32:26_glm-5.3-flash_g05P2_libero_spatial_task_t9_s16_r1#f0,9,16,FALSE_GRASP,FALSE_GRASP,4,14,terminated,10,move|pick,10,8,6,6,1,10,-10.95,True,False,True,True,True,OPTION_REQUIRED,,True,0.0
20260922-21:32:26_glm-5.3-flash_g05P2_libero_spatial_task_t9_s16_r1#f1,9,16,FALSE_GRASP,FALSE_GRASP,6,14,terminated,8,move|pick,8,6,6,5,0,8,-5.82,True,False,False,True,True,OPTION_REQUIRED,,True,0.0
20260922-21:32:26_glm-5.3-flash_g05P2_libero_spatial_task_t9_s16_r1#f2,9,16,RELEASE_PREDICATE_STALL,RELEASE_PREDICATE_STALL,12,14,terminated,2,move|gripper,2,1,0,2,0,2,0.22,False,False,False,True,True,OPTION_REQUIRED,D-late,True,0.0
20260922-22:51:09_glm-5.3-flash_g0D_libero_spatial_task_t3_s17_r1#f0,3,17,FALSE_GRASP,FALSE_GRASP,4,11,terminated,7,move|pick,7,3,4,4,1,7,-13.12,True,False,True,True,True,OPTION_REQUIRED,,True,0.0
20260922-22:51:09_glm-5.3-flash_g0D_libero_spatial_task_t3_s17_r1#f1,3,17,FALSE_GRASP,FALSE_GRASP,6,11,terminated,5,move|pick,5,2,4,3,0,5,-18.69,True,False,False,True,False,OPTION_REQUIRED,,True,0.0
20260922-23:02:29_glm-5.3-flash_g0D_libero_spatial_task_t5_s12_r1#f0,5,12,RELEASE_PREDICATE_STALL,RELEASE_PREDICATE_STALL,7,9,terminated,2,move|gripper,2,1,0,2,0,2,4.21,True,False,False,False,False,OPTION_REQUIRED,,True,0.0
20260922-23:10:22_glm-5.3-flash_g0D_libero_spatial_task_t5_s13_r1#f0,5,13,RELEASE_PREDICATE_STALL,RELEASE_PREDICATE_STALL,7,9,pick_lift,2,move|gripper,2,1,0,2,0,2,2.51,True,False,False,False,False,OPTION_REQUIRED,,True,0.0
20260922-23:10:22_glm-5.3-flash_g0D_libero_spatial_task_t5_s13_r1#f1,5,13,RELEASE_PREDICATE_STALL,RELEASE_PREDICATE_STALL,12,16,terminated,4,move|gripper,4,1,0,4,0,4,4.42,False,False,False,False,False,MACRO_REPRESENTABLE,,False,0.0
20260922-23:18:40_glm-5.3-flash_g0D_libero_spatial_task_t5_s14_r1#f0,5,14,RELEASE_PREDICATE_STALL,RELEASE_PREDICATE_STALL,7,9,terminated,2,move|gripper,2,1,0,2,0,2,3.0,True,False,False,False,False,OPTION_REQUIRED,,True,0.0
20260922-23:19:01_glm-5.3-flash_g0D_libero_spatial_task_t5_s15_r1#f0,5,15,RELEASE_PREDICATE_STALL,RELEASE_PREDICATE_STALL,6,10,terminated,4,move|gripper,4,1,0,4,0,4,4.25,False,False,False,False,False,MACRO_REPRESENTABLE,,False,0.0
20260922-23:25:16_glm-5.3-flash_g0D_libero_spatial_task_t5_s17_r1#f0,5,17,RELEASE_PREDICATE_STALL,RELEASE_PREDICATE_STALL,6,10,terminated,4,move|gripper,4,1,0,4,0,4,1.76,False,False,False,False,False,MACRO_REPRESENTABLE,,False,0.0
20260922-23:53:38_glm-5.3-flash_g0D_libero_spatial_task_t9_s14_r1#f0,9,14,RELEASE_PREDICATE_STALL,RELEASE_PREDICATE_STALL,12,14,terminated,2,move|gripper,2,1,1,2,0,2,13.54,True,False,False,True,True,OPTION_REQUIRED,,True,0.0
20260923-00:50:17_glm-5.3-flash_g0D_libero_spatial_task_t9_s11_r1#f0,9,11,FALSE_GRASP,FALSE_GRASP,3,9,terminated,6,move|pick,6,6,2,4,0,6,-16.33,True,False,False,True,False,OPTION_REQUIRED,,True,0.0
20260923-01:17:44_glm-5.3-flash_g0D_libero_spatial_task_t9_s18_r1#f0,9,18,RELEASE_PREDICATE_STALL,RELEASE_PREDICATE_STALL,10,13,terminated,3,move|gripper,3,1,0,3,0,3,1.7,False,False,False,True,True,OPTION_REQUIRED,D-late,True,0.0
20260928-14:48:26_glm-5.3-flash_h1P2_libero_spatial_task_t3_s19_r1#f0,3,19,FALSE_GRASP,FALSE_GRASP,4,17,terminated,13,move|pick,13,6,4,8,1,13,-5.11,True,True,True,True,True,OPTION_REQUIRED,,True,0.0
20260928-14:48:26_glm-5.3-flash_h1P2_libero_spatial_task_t3_s19_r1#f1,3,19,FALSE_GRASP,FALSE_GRASP,6,17,terminated,11,move|pick,11,5,3,7,0,11,-10.82,True,True,False,True,True,OPTION_REQUIRED,,True,0.0
20260928-14:51:26_glm-5.3-flash_h1G_libero_spatial_task_t3_s19_r1#f0,3,19,FALSE_GRASP,FALSE_GRASP,4,11,terminated,7,move|pick,7,4,1,3,2,7,-13.47,True,True,True,True,True,OPTION_REQUIRED,,True,0.0
20260928-14:51:26_glm-5.3-flash_h1G_libero_spatial_task_t3_s19_r1#f1,3,19,FALSE_GRASP,FALSE_GRASP,6,11,terminated,5,move|pick,5,3,1,2,1,5,-19.52,True,True,True,True,True,OPTION_REQUIRED,,True,0.0
20260928-14:51:26_glm-5.3-flash_h1G_libero_spatial_task_t3_s19_r1#f2,3,19,FALSE_GRASP,FALSE_GRASP,10,11,terminated,1,move|pick,1,1,0,0,0,1,-11.34,False,False,False,True,False,OPTION_REQUIRED,D-late,True,0.0
20260928-15:21:13_glm-5.3-flash_h1G_libero_spatial_task_t3_s19_r1#f0,3,19,FALSE_GRASP,FALSE_GRASP,2,6,pick_lift,4,move|pick,4,5,1,4,0,4,-2.83,False,False,False,True,True,OPTION_REQUIRED,D-late,True,0.0
20260928-15:53:57_glm-5.3-flash_h1P2_libero_spatial_task_t3_s4_r1#f0,3,4,FALSE_GRASP,FALSE_GRASP,4,11,terminated,7,move|pick,7,4,3,4,1,7,-13.28,True,False,True,True,True,OPTION_REQUIRED,,True,0.0
20260928-15:53:57_glm-5.3-flash_h1P2_libero_spatial_task_t3_s4_r1#f1,3,4,FALSE_GRASP,FALSE_GRASP,6,11,terminated,5,move|pick,5,3,2,3,0,5,-18.95,True,False,False,True,False,OPTION_REQUIRED,,True,0.0
20260928-15:59:57_glm-5.3-flash_h1P2_libero_spatial_task_t3_s8_r1#f0,3,8,FALSE_GRASP,FALSE_GRASP,2,5,terminated,3,move|pick,3,3,1,1,1,3,-13.66,True,True,True,True,True,OPTION_REQUIRED,,True,0.0
20260928-15:59:57_glm-5.3-flash_h1P2_libero_spatial_task_t3_s8_r1#f1,3,8,FALSE_GRASP,FALSE_GRASP,4,5,terminated,1,move|pick,1,1,0,0,0,1,-19.08,False,False,False,True,False,OPTION_REQUIRED,D-late,True,0.0
20260928-16:26:18_glm-5.3-flash_h1P2_libero_spatial_task_t3_s9_r1#f0,3,9,FALSE_GRASP,FALSE_GRASP,3,6,terminated,3,move|pick,3,3,2,2,1,3,-13.93,True,True,True,True,True,OPTION_REQUIRED,,True,0.0
20260928-16:26:18_glm-5.3-flash_h1P2_libero_spatial_task_t3_s9_r1#f1,3,9,FALSE_GRASP,FALSE_GRASP,5,6,terminated,1,move|pick,1,1,1,1,0,1,-19.37,False,False,False,True,False,OPTION_REQUIRED,D-late,True,0.0
20260928-16:51:47_glm-5.3-flash_h1P2_libero_spatial_task_t3_s12_r1#f0,3,12,FALSE_GRASP,FALSE_GRASP,4,11,terminated,7,move|pick,7,5,4,5,1,7,-11.13,True,True,True,True,True,OPTION_REQUIRED,,True,0.0
20260928-16:51:47_glm-5.3-flash_h1P2_libero_spatial_task_t3_s12_r1#f1,3,12,FALSE_GRASP,FALSE_GRASP,6,11,terminated,5,move|pick,5,4,3,4,0,5,-16.9,True,False,False,True,True,OPTION_REQUIRED,,True,0.0
20260928-16:51:47_glm-5.3-flash_h1P2_libero_spatial_task_t3_s12_r1#f2,3,12,RELEASE_PREDICATE_STALL,RELEASE_PREDICATE_STALL,9,11,terminated,2,move|gripper,2,1,0,2,0,2,-0.44,False,False,False,False,True,MACRO_REPRESENTABLE,,True,0.0
20260928-17:37:27_glm-5.3-flash_h1P2_libero_spatial_task_t5_s18_r1#f0,5,18,RELEASE_PREDICATE_STALL,RELEASE_PREDICATE_STALL,7,10,terminated,3,move|gripper,3,1,0,3,0,3,3.41,False,False,False,False,False,MACRO_REPRESENTABLE,,False,0.0
20260928-17:42:42_glm-5.3-flash_h1P2_libero_spatial_task_t9_s2_r1#f0,9,2,RELEASE_PREDICATE_STALL,RELEASE_PREDICATE_STALL,10,12,terminated,2,move|gripper,2,1,0,2,0,2,11.41,False,False,False,True,True,OPTION_REQUIRED,D-late,True,0.0
20260928-17:42:51_glm-5.3-flash_h1P2_libero_spatial_task_t9_s3_r1#f0,9,3,RELEASE_PREDICATE_STALL,RELEASE_PREDICATE_STALL,8,13,terminated,5,move|gripper,5,3,0,4,1,5,4.86,True,False,True,True,True,OPTION_REQUIRED,,True,0.0
20260928-17:42:51_glm-5.3-flash_h1P2_libero_spatial_task_t9_s3_r1#f1,9,3,MOVE_CONTACT_STALL,CONTACT_STALL,10,13,terminated,3,move|pick,3,1,0,3,0,3,-7.27,False,False,False,True,True,OPTION_REQUIRED,D-late,True,0.0
20260928-18:04:54_glm-5.3-flash_h1P2_libero_spatial_task_t9_s12_r1#f0,9,12,RELEASE_PREDICATE_STALL,RELEASE_PREDICATE_STALL,9,15,terminated,6,move|gripper,6,3,2,4,2,6,0.95,True,False,True,True,True,OPTION_REQUIRED,,True,0.0
20260928-18:04:54_glm-5.3-flash_h1P2_libero_spatial_task_t9_s12_r1#f1,9,12,MOVE_CONTACT_STALL,CONTACT_STALL,11,15,terminated,4,move|pick,4,2,2,3,1,4,-11.2,True,False,True,True,True,OPTION_REQUIRED,,True,0.0
20260928-18:04:54_glm-5.3-flash_h1P2_libero_spatial_task_t9_s12_r1#f2,9,12,FALSE_GRASP,FALSE_GRASP,13,15,terminated,2,move|pick,2,1,0,2,0,2,-3.73,False,False,False,True,True,OPTION_REQUIRED,D-late,True,0.0
20260928-18:28:46_glm-5.3-flash_h1P2_libero_spatial_task_t9_s15_r1#f0,9,15,RELEASE_PREDICATE_STALL,RELEASE_PREDICATE_STALL,12,14,terminated,2,move|gripper,2,1,1,2,0,2,-1.97,False,False,False,True,True,OPTION_REQUIRED,D-late,True,0.0
20260928-18:44:49_glm-5.3-flash_h1C_libero_spatial_task_t3_s2_r1#f0,3,2,FALSE_GRASP,FALSE_GRASP,2,5,terminated,3,move|pick,3,2,1,1,1,3,-13.82,True,False,True,True,True,OPTION_REQUIRED,,True,0.0
20260928-18:44:49_glm-5.3-flash_h1C_libero_spatial_task_t3_s2_r1#f1,3,2,FALSE_GRASP,FALSE_GRASP,4,5,terminated,1,move|pick,1,1,0,0,0,1,-19.87,False,False,False,True,False,OPTION_REQUIRED,D-late,True,0.0
20260928-19:19:02_glm-5.3-flash_h1C_libero_spatial_task_t3_s8_r1#f0,3,8,FALSE_GRASP,FALSE_GRASP,4,11,terminated,7,move|pick,7,5,2,4,1,7,-13.84,True,True,True,True,True,OPTION_REQUIRED,,True,0.0
20260928-19:19:02_glm-5.3-flash_h1C_libero_spatial_task_t3_s8_r1#f1,3,8,FALSE_GRASP,FALSE_GRASP,6,11,terminated,5,move|pick,5,3,1,3,0,5,-18.97,True,False,False,True,False,OPTION_REQUIRED,,True,0.0
20260928-19:47:57_glm-5.3-flash_h1C_libero_spatial_task_t3_s11_r1#f0,3,11,FALSE_GRASP,FALSE_GRASP,4,12,terminated,8,move|pick,8,3,2,4,1,8,-12.8,True,False,True,True,True,OPTION_REQUIRED,,True,0.0
20260928-19:47:57_glm-5.3-flash_h1C_libero_spatial_task_t3_s11_r1#f1,3,11,FALSE_GRASP,FALSE_GRASP,6,12,terminated,6,move|pick,6,2,2,3,0,6,-18.3,True,False,False,True,False,OPTION_REQUIRED,,True,0.0
20260928-21:53:06_glm-5.3-flash_h1G_libero_spatial_task_t3_s1_r1#f0,3,1,FALSE_GRASP,FALSE_GRASP,3,5,terminated,2,move|pick,2,1,1,2,0,2,3.72,False,True,False,True,True,OPTION_REQUIRED,,True,0.0
20260928-22:05:33_glm-5.3-flash_h1G_libero_spatial_task_t3_s3_r1#f0,3,3,FALSE_GRASP,FALSE_GRASP,3,12,terminated,9,move|pick,9,2,0,5,2,9,-13.31,True,False,True,True,True,OPTION_REQUIRED,,True,0.0
20260928-22:05:33_glm-5.3-flash_h1G_libero_spatial_task_t3_s3_r1#f1,3,3,FALSE_GRASP,FALSE_GRASP,5,12,terminated,7,move|pick,7,1,0,4,1,7,-17.54,True,False,True,True,False,OPTION_REQUIRED,,True,0.0
20260928-22:05:33_glm-5.3-flash_h1G_libero_spatial_task_t3_s3_r1#f2,3,3,FALSE_GRASP,FALSE_GRASP,7,12,terminated,5,move|pick,5,1,0,3,0,5,-8.1,False,False,False,True,False,OPTION_REQUIRED,D-late,True,0.0
20260928-22:19:03_glm-5.3-flash_h1G_libero_spatial_task_t3_s5_r1#f0,3,5,FALSE_GRASP,FALSE_GRASP,4,6,terminated,2,move|pick,2,1,1,2,0,2,2.83,False,False,False,True,True,OPTION_REQUIRED,D-late,True,0.0
20260928-22:40:24_glm-5.3-flash_h1G_libero_spatial_task_t3_s10_r1#f0,3,10,FALSE_GRASP,FALSE_GRASP,5,10,pick_lift,5,move|pick,5,4,2,3,2,5,1.19,True,False,True,True,True,OPTION_REQUIRED,,True,0.0
20260928-22:40:24_glm-5.3-flash_h1G_libero_spatial_task_t3_s10_r1#f1,3,10,FALSE_GRASP,FALSE_GRASP,7,10,pick_lift,3,move|pick,3,3,2,2,1,3,-3.1,False,False,True,True,True,OPTION_REQUIRED,,True,0.0
20260928-23:03:11_glm-5.3-flash_h1G_libero_spatial_task_t3_s12_r1#f0,3,12,FALSE_GRASP,FALSE_GRASP,3,5,terminated,2,move|pick,2,1,1,2,0,2,5.72,False,True,False,True,True,OPTION_REQUIRED,,True,0.0
20260929-00:25:11_glm-5.3-flash_h1G_libero_spatial_task_t9_s6_r1#f0,9,6,RELEASE_PREDICATE_STALL,RELEASE_PREDICATE_STALL,11,14,terminated,3,move|gripper,3,2,0,2,0,3,-2.18,True,False,False,True,True,OPTION_REQUIRED,,True,0.0
20260929-00:46:40_glm-5.3-flash_h1P2_libero_spatial_task_t3_s2_r1#f0,3,2,FALSE_GRASP,FALSE_GRASP,3,5,terminated,2,move|pick,2,2,1,2,0,2,5.67,False,True,False,True,True,OPTION_REQUIRED,,True,0.0
20260929-00:58:31_glm-5.3-flash_h1P2_libero_spatial_task_t3_s3_r1#f0,3,3,FALSE_GRASP,FALSE_GRASP,3,5,terminated,2,move|pick,2,2,0,2,0,2,2.4,False,False,False,True,True,OPTION_REQUIRED,D-late,True,0.0
20260929-03:06:38_glm-5.3-flash_h1G_libero_spatial_task_t3_s6_r1#f0,3,6,FALSE_GRASP,FALSE_GRASP,4,6,terminated,2,move|pick,2,1,1,2,0,2,5.77,False,False,False,True,True,OPTION_REQUIRED,D-late,True,0.0
20260929-04:23:24_glm-5.3-flash_h1C_libero_spatial_task_t3_s1_r1#f0,3,1,FALSE_GRASP,FALSE_GRASP,3,6,terminated,3,move|pick,3,3,0,1,1,3,-13.17,True,False,True,True,True,OPTION_REQUIRED,,True,0.0
20260929-04:23:24_glm-5.3-flash_h1C_libero_spatial_task_t3_s1_r1#f1,3,1,FALSE_GRASP,FALSE_GRASP,5,6,terminated,1,move|pick,1,2,0,0,0,1,-19.85,False,False,False,True,False,OPTION_REQUIRED,D-late,True,0.0
20260929-04:39:00_glm-5.3-flash_h1C_libero_spatial_task_t3_s5_r1#f0,3,5,FALSE_GRASP,FALSE_GRASP,4,9,terminated,5,move|pick,5,4,5,2,1,5,-13.4,True,False,True,True,True,OPTION_REQUIRED,,True,0.0
20260929-04:39:00_glm-5.3-flash_h1C_libero_spatial_task_t3_s5_r1#f1,3,5,FALSE_GRASP,FALSE_GRASP,6,9,terminated,3,move|pick,3,2,2,1,0,3,-19.18,False,False,False,True,False,OPTION_REQUIRED,D-late,True,0.0
20260929-04:50:49_glm-5.3-flash_h1C_libero_spatial_task_t3_s4_r1#f0,3,4,FALSE_GRASP,FALSE_GRASP,3,8,terminated,5,move|pick,5,3,3,3,1,5,-12.71,True,False,True,True,True,OPTION_REQUIRED,,True,0.0
20260929-04:50:49_glm-5.3-flash_h1C_libero_spatial_task_t3_s4_r1#f1,3,4,FALSE_GRASP,FALSE_GRASP,5,8,terminated,3,move|pick,3,1,1,2,0,3,-18.58,False,False,False,True,False,OPTION_REQUIRED,D-late,True,0.0
20260929-05:18:35_glm-5.3-flash_h1G_libero_spatial_task_t3_s9_r1#f0,3,9,FALSE_GRASP,FALSE_GRASP,4,9,terminated,5,move|pick,5,3,0,3,0,5,-19.66,True,False,False,True,False,OPTION_REQUIRED,,True,0.0
20260929-05:33:22_glm-5.3-flash_h1G_libero_spatial_task_t9_s12_r1#f0,9,12,RELEASE_PREDICATE_STALL,RELEASE_PREDICATE_STALL,10,13,terminated,3,move|gripper,3,2,1,3,0,3,-3.32,False,False,False,True,True,OPTION_REQUIRED,D-late,True,0.0
