snapshot_id,arm,rollout_idx,re1_found,re1_score,re2_pose_legal,re3_config_valid,static_pass,probe_ran,probe_skill,probe_verified,reentry,note
osnap_00,O0,0,False,0.022,True,True,False,False,,False,False,
osnap_00,O0,1,False,0.018,True,True,False,False,,False,False,
osnap_01,O0,0,False,0.004,True,True,False,False,,False,False,
osnap_00,O0,2,False,0.015,True,True,False,False,,False,False,
osnap_01,O0,1,False,0.008,True,True,False,False,,False,False,
osnap_00,O0,3,False,0.015,True,True,False,False,,False,False,
osnap_01,O0,2,False,0.008,True,True,False,False,,False,False,
osnap_00,O0,4,False,0.019,True,True,False,False,,False,False,
osnap_01,O0,3,False,0.004,True,True,False,False,,False,False,
osnap_00,O0,5,False,0.027,True,True,False,False,,False,False,
osnap_01,O0,4,False,0.008,True,True,False,False,,False,False,
osnap_00,O0,6,False,0.029,False,True,False,False,,False,False,
osnap_01,O0,5,False,0.012,True,False,False,False,,False,False,
osnap_00,O0,7,False,0.038,False,True,False,False,,False,False,
osnap_01,O0,6,False,0.013,False,False,False,False,,False,False,
osnap_00,O1,0,False,0.01,True,False,False,False,,False,False,
osnap_00,O1,1,False,0.01,True,False,False,False,,False,False,
osnap_00,O1,2,False,0.009,True,False,False,False,,False,False,
osnap_00,O1,3,False,0.01,True,False,False,False,,False,False,
osnap_00,O1,4,False,0.01,True,False,False,False,,False,False,
osnap_01,O0,7,False,0.014,False,False,False,False,,False,False,
osnap_00,O1,5,False,0.012,True,False,False,False,,False,False,
osnap_00,O1,6,False,0.009,True,False,False,False,,False,False,
osnap_00,O1,7,False,0.011,True,False,False,False,,False,False,
osnap_00,O1,8,False,0.011,True,False,False,False,,False,False,
osnap_00,O1,9,False,0.011,True,False,False,False,,False,False,
osnap_00,O1,10,False,0.01,True,False,False,False,,False,False,
osnap_00,O1,11,False,0.011,True,False,False,False,,False,False,
osnap_00,O1,12,False,0.011,True,False,False,False,,False,False,
osnap_00,O1,13,False,0.01,True,False,False,False,,False,False,
osnap_01,O1,0,False,0.01,True,True,False,False,,False,False,
osnap_00,O1,14,False,0.008,True,False,False,False,,False,False,
osnap_00,O1,15,False,0.008,True,False,False,False,,False,False,
osnap_01,O1,1,False,0.009,True,True,False,False,,False,False,
osnap_01,O1,2,,,True,False,False,False,,False,False,
osnap_01,O1,3,False,0.01,True,True,False,False,,False,False,
osnap_01,O1,4,False,0.007,True,True,False,False,,False,False,
osnap_01,O1,5,False,0.013,True,False,False,False,,False,False,
osnap_01,O1,6,False,0.007,True,True,False,False,,False,False,
osnap_01,O1,7,False,0.009,True,True,False,False,,False,False,
osnap_01,O1,8,False,0.012,True,True,False,False,,False,False,
osnap_00,O3,0,False,0.005,True,False,False,False,,False,False,
osnap_00,O3,1,False,0.017,True,False,False,False,,False,False,
osnap_00,O3,2,False,0.018,True,False,False,False,,False,False,
osnap_00,O3,3,False,0.018,True,False,False,False,,False,False,
osnap_01,O1,9,False,0.013,True,True,False,False,,False,False,
osnap_00,O3,4,False,0.018,True,False,False,False,,False,False,
osnap_00,O3,5,False,0.018,True,False,False,False,,False,False,
osnap_00,O3,6,False,0.018,True,False,False,False,,False,False,
osnap_01,O1,10,False,0.004,True,True,False,False,,False,False,
osnap_00,O3,7,False,0.018,True,False,False,False,,False,False,
osnap_01,O1,11,False,0.011,True,False,False,False,,False,False,
osnap_01,O1,12,False,0.019,True,False,False,False,,False,False,
osnap_01,O1,13,False,0.006,True,True,False,False,,False,False,
osnap_01,O1,14,False,0.016,True,False,False,False,,False,False,
osnap_01,O1,15,False,0.012,True,False,False,False,,False,False,
osnap_02,O0,0,True,0.863,True,False,False,False,,False,False,
osnap_02,O0,1,True,0.824,True,False,False,False,,False,False,
osnap_02,O0,2,True,0.844,True,False,False,False,,False,False,
osnap_02,O0,3,True,0.844,True,False,False,False,,False,False,
osnap_02,O0,4,True,0.77,True,False,False,False,,False,False,
osnap_02,O0,5,True,0.836,True,False,False,False,,False,False,
osnap_02,O0,6,True,0.871,True,False,False,False,,False,False,
osnap_02,O0,7,True,0.832,True,False,False,False,,False,False,
osnap_00,O4,0,False,0.009,True,False,False,False,,False,False,
osnap_02,O1,0,True,0.43,True,True,True,True,pi0_pick,False,False,
osnap_02,O1,1,True,0.727,True,True,True,True,pi0_pick,True,True,
osnap_02,O1,2,True,0.432,True,True,True,True,pi0_pick,True,True,
osnap_02,O1,3,True,0.348,True,True,True,True,pi0_pick,False,False,
osnap_02,O1,4,True,0.479,True,True,True,True,pi0_pick,True,True,
osnap_02,O1,5,True,0.512,True,True,True,True,pi0_pick,True,True,
osnap_02,O1,6,True,0.504,True,True,True,True,pi0_pick,False,False,
osnap_02,O1,7,True,0.396,True,True,True,True,pi0_pick,False,False,
osnap_00,O4,1,False,0.009,True,True,False,False,,False,False,
osnap_02,O1,8,True,0.408,True,True,True,True,pi0_pick,False,False,
osnap_02,O1,9,True,0.793,True,False,False,False,,False,False,
osnap_02,O1,10,,,True,True,False,False,,False,False,
osnap_02,O1,11,True,0.416,True,True,True,True,pi0_pick,False,False,
osnap_02,O1,12,True,0.621,True,True,True,True,pi0_pick,True,True,
osnap_02,O1,13,True,0.645,True,True,True,True,pi0_pick,True,True,
osnap_02,O1,14,True,0.629,True,True,True,True,pi0_pick,False,False,
osnap_00,O4,2,False,0.008,True,True,False,False,,False,False,
osnap_02,O1,15,True,0.75,True,True,True,True,pi0_pick,False,False,
osnap_02,O3,0,True,0.512,True,True,True,True,pi0_pick,True,True,
osnap_02,O3,1,True,0.617,True,True,True,True,pi0_pick,True,True,
osnap_02,O3,2,True,0.621,True,True,True,True,pi0_pick,True,True,
osnap_02,O3,3,True,0.602,True,True,True,True,pi0_pick,False,False,
osnap_02,O3,4,True,0.605,True,True,True,True,pi0_pick,True,True,
osnap_02,O3,5,True,0.566,True,True,True,True,pi0_pick,False,False,
osnap_02,O3,6,True,0.486,True,True,True,True,pi0_pick,False,False,
osnap_02,O3,7,True,0.516,True,True,True,True,pi0_pick,False,False,
osnap_00,O4,3,False,0.01,True,True,False,False,,False,False,
osnap_02,O4,0,True,0.785,True,True,True,True,pi0_pick,False,False,
osnap_00,O4,4,,,True,True,False,False,,False,False,
osnap_00,O4,5,False,0.008,True,True,False,False,,False,False,
osnap_00,O4,6,False,0.011,True,True,False,False,,False,False,
osnap_02,O4,1,True,0.562,True,True,True,True,pi0_pick,True,True,
osnap_00,O4,7,False,0.01,True,True,False,False,,False,False,
osnap_02,O4,2,True,0.5,True,False,False,False,,False,False,
osnap_03,O0,0,True,0.934,True,True,True,True,pi0_pick,False,False,
osnap_03,O0,1,True,0.938,True,True,True,True,pi0_pick,False,False,
osnap_03,O0,2,True,0.906,True,True,True,True,pi0_pick,False,False,
osnap_03,O0,3,True,0.938,True,True,True,True,pi0_pick,False,False,
osnap_03,O0,4,True,0.918,True,True,True,True,pi0_pick,False,False,
osnap_03,O0,5,True,0.93,True,True,True,True,pi0_pick,False,False,
osnap_03,O0,6,True,0.902,True,True,True,True,pi0_pick,False,False,
osnap_03,O0,7,True,0.93,True,True,True,True,pi0_pick,False,False,
osnap_02,O4,3,True,0.486,True,True,True,True,pi0_pick,True,True,
osnap_03,O1,0,True,0.914,True,False,False,False,,False,False,
osnap_03,O1,1,True,0.926,True,False,False,False,,False,False,
osnap_03,O1,2,True,0.906,True,False,False,False,,False,False,
osnap_03,O1,3,True,0.934,True,False,False,False,,False,False,
osnap_03,O1,4,True,0.902,True,False,False,False,,False,False,
osnap_03,O1,5,True,0.922,True,False,False,False,,False,False,
osnap_03,O1,6,True,0.93,True,False,False,False,,False,False,
osnap_03,O1,7,True,0.902,True,False,False,False,,False,False,
osnap_03,O1,8,True,0.91,True,False,False,False,,False,False,
osnap_03,O1,9,True,0.922,True,False,False,False,,False,False,
osnap_03,O1,10,True,0.906,True,False,False,False,,False,False,
osnap_03,O1,11,True,0.941,True,False,False,False,,False,False,
osnap_03,O1,12,True,0.898,True,False,False,False,,False,False,
osnap_03,O1,13,True,0.93,True,True,True,True,pi0_pick,True,True,
osnap_03,O1,14,True,0.926,True,False,False,False,,False,False,
osnap_03,O1,15,True,0.941,True,False,False,False,,False,False,
osnap_02,O4,4,True,0.754,True,False,False,False,,False,False,
osnap_02,O4,5,True,0.723,True,True,True,True,pi0_pick,True,True,
osnap_03,O4,0,True,0.902,True,True,True,True,pi0_pick,False,False,
osnap_03,O4,1,True,0.902,True,True,True,True,pi0_pick,False,False,
osnap_02,O4,6,True,0.547,True,False,False,False,,False,False,
osnap_02,O4,7,True,0.734,True,True,True,True,pi0_pick,True,True,
osnap_04,O0,0,False,0.032,True,False,False,False,,False,False,
osnap_04,O0,1,False,0.034,True,False,False,False,,False,False,
osnap_04,O0,2,False,0.032,True,False,False,False,,False,False,
osnap_04,O0,3,False,0.038,True,False,False,False,,False,False,
osnap_03,O4,2,True,0.902,True,True,True,True,pi0_pick,False,False,
osnap_04,O0,4,False,0.034,True,False,False,False,,False,False,
osnap_04,O0,5,False,0.04,True,False,False,False,,False,False,
osnap_04,O0,6,False,0.037,True,False,False,False,,False,False,
osnap_04,O0,7,False,0.037,True,False,False,False,,False,False,
osnap_04,O1,0,False,0.016,True,True,False,False,,False,False,
osnap_04,O1,1,False,0.018,True,False,False,False,,False,False,
osnap_04,O1,2,False,0.012,True,False,False,False,,False,False,
osnap_04,O1,3,False,0.021,True,False,False,False,,False,False,
osnap_04,O1,4,False,0.02,True,False,False,False,,False,False,
osnap_04,O1,5,False,0.02,True,False,False,False,,False,False,
osnap_04,O1,6,False,0.017,True,True,False,False,,False,False,
osnap_04,O1,7,False,0.01,True,False,False,False,,False,False,
osnap_04,O1,8,False,0.012,True,False,False,False,,False,False,
osnap_03,O4,3,True,0.914,True,True,True,True,pi0_pick,True,True,
osnap_04,O1,9,False,0.02,True,False,False,False,,False,False,
osnap_04,O1,10,False,0.021,True,False,False,False,,False,False,
osnap_04,O1,11,False,0.02,True,False,False,False,,False,False,
osnap_04,O1,12,False,0.012,True,False,False,False,,False,False,
osnap_04,O1,13,False,0.016,True,True,False,False,,False,False,
osnap_04,O1,14,False,0.018,True,False,False,False,,False,False,
osnap_04,O1,15,False,0.014,True,True,False,False,,False,False,
osnap_03,O4,4,True,0.906,True,True,True,True,pi0_pick,True,True,
osnap_04,O4,0,False,0.022,True,False,False,False,,False,False,
osnap_04,O4,1,False,0.028,True,True,False,False,,False,False,
osnap_03,O4,5,True,0.926,True,True,True,True,pi0_pick,False,False,
osnap_04,O4,2,False,0.041,True,True,False,False,,False,False,
osnap_04,O4,3,False,0.03,True,True,False,False,,False,False,
osnap_03,O4,6,True,0.918,True,True,True,True,pi0_pick,False,False,
osnap_04,O4,4,False,0.029,True,True,False,False,,False,False,
osnap_03,O4,7,True,0.926,True,False,False,False,,False,False,
osnap_05,O0,0,False,0.07,True,False,False,False,,False,False,
osnap_05,O0,1,False,0.106,True,False,False,False,,False,False,
osnap_05,O0,2,False,0.099,True,False,False,False,,False,False,
osnap_04,O4,5,False,0.035,True,True,False,False,,False,False,
osnap_05,O0,3,False,0.083,True,False,False,False,,False,False,
osnap_05,O0,4,False,0.098,True,True,False,False,,False,False,
osnap_05,O0,5,False,0.104,True,True,False,False,,False,False,
osnap_05,O0,6,False,0.099,True,True,False,False,,False,False,
osnap_05,O0,7,False,0.114,False,True,False,False,,False,False,
osnap_05,O1,0,False,0.098,True,False,False,False,,False,False,
osnap_05,O1,1,False,0.092,True,False,False,False,,False,False,
osnap_05,O1,2,False,0.091,True,False,False,False,,False,False,
osnap_05,O1,3,False,0.086,True,False,False,False,,False,False,
osnap_05,O1,4,False,0.103,True,False,False,False,,False,False,
osnap_05,O1,5,False,0.086,True,False,False,False,,False,False,
osnap_04,O4,6,False,0.029,True,True,False,False,,False,False,
osnap_05,O1,6,,,True,False,False,False,,False,False,
osnap_05,O1,7,False,0.092,True,False,False,False,,False,False,
osnap_05,O1,8,False,0.093,True,False,False,False,,False,False,
osnap_05,O1,9,False,0.101,True,False,False,False,,False,False,
osnap_05,O1,10,False,0.093,True,False,False,False,,False,False,
osnap_05,O1,11,False,0.082,True,False,False,False,,False,False,
osnap_05,O1,12,False,0.104,True,False,False,False,,False,False,
osnap_05,O1,13,False,0.09,True,False,False,False,,False,False,
osnap_05,O1,14,False,0.092,True,False,False,False,,False,False,
osnap_05,O1,15,False,0.109,True,False,False,False,,False,False,
osnap_05,O3,0,False,0.076,True,False,False,False,,False,False,
osnap_05,O3,1,False,0.077,True,False,False,False,,False,False,
osnap_05,O3,2,False,0.082,True,False,False,False,,False,False,
osnap_05,O3,3,False,0.082,True,False,False,False,,False,False,
osnap_05,O3,4,False,0.083,True,False,False,False,,False,False,
osnap_04,O4,7,False,0.033,False,True,False,False,,False,False,
osnap_05,O3,5,False,0.082,True,False,False,False,,False,False,
osnap_05,O3,6,False,0.083,True,False,False,False,,False,False,
osnap_05,O3,7,False,0.079,True,False,False,False,,False,False,
osnap_06,O0,0,False,0.083,True,False,False,False,,False,False,
osnap_06,O0,1,False,0.093,True,False,False,False,,False,False,
osnap_06,O0,2,False,0.084,False,False,False,False,,False,False,
osnap_06,O0,3,False,0.133,False,False,False,False,,False,False,
osnap_06,O0,4,False,0.094,True,False,False,False,,False,False,
osnap_06,O0,5,False,0.09,True,False,False,False,,False,False,
osnap_06,O0,6,False,0.089,True,False,False,False,,False,False,
osnap_06,O0,7,False,0.104,True,False,False,False,,False,False,
osnap_06,O1,0,False,0.088,True,False,False,False,,False,False,
osnap_06,O1,1,False,0.1,True,False,False,False,,False,False,
osnap_05,O4,0,False,0.1,True,True,False,False,,False,False,
osnap_06,O1,2,False,0.099,True,False,False,False,,False,False,
osnap_06,O1,3,False,0.09,True,False,False,False,,False,False,
osnap_06,O1,4,False,0.096,True,False,False,False,,False,False,
osnap_06,O1,5,False,0.094,True,False,False,False,,False,False,
osnap_06,O1,6,False,0.096,True,False,False,False,,False,False,
osnap_06,O1,7,False,0.092,True,False,False,False,,False,False,
osnap_06,O1,8,False,0.084,True,False,False,False,,False,False,
osnap_06,O1,9,False,0.093,True,False,False,False,,False,False,
osnap_06,O1,10,False,0.075,True,False,False,False,,False,False,
osnap_06,O1,11,False,0.125,True,False,False,False,,False,False,
osnap_06,O1,12,False,0.09,True,False,False,False,,False,False,
osnap_06,O1,13,False,0.088,True,False,False,False,,False,False,
osnap_06,O1,14,False,0.091,True,False,False,False,,False,False,
osnap_06,O1,15,False,0.094,True,False,False,False,,False,False,
osnap_05,O4,1,False,0.098,True,True,False,False,,False,False,
osnap_05,O4,2,False,0.086,True,False,False,False,,False,False,
osnap_06,O4,0,False,0.091,True,True,False,False,,False,False,
osnap_05,O4,3,False,0.1,True,False,False,False,,False,False,
osnap_06,O4,1,False,0.117,True,True,False,False,,False,False,
osnap_05,O4,4,False,0.101,True,True,False,False,,False,False,
osnap_06,O4,2,False,0.092,True,True,False,False,,False,False,
osnap_06,O4,3,False,0.107,True,True,False,False,,False,False,
osnap_05,O4,5,False,0.095,True,False,False,False,,False,False,
osnap_06,O4,4,False,0.085,True,False,False,False,,False,False,
osnap_05,O4,6,False,0.095,True,True,False,False,,False,False,
osnap_06,O4,5,False,0.137,True,True,False,False,,False,False,
osnap_05,O4,7,False,0.131,True,True,False,False,,False,False,
osnap_07,O0,0,False,0.078,True,True,False,False,,False,False,
osnap_07,O0,1,False,0.045,True,True,False,False,,False,False,
osnap_07,O0,2,False,0.077,True,True,False,False,,False,False,
osnap_06,O4,6,False,0.054,True,True,False,False,,False,False,
osnap_07,O0,3,False,0.102,True,True,False,False,,False,False,
osnap_07,O0,4,False,0.109,False,True,False,False,,False,False,
osnap_07,O0,5,False,0.111,False,True,False,False,,False,False,
osnap_07,O0,6,False,0.114,False,True,False,False,,False,False,
osnap_07,O0,7,False,0.101,False,True,False,False,,False,False,
osnap_07,O1,0,False,0.072,True,True,False,False,,False,False,
osnap_07,O1,1,False,0.079,True,True,False,False,,False,False,
osnap_06,O4,7,False,0.079,True,True,False,False,,False,False,
osnap_07,O1,2,False,0.08,True,True,False,False,,False,False,
osnap_07,O1,3,False,0.086,True,True,False,False,,False,False,
osnap_07,O1,4,False,0.079,True,True,False,False,,False,False,
osnap_07,O1,5,False,0.066,True,True,False,False,,False,False,
osnap_07,O1,6,False,0.071,True,True,False,False,,False,False,
osnap_08,O0,0,False,0.011,True,True,False,False,,False,False,
osnap_07,O1,7,False,0.082,True,True,False,False,,False,False,
osnap_07,O1,8,False,0.072,True,True,False,False,,False,False,
osnap_08,O0,1,False,0.011,True,True,False,False,,False,False,
osnap_07,O1,9,False,0.076,True,True,False,False,,False,False,
osnap_08,O0,2,False,0.008,True,True,False,False,,False,False,
osnap_07,O1,10,False,0.078,True,True,False,False,,False,False,
osnap_07,O1,11,False,0.075,True,True,False,False,,False,False,
osnap_07,O1,12,False,0.082,True,True,False,False,,False,False,
osnap_08,O0,3,False,0.01,True,True,False,False,,False,False,
osnap_07,O1,13,False,0.06,True,True,False,False,,False,False,
osnap_07,O1,14,False,0.06,True,True,False,False,,False,False,
osnap_07,O1,15,False,0.076,True,True,False,False,,False,False,
osnap_07,O2,0,False,0.077,True,True,False,False,,False,False,
osnap_07,O2,1,False,0.033,True,True,False,False,,False,False,
osnap_07,O2,2,False,0.067,True,True,False,False,,False,False,
osnap_07,O2,3,False,0.082,True,True,False,False,,False,False,
osnap_07,O2,4,False,0.043,True,True,False,False,,False,False,
osnap_07,O2,5,False,0.092,True,True,False,False,,False,False,
osnap_07,O2,6,,,True,True,False,False,,False,False,
osnap_07,O2,7,False,0.094,True,True,False,False,,False,False,
osnap_07,O2,8,False,0.062,True,True,False,False,,False,False,
osnap_07,O2,9,False,0.014,True,True,False,False,,False,False,
osnap_07,O2,10,False,0.016,True,True,False,False,,False,False,
osnap_08,O1,0,False,0.009,True,True,False,False,,False,False,
osnap_07,O2,11,False,0.026,True,True,False,False,,False,False,
osnap_08,O1,1,False,0.012,True,True,False,False,,False,False,
osnap_08,O1,2,False,0.013,True,True,False,False,,False,False,
osnap_07,O2,12,False,0.025,True,True,False,False,,False,False,
osnap_08,O1,3,False,0.011,True,True,False,False,,False,False,
osnap_08,O1,4,False,0.011,True,True,False,False,,False,False,
osnap_07,O2,13,False,0.072,True,True,False,False,,False,False,
osnap_08,O1,5,False,0.011,True,True,False,False,,False,False,
osnap_07,O2,14,False,0.06,True,True,False,False,,False,False,
osnap_08,O1,6,False,0.012,True,True,False,False,,False,False,
osnap_08,O1,7,False,0.009,True,True,False,False,,False,False,
osnap_07,O2,15,False,0.069,True,True,False,False,,False,False,
osnap_08,O1,8,,,True,True,False,False,,False,False,
osnap_08,O1,9,False,0.011,True,True,False,False,,False,False,
osnap_08,O1,10,False,0.01,True,True,False,False,,False,False,
osnap_08,O1,11,False,0.011,True,True,False,False,,False,False,
osnap_08,O1,12,False,0.012,True,True,False,False,,False,False,
osnap_08,O1,13,False,0.01,True,True,False,False,,False,False,
osnap_08,O1,14,False,0.011,True,True,False,False,,False,False,
osnap_08,O1,15,False,0.011,True,True,False,False,,False,False,
osnap_07,O3,0,False,0.084,True,True,False,False,,False,False,
osnap_07,O3,1,False,0.122,True,True,False,False,,False,False,
osnap_07,O3,2,False,0.08,True,True,False,False,,False,False,
osnap_07,O3,3,False,0.085,True,True,False,False,,False,False,
osnap_07,O3,4,False,0.084,True,True,False,False,,False,False,
osnap_07,O3,5,False,0.083,True,True,False,False,,False,False,
osnap_07,O3,6,False,0.061,True,True,False,False,,False,False,
osnap_07,O3,7,False,0.094,False,True,False,False,,False,False,
osnap_07,O4,0,False,0.083,True,True,False,False,,False,False,
osnap_09,O1,0,True,0.941,True,True,True,True,pi0_doubled,False,False,
osnap_09,O1,1,True,0.93,True,True,True,True,pi0_doubled,False,False,
osnap_09,O1,2,True,0.926,True,True,True,True,pi0_doubled,False,False,
osnap_09,O1,3,True,0.934,True,True,True,True,pi0_doubled,False,False,
osnap_09,O1,4,True,0.949,True,True,True,True,pi0_doubled,False,False,
osnap_09,O1,5,True,0.926,True,True,True,True,pi0_doubled,False,False,
osnap_09,O1,6,True,0.895,True,True,True,True,pi0_doubled,False,False,
osnap_09,O1,7,True,0.941,True,True,True,True,pi0_doubled,False,False,
osnap_09,O1,8,True,0.934,True,True,True,True,pi0_doubled,False,False,
osnap_09,O1,9,True,0.941,True,True,True,True,pi0_doubled,False,False,
osnap_09,O1,10,True,0.941,True,True,True,True,pi0_doubled,False,False,
osnap_09,O1,11,True,0.941,True,True,True,True,pi0_doubled,False,False,
osnap_07,O4,1,False,0.078,True,True,False,False,,False,False,
osnap_09,O1,12,True,0.941,True,True,True,True,pi0_doubled,False,False,
osnap_09,O1,13,True,0.938,True,True,True,True,pi0_doubled,False,False,
osnap_09,O1,14,True,0.953,True,True,True,True,pi0_doubled,False,False,
osnap_09,O1,15,True,0.906,True,True,True,True,pi0_doubled,False,False,
osnap_07,O4,2,False,0.086,True,True,False,False,,False,False,
osnap_09,O2,0,True,0.926,True,True,True,True,pi0_doubled,False,False,
osnap_09,O2,1,True,0.938,True,True,True,True,pi0_doubled,False,False,
osnap_09,O2,2,True,0.938,True,True,True,True,pi0_doubled,False,False,
osnap_09,O2,3,True,0.91,True,True,True,True,pi0_doubled,False,False,
osnap_09,O2,4,True,0.941,True,True,True,True,pi0_doubled,False,False,
osnap_09,O2,5,True,0.922,True,True,True,True,pi0_doubled,False,False,
osnap_09,O2,6,True,0.93,True,True,True,True,pi0_doubled,False,False,
osnap_09,O2,7,True,0.938,True,True,True,True,pi0_doubled,False,False,
osnap_09,O2,8,True,0.914,True,True,True,True,pi0_doubled,False,False,
osnap_09,O2,9,True,0.93,True,True,True,True,pi0_doubled,False,False,
osnap_09,O2,10,True,0.781,True,True,True,True,pi0_doubled,False,False,
osnap_07,O4,3,False,0.078,True,True,False,False,,False,False,
osnap_09,O2,11,,,True,True,False,False,,False,False,
osnap_09,O2,12,True,0.914,True,True,True,True,pi0_doubled,False,False,
osnap_09,O2,13,True,0.934,True,True,True,True,pi0_doubled,False,False,
osnap_09,O2,14,True,0.914,True,True,True,True,pi0_doubled,False,False,
osnap_09,O2,15,True,0.914,True,True,True,True,pi0_doubled,False,False,
osnap_09,O4,0,True,0.934,True,True,True,True,pi0_doubled,False,False,
osnap_07,O4,4,,,True,True,False,False,,False,False,
osnap_07,O4,5,False,0.054,True,True,False,False,,False,False,
osnap_09,O4,1,True,0.906,True,True,True,True,pi0_doubled,False,False,
osnap_07,O4,6,False,0.095,True,False,False,False,,False,False,
osnap_07,O4,7,False,0.087,True,True,False,False,,False,False,
osnap_09,O4,2,True,0.934,True,True,True,True,pi0_doubled,False,False,
osnap_10,O0,0,False,0.122,True,True,False,False,,False,False,
osnap_10,O0,1,False,0.121,True,True,False,False,,False,False,
osnap_10,O0,2,False,0.12,True,True,False,False,,False,False,
osnap_10,O0,3,False,0.123,True,True,False,False,,False,False,
osnap_10,O0,4,False,0.12,True,True,False,False,,False,False,
osnap_10,O0,5,False,0.122,True,True,False,False,,False,False,
osnap_10,O0,6,False,0.125,True,True,False,False,,False,False,
osnap_10,O0,7,False,0.125,True,True,False,False,,False,False,
osnap_10,O1,0,False,0.087,True,True,False,False,,False,False,
osnap_10,O1,1,False,0.109,True,True,False,False,,False,False,
osnap_10,O1,2,False,0.127,True,True,False,False,,False,False,
osnap_10,O1,3,False,0.096,True,True,False,False,,False,False,
osnap_10,O1,4,False,0.103,True,True,False,False,,False,False,
osnap_10,O1,5,False,0.098,True,True,False,False,,False,False,
osnap_10,O1,6,False,0.103,True,True,False,False,,False,False,
osnap_10,O1,7,False,0.098,True,True,False,False,,False,False,
osnap_10,O1,8,False,0.118,True,True,False,False,,False,False,
osnap_10,O1,9,False,0.106,True,True,False,False,,False,False,
osnap_10,O1,10,False,0.109,True,True,False,False,,False,False,
osnap_10,O1,11,False,0.091,True,True,False,False,,False,False,
osnap_10,O1,12,False,0.103,True,True,False,False,,False,False,
osnap_10,O1,13,False,0.111,True,True,False,False,,False,False,
osnap_10,O1,14,False,0.104,True,True,False,False,,False,False,
osnap_10,O1,15,False,0.1,True,True,False,False,,False,False,
osnap_09,O4,3,True,0.828,True,True,True,True,pi0_doubled,False,False,
osnap_11,O0,0,False,0.034,True,True,False,False,,False,False,
osnap_11,O0,1,False,0.029,True,True,False,False,,False,False,
osnap_11,O0,2,False,0.032,True,True,False,False,,False,False,
osnap_11,O0,3,False,0.031,True,False,False,False,,False,False,
osnap_11,O0,4,False,0.038,True,True,False,False,,False,False,
osnap_11,O0,5,False,0.03,True,True,False,False,,False,False,
osnap_11,O0,6,False,0.03,True,True,False,False,,False,False,
osnap_09,O4,4,True,0.926,True,True,True,True,pi0_doubled,False,False,
osnap_11,O0,7,False,0.027,True,True,False,False,,False,False,
osnap_09,O4,5,True,0.926,True,True,True,True,pi0_doubled,True,True,
osnap_11,O4,0,False,0.039,True,True,False,False,,False,False,
osnap_11,O4,1,False,0.034,True,True,False,False,,False,False,
osnap_09,O4,6,True,0.906,True,True,True,True,pi0_doubled,False,False,
osnap_11,O4,2,False,0.041,True,True,False,False,,False,False,
osnap_11,O4,3,False,0.036,True,True,False,False,,False,False,
osnap_09,O4,7,True,0.855,True,True,True,True,pi0_doubled,False,False,
osnap_11,O4,4,False,0.025,True,True,False,False,,False,False,
osnap_11,O4,5,False,0.032,True,True,False,False,,False,False,
osnap_11,O4,6,False,0.036,True,True,False,False,,False,False,
osnap_11,O4,7,False,0.031,True,True,False,False,,False,False,
osnap_08,O0,4,,,True,True,False,False,,False,False,
osnap_08,O0,5,False,0.009,True,True,False,False,,False,False,
osnap_08,O0,6,False,0.009,True,True,False,False,,False,False,
osnap_08,O0,7,False,0.009,True,True,False,False,,False,False,
osnap_09,O0,0,True,0.938,True,True,True,True,pi0_doubled,True,True,
osnap_09,O0,1,True,0.934,True,True,True,True,pi0_doubled,True,True,
osnap_09,O0,2,True,0.934,True,True,True,True,pi0_doubled,True,True,
osnap_09,O0,3,True,0.945,True,True,True,True,pi0_doubled,True,True,
osnap_09,O0,4,True,0.949,True,True,True,True,pi0_doubled,True,True,
osnap_09,O0,5,True,0.938,True,True,True,True,pi0_doubled,True,True,
osnap_11,O1,0,False,0.034,True,True,False,False,,False,False,
osnap_11,O1,1,False,0.034,True,False,False,False,,False,False,
osnap_11,O1,2,False,0.031,True,True,False,False,,False,False,
osnap_09,O0,6,True,0.887,True,True,True,True,pi0_doubled,True,True,
osnap_11,O1,3,False,0.035,True,False,False,False,,False,False,
osnap_11,O1,4,False,0.026,True,True,False,False,,False,False,
osnap_09,O0,7,True,0.895,True,True,True,True,pi0_doubled,True,True,
osnap_11,O1,5,False,0.033,True,False,False,False,,False,False,
osnap_11,O1,6,False,0.034,True,False,False,False,,False,False,
osnap_11,O1,7,False,0.035,True,False,False,False,,False,False,
osnap_11,O1,8,False,0.037,True,False,False,False,,False,False,
osnap_11,O1,9,False,0.038,True,True,False,False,,False,False,
osnap_11,O1,10,False,0.033,True,False,False,False,,False,False,
osnap_11,O1,11,False,0.032,True,True,False,False,,False,False,
osnap_11,O1,12,,,True,False,False,False,,False,False,
osnap_11,O1,13,False,0.037,True,False,False,False,,False,False,
osnap_11,O1,14,False,0.031,True,False,False,False,,False,False,
osnap_11,O1,15,False,0.037,True,False,False,False,,False,False,
osnap_09,O3,0,True,0.93,True,True,True,True,pi0_doubled,False,False,
osnap_09,O3,1,True,0.953,True,True,True,True,pi0_doubled,False,False,
osnap_09,O3,2,True,0.938,True,True,True,True,pi0_doubled,False,False,
osnap_09,O3,3,True,0.949,True,True,True,True,pi0_doubled,False,False,
osnap_09,O3,4,True,0.938,True,True,True,True,pi0_doubled,False,False,
osnap_09,O3,5,True,0.953,True,True,True,True,pi0_doubled,False,False,
osnap_09,O3,6,True,0.938,True,True,True,True,pi0_doubled,False,False,
osnap_09,O3,7,True,0.949,True,True,True,True,pi0_doubled,False,False,
