pair,suite_a,suite_b,task,seed,a_success,b_success,a_turns,b_turns,a_perc,b_perc,a_act,b_act,a_red,b_red,a_steps,b_steps,a_ratio,b_ratio,a_reason,b_reason
spatial_task vs spatial_swap,spatial_task,spatial_swap,0,0,True,True,60,37,30,28,23,8,9,14,23,8,0.45,0.64,success,success
spatial_task vs spatial_swap,spatial_task,spatial_swap,0,1,False,True,11,37,7,22,0,11,3,9,0,11,0.54,0.48,perception_loop,success
spatial_task vs spatial_swap,spatial_task,spatial_swap,0,2,False,True,40,36,25,19,9,9,9,8,9,8,0.54,0.49,placement_fail,success
spatial_task vs spatial_swap,spatial_task,spatial_swap,0,3,False,True,40,36,30,22,9,7,15,10,9,7,0.6,0.5,placement_fail,success
spatial_task vs spatial_swap,spatial_task,spatial_swap,0,4,False,False,40,40,25,30,10,7,10,8,10,7,0.6,0.64,placement_fail,grasp_fail
spatial_task vs spatial_swap,spatial_task,spatial_swap,0,5,False,False,40,40,21,28,12,6,4,8,12,6,0.49,0.64,placement_fail,placement_fail
spatial_task vs spatial_swap,spatial_task,spatial_swap,0,6,True,False,40,40,21,28,10,11,6,9,10,11,0.5,0.53,success,placement_fail
spatial_task vs spatial_swap,spatial_task,spatial_swap,0,7,False,False,15,40,8,25,0,8,6,8,0,8,0.44,0.6,perception_loop,placement_fail
spatial_task vs spatial_swap,spatial_task,spatial_swap,0,8,True,False,40,38,27,23,9,9,10,9,9,9,0.61,0.53,success,early_stop
spatial_task vs spatial_swap,spatial_task,spatial_swap,0,9,True,True,36,32,22,21,9,9,7,11,9,8,0.54,0.55,success,success
spatial_task vs spatial_swap,spatial_task,spatial_swap,0,10,True,True,30,37,16,21,10,9,5,11,10,9,0.47,0.49,success,success
spatial_task vs spatial_swap,spatial_task,spatial_swap,1,0,True,True,36,28,18,13,10,9,7,4,10,8,0.46,0.43,success,success
spatial_task vs spatial_swap,spatial_task,spatial_swap,1,1,True,True,40,35,31,17,10,8,8,7,10,8,0.61,0.46,success,success
spatial_task vs spatial_swap,spatial_task,spatial_swap,1,2,False,True,40,29,20,17,16,10,8,7,16,10,0.43,0.5,grasp_fail,success
spatial_task vs spatial_swap,spatial_task,spatial_swap,1,3,True,True,37,30,23,14,11,9,10,7,11,9,0.53,0.44,success,success
spatial_task vs spatial_swap,spatial_task,spatial_swap,1,4,False,True,40,36,22,21,12,10,6,9,12,10,0.52,0.51,grasp_fail,success
spatial_task vs spatial_swap,spatial_task,spatial_swap,1,5,False,False,40,40,25,29,8,13,10,10,8,13,0.6,0.62,placement_fail,placement_fail
spatial_task vs spatial_swap,spatial_task,spatial_swap,1,6,False,False,40,40,24,18,13,10,8,10,13,10,0.48,0.41,grasp_fail,placement_fail
spatial_task vs spatial_swap,spatial_task,spatial_swap,1,7,False,True,40,31,26,14,11,9,11,7,11,9,0.55,0.4,placement_fail,success
spatial_task vs spatial_swap,spatial_task,spatial_swap,1,8,False,True,40,33,29,14,11,10,8,6,11,10,0.58,0.4,placement_fail,success
spatial_task vs spatial_swap,spatial_task,spatial_swap,1,9,True,False,40,40,26,21,12,14,9,4,12,14,0.54,0.5,success,placement_fail
spatial_task vs spatial_swap,spatial_task,spatial_swap,1,10,False,False,40,40,26,21,11,12,12,7,11,12,0.57,0.5,placement_fail,placement_fail
spatial_task vs spatial_swap,spatial_task,spatial_swap,2,0,True,True,36,20,21,9,10,2,11,3,10,2,0.48,0.36,success,success
spatial_task vs spatial_swap,spatial_task,spatial_swap,2,1,True,True,24,25,12,12,3,4,8,6,3,4,0.46,0.41,success,success
spatial_task vs spatial_swap,spatial_task,spatial_swap,2,2,False,True,14,18,10,15,0,2,10,11,0,2,0.48,0.62,perception_loop,success
spatial_task vs spatial_swap,spatial_task,spatial_swap,2,3,False,True,40,21,30,15,10,2,18,12,10,2,0.59,0.58,placement_fail,success
spatial_task vs spatial_swap,spatial_task,spatial_swap,2,4,False,True,40,24,21,10,14,5,8,7,14,5,0.45,0.38,placement_fail,success
spatial_task vs spatial_swap,spatial_task,spatial_swap,2,5,True,True,38,23,21,14,9,2,7,9,9,2,0.5,0.5,success,success
spatial_task vs spatial_swap,spatial_task,spatial_swap,2,6,True,False,40,40,18,29,15,10,7,10,14,10,0.43,0.62,success,placement_fail
spatial_task vs spatial_swap,spatial_task,spatial_swap,2,7,False,True,40,19,21,10,14,2,7,5,14,2,0.48,0.43,placement_fail,success
spatial_task vs spatial_swap,spatial_task,spatial_swap,2,8,True,True,20,33,11,19,5,7,5,10,5,7,0.44,0.49,success,success
spatial_task vs spatial_swap,spatial_task,spatial_swap,2,9,False,True,40,25,25,16,14,2,12,9,14,2,0.52,0.53,placement_fail,success
spatial_task vs spatial_swap,spatial_task,spatial_swap,2,10,True,True,25,32,12,20,5,4,7,8,5,4,0.41,0.51,success,success
spatial_task vs spatial_swap,spatial_task,spatial_swap,3,0,False,True,0,60,0,33,0,26,0,9,0,26,0.0,0.49,infra_crash,success
spatial_task vs spatial_swap,spatial_task,spatial_swap,3,1,False,False,40,16,23,7,16,1,9,6,16,1,0.48,0.39,grasp_fail,early_stop
spatial_task vs spatial_swap,spatial_task,spatial_swap,3,2,False,True,40,37,23,16,12,12,6,6,12,12,0.52,0.41,grasp_fail,success
spatial_task vs spatial_swap,spatial_task,spatial_swap,3,3,False,False,40,40,25,21,10,14,6,6,10,14,0.6,0.5,grasp_fail,placement_fail
spatial_task vs spatial_swap,spatial_task,spatial_swap,3,4,False,False,40,40,27,22,14,13,16,7,14,13,0.54,0.5,placement_fail,placement_fail
spatial_task vs spatial_swap,spatial_task,spatial_swap,3,5,True,False,40,40,21,23,13,11,9,10,13,11,0.46,0.52,success,grasp_fail
spatial_task vs spatial_swap,spatial_task,spatial_swap,3,6,True,False,40,40,18,25,15,14,5,9,15,14,0.42,0.54,success,placement_fail
spatial_task vs spatial_swap,spatial_task,spatial_swap,3,7,False,False,40,40,25,19,9,16,8,10,9,16,0.53,0.42,grasp_fail,grasp_fail
spatial_task vs spatial_swap,spatial_task,spatial_swap,3,8,False,False,40,40,26,28,12,17,16,14,12,17,0.55,0.56,grasp_fail,grasp_fail
spatial_task vs spatial_swap,spatial_task,spatial_swap,3,9,True,False,40,40,23,24,8,9,7,13,8,9,0.52,0.53,success,grasp_fail
spatial_task vs spatial_swap,spatial_task,spatial_swap,3,10,False,False,40,40,19,20,19,13,11,8,19,13,0.41,0.45,grasp_fail,grasp_fail
spatial_task vs spatial_swap,spatial_task,spatial_swap,4,0,True,False,55,100,36,53,13,43,13,17,13,43,0.6,0.51,success,grasp_fail
spatial_task vs spatial_swap,spatial_task,spatial_swap,5,0,True,True,40,33,27,22,8,7,11,8,8,7,0.59,0.54,success,success
spatial_task vs spatial_swap,spatial_task,spatial_swap,5,1,False,True,40,34,26,19,9,9,7,9,9,9,0.59,0.49,placement_fail,success
spatial_task vs spatial_swap,spatial_task,spatial_swap,5,2,True,True,36,39,20,23,8,10,8,13,8,10,0.49,0.56,success,success
spatial_task vs spatial_swap,spatial_task,spatial_swap,5,3,False,True,40,40,29,22,5,9,9,9,5,9,0.67,0.5,placement_fail,success
spatial_task vs spatial_swap,spatial_task,spatial_swap,5,4,True,False,33,40,15,35,10,6,4,10,10,6,0.41,0.67,success,grasp_fail
spatial_task vs spatial_swap,spatial_task,spatial_swap,5,5,False,True,40,34,27,19,10,8,12,10,10,8,0.56,0.5,placement_fail,success
spatial_task vs spatial_swap,spatial_task,spatial_swap,5,6,True,True,40,40,19,24,13,10,5,13,13,9,0.44,0.53,success,success
spatial_task vs spatial_swap,spatial_task,spatial_swap,5,7,True,True,40,36,26,18,11,9,9,9,11,9,0.58,0.46,success,success
spatial_task vs spatial_swap,spatial_task,spatial_swap,5,8,True,True,31,38,24,21,8,7,9,11,8,7,0.56,0.51,success,success
spatial_task vs spatial_swap,spatial_task,spatial_swap,5,9,True,True,40,29,29,14,7,7,14,5,7,7,0.58,0.44,success,success
spatial_task vs spatial_swap,spatial_task,spatial_swap,5,10,True,False,33,40,18,26,7,9,6,8,7,9,0.5,0.59,success,placement_fail
spatial_task vs spatial_swap,spatial_task,spatial_swap,6,0,True,True,49,60,32,36,14,20,16,14,14,20,0.57,0.55,success,success
spatial_task vs spatial_swap,spatial_task,spatial_swap,6,1,False,False,40,40,23,22,11,12,7,9,11,12,0.55,0.49,placement_fail,grasp_fail
spatial_task vs spatial_swap,spatial_task,spatial_swap,6,2,True,False,26,40,15,20,6,16,7,10,6,16,0.48,0.43,success,placement_fail
spatial_task vs spatial_swap,spatial_task,spatial_swap,6,3,False,False,40,40,26,27,10,13,12,9,10,13,0.58,0.56,grasp_fail,grasp_fail
spatial_task vs spatial_swap,spatial_task,spatial_swap,6,4,False,False,40,40,23,24,11,8,8,9,11,8,0.52,0.57,placement_fail,placement_fail
spatial_task vs spatial_swap,spatial_task,spatial_swap,6,5,False,False,40,40,23,22,12,12,7,7,12,12,0.55,0.54,grasp_fail,grasp_fail
spatial_task vs spatial_swap,spatial_task,spatial_swap,6,6,False,False,40,40,27,24,6,12,11,14,6,12,0.63,0.51,grasp_fail,grasp_fail
spatial_task vs spatial_swap,spatial_task,spatial_swap,6,7,False,False,40,40,25,21,15,11,10,12,15,11,0.51,0.5,placement_fail,grasp_fail
spatial_task vs spatial_swap,spatial_task,spatial_swap,6,8,True,False,30,40,17,22,6,12,9,9,6,12,0.53,0.51,success,grasp_fail
spatial_task vs spatial_swap,spatial_task,spatial_swap,6,9,True,False,33,40,17,19,7,14,7,7,7,14,0.49,0.42,success,grasp_fail
spatial_task vs spatial_swap,spatial_task,spatial_swap,6,10,False,False,40,27,23,21,10,5,9,15,10,5,0.52,0.58,placement_fail,early_stop
spatial_task vs spatial_swap,spatial_task,spatial_swap,7,0,False,True,0,45,0,25,0,11,0,7,0,11,0.0,0.52,infra_crash,success
spatial_task vs spatial_swap,spatial_task,spatial_swap,7,1,False,False,40,40,26,28,8,6,14,17,8,6,0.62,0.64,grasp_fail,grasp_fail
spatial_task vs spatial_swap,spatial_task,spatial_swap,7,2,False,False,40,40,17,26,17,9,4,13,17,9,0.39,0.58,placement_fail,placement_fail
spatial_task vs spatial_swap,spatial_task,spatial_swap,7,3,True,False,27,40,17,23,8,11,6,9,8,11,0.52,0.55,success,placement_fail
spatial_task vs spatial_swap,spatial_task,spatial_swap,7,4,True,False,34,40,18,25,8,9,8,10,8,9,0.47,0.6,success,grasp_fail
spatial_task vs spatial_swap,spatial_task,spatial_swap,7,5,True,True,25,40,14,29,7,11,4,11,7,11,0.48,0.64,success,success
spatial_task vs spatial_swap,spatial_task,spatial_swap,7,6,True,True,37,37,20,19,10,9,9,10,10,9,0.48,0.49,success,success
spatial_task vs spatial_swap,spatial_task,spatial_swap,7,7,False,True,40,37,23,23,12,10,7,8,12,10,0.52,0.56,placement_fail,success
spatial_task vs spatial_swap,spatial_task,spatial_swap,7,8,True,False,24,40,11,27,8,11,5,10,8,11,0.42,0.6,success,placement_fail
spatial_task vs spatial_swap,spatial_task,spatial_swap,7,9,True,False,40,40,27,28,10,10,14,11,10,10,0.56,0.61,success,placement_fail
spatial_task vs spatial_swap,spatial_task,spatial_swap,7,10,True,False,40,40,20,26,11,11,9,10,11,11,0.48,0.55,success,placement_fail
spatial_task vs spatial_swap,spatial_task,spatial_swap,8,0,True,True,35,52,17,29,10,20,6,8,10,20,0.45,0.48,success,success
spatial_task vs spatial_swap,spatial_task,spatial_swap,8,1,True,True,38,40,19,25,10,9,6,12,10,9,0.46,0.56,success,success
spatial_task vs spatial_swap,spatial_task,spatial_swap,8,2,True,False,31,15,14,9,9,3,6,4,9,3,0.42,0.53,success,early_stop
spatial_task vs spatial_swap,spatial_task,spatial_swap,8,3,True,False,33,3,16,3,10,0,7,3,10,0,0.43,0.6,success,perception_loop
spatial_task vs spatial_swap,spatial_task,spatial_swap,8,4,True,False,28,3,16,0,8,0,10,0,8,0,0.44,0.0,success,perception_loop
spatial_task vs spatial_swap,spatial_task,spatial_swap,8,5,False,True,40,31,28,18,10,9,10,11,10,9,0.6,0.5,placement_fail,success
spatial_task vs spatial_swap,spatial_task,spatial_swap,8,6,True,False,32,40,19,21,8,12,8,10,8,12,0.47,0.48,success,placement_fail
spatial_task vs spatial_swap,spatial_task,spatial_swap,8,7,True,False,32,40,15,22,9,14,5,9,9,14,0.44,0.49,success,placement_fail
spatial_task vs spatial_swap,spatial_task,spatial_swap,8,8,True,True,34,40,15,20,10,15,4,7,10,15,0.42,0.43,success,success
spatial_task vs spatial_swap,spatial_task,spatial_swap,8,9,True,True,28,35,22,18,7,9,10,9,7,9,0.55,0.45,success,success
spatial_task vs spatial_swap,spatial_task,spatial_swap,8,10,True,True,36,32,22,15,9,9,10,7,9,9,0.56,0.42,success,success
spatial_task vs spatial_swap,spatial_task,spatial_swap,9,0,True,True,45,40,28,20,9,10,12,9,9,10,0.56,0.45,success,success
spatial_task vs spatial_swap,spatial_task,spatial_swap,9,1,False,False,40,40,30,17,10,16,15,9,10,16,0.6,0.39,grasp_fail,placement_fail
spatial_task vs spatial_swap,spatial_task,spatial_swap,9,2,True,True,38,39,18,19,12,12,7,10,12,11,0.45,0.46,success,success
spatial_task vs spatial_swap,spatial_task,spatial_swap,9,3,False,False,40,40,24,24,7,13,14,12,7,13,0.55,0.52,grasp_fail,grasp_fail
spatial_task vs spatial_swap,spatial_task,spatial_swap,9,4,True,False,39,40,20,34,10,10,9,15,10,10,0.47,0.63,success,grasp_fail
spatial_task vs spatial_swap,spatial_task,spatial_swap,9,5,True,True,37,40,20,23,11,10,10,10,11,10,0.45,0.5,success,success
spatial_task vs spatial_swap,spatial_task,spatial_swap,9,6,False,False,40,40,29,25,9,8,13,10,9,8,0.62,0.58,placement_fail,grasp_fail
spatial_task vs spatial_swap,spatial_task,spatial_swap,9,7,True,True,40,30,25,20,10,10,6,8,10,10,0.6,0.54,success,success
spatial_task vs spatial_swap,spatial_task,spatial_swap,9,8,False,True,40,37,20,16,12,10,8,8,12,10,0.48,0.39,placement_fail,success
spatial_task vs spatial_swap,spatial_task,spatial_swap,9,9,True,False,32,40,16,19,10,15,9,6,10,15,0.41,0.43,success,placement_fail
spatial_task vs spatial_swap,spatial_task,spatial_swap,9,10,True,False,40,40,24,28,12,13,8,7,12,13,0.53,0.62,success,placement_fail
goal_task vs goal_swap,goal_task,goal_swap,0,0,False,False,7,96,2,48,0,29,2,12,0,29,0.18,0.49,perception_loop,placement_fail
goal_task vs goal_swap,goal_task,goal_swap,1,0,True,True,62,52,43,29,14,12,15,11,14,12,0.64,0.53,success,success
goal_task vs goal_swap,goal_task,goal_swap,1,1,False,True,40,34,24,27,13,7,11,16,13,7,0.55,0.63,placement_fail,success
goal_task vs goal_swap,goal_task,goal_swap,1,2,False,False,40,40,26,25,7,7,15,14,7,7,0.57,0.57,grasp_fail,grasp_fail
goal_task vs goal_swap,goal_task,goal_swap,1,3,True,True,29,31,11,15,9,8,4,6,9,8,0.32,0.42,success,success
goal_task vs goal_swap,goal_task,goal_swap,1,4,True,False,40,40,23,31,11,10,13,20,11,10,0.5,0.61,success,grasp_fail
goal_task vs goal_swap,goal_task,goal_swap,1,5,False,False,40,40,17,22,15,10,7,8,15,10,0.4,0.52,grasp_fail,grasp_fail
goal_task vs goal_swap,goal_task,goal_swap,1,6,True,True,40,33,20,18,12,7,9,9,12,7,0.45,0.4,success,success
goal_task vs goal_swap,goal_task,goal_swap,1,7,True,False,34,40,13,22,10,9,4,9,10,9,0.35,0.5,success,grasp_fail
goal_task vs goal_swap,goal_task,goal_swap,1,8,False,False,40,40,22,26,10,11,10,8,10,11,0.52,0.54,grasp_fail,grasp_fail
goal_task vs goal_swap,goal_task,goal_swap,1,9,True,False,39,40,25,30,13,1,9,29,13,1,0.46,0.65,success,reach_plan_fail
goal_task vs goal_swap,goal_task,goal_swap,1,10,True,False,35,40,15,23,10,7,7,8,10,7,0.39,0.55,success,grasp_fail
goal_task vs goal_swap,goal_task,goal_swap,2,0,True,True,71,42,40,20,20,14,12,11,20,14,0.55,0.43,success,success
goal_task vs goal_swap,goal_task,goal_swap,2,1,False,False,40,40,23,26,13,14,9,16,13,14,0.49,0.54,placement_fail,grasp_fail
goal_task vs goal_swap,goal_task,goal_swap,2,2,True,False,34,1,21,0,7,0,12,0,7,0,0.5,0.0,success,perception_loop
goal_task vs goal_swap,goal_task,goal_swap,2,3,False,False,40,29,33,17,12,6,12,8,12,6,0.6,0.53,placement_fail,early_stop
goal_task vs goal_swap,goal_task,goal_swap,2,4,False,False,40,26,22,19,8,4,9,16,8,3,0.52,0.58,grasp_fail,early_stop
goal_task vs goal_swap,goal_task,goal_swap,2,5,False,False,40,29,27,19,9,3,6,14,9,2,0.54,0.59,placement_fail,early_stop
goal_task vs goal_swap,goal_task,goal_swap,2,6,True,False,32,17,16,13,7,0,5,12,7,0,0.47,0.54,success,perception_loop
goal_task vs goal_swap,goal_task,goal_swap,2,7,False,False,40,25,23,14,11,3,6,9,11,2,0.49,0.48,placement_fail,early_stop
goal_task vs goal_swap,goal_task,goal_swap,2,8,False,False,40,22,24,12,7,3,13,7,7,2,0.57,0.46,placement_fail,early_stop
goal_task vs goal_swap,goal_task,goal_swap,2,9,False,True,40,37,25,23,7,7,8,12,7,6,0.54,0.53,placement_fail,success
goal_task vs goal_swap,goal_task,goal_swap,2,10,True,True,26,37,10,15,7,9,4,9,7,9,0.34,0.38,success,success
goal_task vs goal_swap,goal_task,goal_swap,3,0,False,False,100,2,47,2,39,0,7,2,39,0,0.44,0.67,placement_fail,perception_loop
goal_task vs goal_swap,goal_task,goal_swap,4,0,True,True,51,34,34,18,8,7,13,7,7,7,0.64,0.4,success,success
goal_task vs goal_swap,goal_task,goal_swap,4,1,False,True,40,30,27,15,5,7,19,8,5,7,0.63,0.44,grasp_fail,success
goal_task vs goal_swap,goal_task,goal_swap,4,2,True,True,30,31,16,15,5,6,13,7,5,6,0.46,0.45,success,success
goal_task vs goal_swap,goal_task,goal_swap,4,3,True,False,36,40,19,20,6,14,12,5,6,14,0.47,0.44,success,grasp_fail
goal_task vs goal_swap,goal_task,goal_swap,4,4,False,True,40,30,24,14,6,7,10,8,6,7,0.55,0.4,grasp_fail,success
goal_task vs goal_swap,goal_task,goal_swap,4,5,True,True,38,32,19,16,8,6,6,9,8,6,0.47,0.47,success,success
goal_task vs goal_swap,goal_task,goal_swap,4,6,False,True,40,38,27,17,5,8,10,10,5,8,0.54,0.4,grasp_fail,success
goal_task vs goal_swap,goal_task,goal_swap,4,7,False,True,40,32,23,16,15,7,8,11,15,7,0.52,0.42,grasp_fail,success
goal_task vs goal_swap,goal_task,goal_swap,4,8,False,True,40,27,23,12,8,7,14,5,8,7,0.53,0.36,grasp_fail,success
goal_task vs goal_swap,goal_task,goal_swap,4,9,False,True,40,30,40,13,16,7,16,6,16,7,0.68,0.38,grasp_fail,success
goal_task vs goal_swap,goal_task,goal_swap,4,10,True,True,37,40,20,20,7,17,12,7,7,16,0.49,0.43,success,success
goal_task vs goal_swap,goal_task,goal_swap,5,0,True,False,33,2,17,1,5,0,8,1,5,0,0.49,0.17,success,perception_loop
goal_task vs goal_swap,goal_task,goal_swap,6,0,False,True,44,41,24,16,10,11,7,4,10,11,0.52,0.37,grasp_fail,success
goal_task vs goal_swap,goal_task,goal_swap,7,0,True,True,16,18,9,7,1,2,4,2,1,2,0.41,0.33,success,success
goal_task vs goal_swap,goal_task,goal_swap,7,1,True,True,19,19,7,8,2,2,4,4,2,2,0.3,0.35,success,success
goal_task vs goal_swap,goal_task,goal_swap,7,2,True,True,18,20,10,7,1,2,6,2,1,2,0.4,0.29,success,success
goal_task vs goal_swap,goal_task,goal_swap,7,3,True,True,19,14,6,7,1,2,5,3,1,2,0.27,0.39,success,success
goal_task vs goal_swap,goal_task,goal_swap,7,4,True,True,18,21,7,8,1,2,4,4,1,2,0.33,0.33,success,success
goal_task vs goal_swap,goal_task,goal_swap,7,5,True,True,19,18,7,8,1,2,5,4,1,2,0.32,0.4,success,success
goal_task vs goal_swap,goal_task,goal_swap,7,6,True,True,17,18,8,9,1,2,6,5,1,2,0.36,0.36,success,success
goal_task vs goal_swap,goal_task,goal_swap,7,7,True,True,17,21,7,10,1,2,4,5,1,2,0.3,0.37,success,success
goal_task vs goal_swap,goal_task,goal_swap,7,8,True,True,17,17,7,10,1,2,4,5,1,2,0.32,0.45,success,success
goal_task vs goal_swap,goal_task,goal_swap,7,9,True,True,14,19,6,10,1,2,2,7,1,2,0.32,0.4,success,success
goal_task vs goal_swap,goal_task,goal_swap,7,10,True,True,16,19,7,9,1,2,6,4,1,2,0.33,0.36,success,success
goal_task vs goal_swap,goal_task,goal_swap,8,0,True,True,31,45,23,20,6,19,11,6,6,19,0.56,0.36,success,success
goal_task vs goal_swap,goal_task,goal_swap,8,1,True,False,40,40,22,23,15,14,12,7,14,14,0.45,0.52,success,placement_fail
goal_task vs goal_swap,goal_task,goal_swap,8,2,False,False,40,40,25,16,7,15,8,6,7,15,0.6,0.36,grasp_fail,placement_fail
goal_task vs goal_swap,goal_task,goal_swap,8,3,True,True,36,37,21,15,7,11,7,5,7,11,0.5,0.38,success,success
goal_task vs goal_swap,goal_task,goal_swap,8,4,False,True,40,23,24,14,8,6,7,5,8,6,0.57,0.52,grasp_fail,success
goal_task vs goal_swap,goal_task,goal_swap,8,5,True,False,28,40,13,22,6,11,10,6,6,11,0.41,0.52,success,placement_fail
goal_task vs goal_swap,goal_task,goal_swap,8,6,True,True,35,35,19,13,9,11,8,5,9,11,0.49,0.31,success,success
goal_task vs goal_swap,goal_task,goal_swap,8,7,False,False,40,40,27,18,8,16,12,4,8,16,0.56,0.43,grasp_fail,placement_fail
goal_task vs goal_swap,goal_task,goal_swap,8,8,True,False,39,40,23,20,9,14,14,5,9,14,0.5,0.47,success,placement_fail
goal_task vs goal_swap,goal_task,goal_swap,8,9,True,False,31,40,15,34,6,11,10,6,6,11,0.42,0.55,success,placement_fail
goal_task vs goal_swap,goal_task,goal_swap,8,10,True,True,29,40,18,17,7,14,10,5,7,14,0.55,0.4,success,success
goal_task vs goal_swap,goal_task,goal_swap,9,0,True,False,45,12,23,4,12,0,13,3,12,0,0.4,0.2,success,perception_loop
goal_task vs goal_swap,goal_task,goal_swap,9,1,True,False,40,40,21,22,9,9,9,11,9,9,0.5,0.52,success,grasp_fail
goal_task vs goal_swap,goal_task,goal_swap,9,2,False,False,40,40,28,25,6,8,22,8,6,8,0.61,0.54,placement_fail,grasp_fail
goal_task vs goal_swap,goal_task,goal_swap,9,3,True,False,38,40,18,23,9,5,10,17,9,5,0.44,0.55,success,placement_fail
goal_task vs goal_swap,goal_task,goal_swap,9,4,True,False,37,40,17,28,10,8,7,13,10,8,0.44,0.58,success,grasp_fail
goal_task vs goal_swap,goal_task,goal_swap,9,5,True,True,33,24,14,11,9,2,8,8,9,2,0.4,0.41,success,success
goal_task vs goal_swap,goal_task,goal_swap,9,6,True,False,33,40,16,29,10,14,7,18,10,14,0.41,0.62,success,placement_fail
goal_task vs goal_swap,goal_task,goal_swap,9,7,False,False,40,40,24,25,7,7,19,10,7,7,0.57,0.53,placement_fail,grasp_fail
goal_task vs goal_swap,goal_task,goal_swap,9,8,True,False,40,34,18,17,11,9,9,7,11,9,0.43,0.47,success,early_stop
goal_task vs goal_swap,goal_task,goal_swap,9,9,False,False,40,40,24,20,7,12,11,11,7,12,0.57,0.48,placement_fail,placement_fail
goal_task vs goal_swap,goal_task,goal_swap,9,10,False,False,40,40,25,20,6,12,17,6,6,11,0.6,0.47,placement_fail,placement_fail
